EmployeeID,FullName,Age,Gender,Department,JobRole,MonthlyIncome,HireDate,TerminationDate,YearsAtCompany,Attrition,EnvironmentSatisfaction,JobInvolvement,JobSatisfaction,RelationshipSatisfaction,WorkLifeBalance
E-1793,Maria Cooke,45,Male,Engineering,Support Engineer,6970.0,2023-03-23,,3,No,3.0,2.0,3.0,2.0,2.0
E-2357,Kristine Carrillo,36,Female,Sales,Sales Development Rep,5420.0,2021-09-13,,5,No,3.0,3.0,2.0,2.0,3.0
E-2132,Mariah Robles,41,Male,Sales,Account Executive,6150.0,2010-12-23,,15,No,2.0,2.0,3.0,3.0,2.0
E-2135,Rebekah Gregory,40,Male,Sales,Account Executive,5610.0,2022-11-13,,3,No,3.0,4.0,4.0,3.0,3.0
E-2074,David Stokes,19,Male,Sales,Account Executive,6160.0,2020-06-13,,6,No,3.0,4.0,4.0,3.0,2.0
E-1949,Robert Stark,62,Female,Engineering,Engineering Lead,5410.0,2024-12-11,2025-12-20,1,Yes,2.0,3.0,3.0,3.0,3.0
E-2211,Mary Henry,43,Male,Sales,Account Executive,4280.0,2024-02-13,,2,No,2.0,2.0,3.0,3.0,2.0
E-1920,Samantha Terry,47,Female,Engineering,Engineering Lead,7110.0,2026-02-16,2026-03-18,0,Yes,3.0,2.0,3.0,3.0,3.0
E-1868,Michael Miller,57,Male,Engineering,Support Engineer,8610.0,2020-08-22,,6,No,4.0,3.0,3.0,3.0,3.0
E-2270,Amanda Perkins,32,Female,Sales,Account Executive,7880.0,2021-04-26,,5,No,2.0,2.0,3.0,3.0,3.0
E-2289,Jamie Solomon,65,Male,Sales,Account Executive,6070.0,2024-11-03,,1,No,2.0,2.0,3.0,3.0,3.0
E-1821,Debra Perry,22,Male,Engineering,Support Engineer,8270.0,2010-11-13,,15,No,2.0,2.0,3.0,3.0,3.0
E-1072,Whitney Peters,40,Male,Engineering,Software Engineer,7490.0,2023-12-15,,2,No,3.0,3.0,3.0,3.0,2.0
E-1742,Manuel Brock,35,Female,Engineering,Support Engineer,,2026-02-05,,0,No,3.0,2.0,3.0,3.0,2.0
E-2111,Mary Nelson,35,Female,Sales,Account Executive,6090.0,2021-10-24,,4,No,2.0,3.0,3.0,3.0,3.0
E-1914,Emily Nelson,32,Male,Engineering,Engineering Lead,7640.0,2023-08-03,,3,No,,4.0,3.0,3.0,4.0
E-1320,Connie Brown,49,Male,Engineering,Software Engineer,5720.0,2018-10-01,,7,No,1.0,3.0,3.0,3.0,2.0
E-1046,Philip Cannon,47,Female,Human Resources,HR Partner,4290.0,2023-06-10,,3,No,3.0,2.0,2.0,3.0,3.0
E-1926,Brenda Smith,43,Male,Engineering,Engineering Lead,6380.0,2022-08-16,,4,No,3.0,2.0,3.0,2.0,3.0
E-2322,Colin Fletcher,57,Male,Sales,Account Executive,6950.0,2016-03-19,,10,No,2.0,2.0,3.0,3.0,2.0
E-1575,Daniel Nguyen,36,Male,Engineering,QA Analyst,7490.0,2023-04-26,2026-03-05,3,Yes,3.0,2.0,2.0,2.0,2.0
E-1440,Jason Rhodes,41,Male,Engineering,QA Analyst,6610.0,2016-04-02,,10,No,3.0,2.0,3.0,1.0,3.0
E-1790,Clayton Steele,41,Male,Engineering,Support Engineer,6790.0,2016-02-16,,10,No,4.0,2.0,2.0,2.0,
E-2262,David Walker,23,Male,Sales,Account Executive,5800.0,2018-09-23,,7,No,2.0,3.0,3.0,3.0,3.0
E-1216,Anthony Everett,60,Female,Engineering,Software Engineer,5720.0,2023-07-29,,3,No,3.0,2.0,3.0,3.0,2.0
E-2071,Susan Powers,44,Female,Sales,Account Executive,7720.0,2020-12-30,,5,No,3.0,3.0,2.0,3.0,3.0
E-1266,Joshua Reed,47,Male,Engineering,Software Engineer,6380.0,2019-01-24,,7,No,3.0,3.0,3.0,3.0,3.0
E-1285,Stephanie Williams,44,Male,Engineering,Software Engineer,6150.0,2022-10-25,2025-09-03,3,Yes,3.0,3.0,3.0,3.0,2.0
E-1074,Lauren Daniels,30,Male,Engineering,Software Engineer,6680.0,2008-07-14,,18,No,2.0,3.0,3.0,3.0,
E-1867,Lori Mason,42,Male,Engineering,Support Engineer,6090.0,2021-09-08,,5,No,3.0,3.0,3.0,3.0,3.0
E-1315,Richard Smith,44,Male,Engineering,Software Engineer,7340.0,2021-10-15,,4,No,4.0,3.0,3.0,2.0,3.0
E-1740,Linda Gonzalez,37,Male,Engineering,Data Engineer,5680.0,2017-01-18,,9,No,3.0,3.0,4.0,4.0,3.0
E-1050,Eric Carney,31,Female,Human Resources,HR Manager,7580.0,2021-10-24,,4,No,4.0,3.0,3.0,3.0,3.0
E-1069,James Brown,45,Female,Engineering,Software Engineer,7680.0,2013-10-16,,12,No,4.0,3.0,2.0,3.0,4.0
E-1288,Carolyn Miller,51,Male,Engineering,Software Engineer,,2017-05-11,,9,No,2.0,3.0,3.0,3.0,2.0
E-1001,Allison Hill,39,Male,Human Resources,HR Partner,4130.0,2019-07-03,2026-06-06,7,Yes,2.0,4.0,3.0,3.0,3.0
E-2131,James Jefferson,56,Female,Sales,Account Executive,7120.0,2026-04-01,,0,No,3.0,3.0,3.0,3.0,3.0
E-1370,Sabrina Austin,40,Male,Engineering,QA Analyst,6250.0,2021-07-19,2026-06-10,5,Yes,4.0,2.0,2.0,2.0,2.0
E-2404,Laura Sweeney,36,Female,Sales,Sales Development Rep,5480.0,2008-10-10,,17,No,3.0,3.0,3.0,3.0,3.0
E-2411,Mercedes Miller,28,Female,Sales,Sales Development Rep,5700.0,2021-07-13,,5,No,3.0,2.0,2.0,3.0,3.0
E-1601,Casey Gillespie,47,Female,Engineering,Data Engineer,8250.0,2022-10-15,,3,No,2.0,3.0,3.0,3.0,3.0
E-1606,Todd Rosales Md,56,Male,Engineering,Data Engineer,8240.0,2023-08-14,,3,No,3.0,3.0,2.0,2.0,3.0
E-1268,Colin Terry,32,Male,Engineering,Software Engineer,5500.0,2021-08-16,2026-07-29,5,Yes,2.0,3.0,3.0,2.0,2.0
E-1401,Robin Young,36,Male,Engineering,QA Analyst,7610.0,2019-03-20,,7,No,3.0,3.0,2.0,2.0,2.0
E-2168,Michelle Rodriguez,43,Male,Sales,Account Executive,7380.0,2021-08-11,,5,No,2.0,3.0,3.0,3.0,3.0
E-1874,Amy Miller,37,Female,Engineering,Engineering Lead,8250.0,2015-11-05,,10,No,,3.0,2.0,3.0,3.0
E-1020,Carla Gray,40,Female,Human Resources,HR Partner,4660.0,2021-06-16,,5,No,2.0,2.0,2.0,3.0,3.0
E-1862,Bonnie Valencia,52,Female,Engineering,Support Engineer,7470.0,2014-08-09,,12,No,2.0,2.0,2.0,4.0,4.0
E-1532,Mark Jimenez,34,Female,Engineering,QA Analyst,6840.0,2021-03-25,,5,No,2.0,,3.0,2.0,3.0
E-1166,John Anderson,41,Female,Engineering,Software Engineer,6110.0,2018-10-17,,7,No,,2.0,2.0,3.0,3.0
E-2173,Mr. Thomas Thompson,42,Female,Sales,Account Executive,6560.0,2022-06-25,,4,No,1.0,3.0,3.0,3.0,2.0
E-1414,Joanna Pacheco,39,Male,Engineering,QA Analyst,7270.0,2019-05-01,,7,No,2.0,3.0,4.0,1.0,2.0
E-1534,Dr. Michael Evans,21,Female,Engineering,QA Analyst,5460.0,2016-07-08,,10,No,2.0,4.0,2.0,2.0,2.0
E-1910,Casey Wilkins,48,Female,Engineering,Engineering Lead,7520.0,2024-03-12,,2,No,3.0,3.0,2.0,2.0,4.0
E-1608,David Lopez,20,Male,Engineering,Data Engineer,6340.0,2023-09-17,,3,No,3.0,2.0,2.0,2.0,2.0
E-1818,Beth Cline,37,Male,Engineering,Support Engineer,6720.0,2022-11-27,,3,No,3.0,2.0,3.0,2.0,2.0
E-2112,Breanna Rivas,36,Male,Sales,Account Executive,5640.0,2023-06-25,,3,No,2.0,2.0,3.0,2.0,2.0
E-1438,Christopher Guerra,27,Female,Engineering,QA Analyst,8020.0,2019-01-20,,7,No,3.0,3.0,2.0,3.0,3.0
E-1722,Raymond Johnson,30,Female,Engineering,Data Engineer,8900.0,2017-01-27,,9,No,3.0,2.0,2.0,3.0,3.0
E-1830,Kenneth Knight,49,Female,Engineering,Support Engineer,5510.0,2023-03-27,,3,No,3.0,2.0,3.0,3.0,3.0
E-1707,Adam Jackson,37,Male,Engineering,Data Engineer,7940.0,2021-08-11,,5,No,3.0,2.0,3.0,3.0,3.0
E-1332,Colton Martinez,65,Male,Engineering,Software Engineer,7070.0,2011-11-23,,14,No,2.0,2.0,3.0,3.0,3.0
E-2146,Kristin Huerta,38,Female,Sales,Account Executive,6480.0,2018-12-04,,7,No,2.0,2.0,2.0,3.0,3.0
E-1931,Jill Anderson,30,Female,Engineering,Engineering Lead,7100.0,2015-03-28,,11,No,3.0,3.0,2.0,2.0,4.0
E-1628,Laura Hernandez,43,Female,Engineering,Data Engineer,6510.0,2023-02-06,,3,No,3.0,2.0,3.0,3.0,3.0
E-2261,Eugene Patterson,35,Female,Sales,Account Executive,5950.0,2024-07-27,,2,No,,2.0,1.0,4.0,2.0
E-1209,Dr. William Warren,19,Male,Engineering,Software Engineer,8050.0,2021-11-08,,4,No,2.0,2.0,2.0,3.0,2.0
E-1435,Ashley Wise,32,Female,Engineering,QA Analyst,6390.0,2017-07-27,,9,No,,3.0,3.0,3.0,2.0
E-1146,Joyce Solis,51,Male,Engineering,Software Engineer,6710.0,2023-08-25,,3,No,3.0,2.0,3.0,2.0,3.0
E-1260,Mrs. Kristen Reyes,18,Male,Engineering,Software Engineer,7440.0,2025-02-05,,1,No,3.0,3.0,2.0,2.0,3.0
E-1010,Ryan Munoz,63,Male,Human Resources,HR Partner,5370.0,2006-03-03,,20,No,2.0,2.0,2.0,3.0,3.0
E-1261,Katie Suarez,33,Female,Engineering,Software Engineer,8860.0,2019-02-28,,7,No,3.0,3.0,3.0,3.0,3.0
E-2182,Christina Weber,41,Female,Sales,Account Executive,4940.0,2015-08-16,,11,No,2.0,3.0,3.0,1.0,2.0
E-1568,Lauren Jackson,51,Male,Engineering,QA Analyst,7570.0,2018-07-28,,8,No,3.0,2.0,2.0,3.0,2.0
E-1749,Jenna Wilson,26,Female,Engineering,Support Engineer,6300.0,2025-03-08,,1,No,3.0,2.0,3.0,3.0,3.0
E-1894,Cassie Brock,41,Female,Engineering,Engineering Lead,6390.0,2024-01-20,,2,No,3.0,3.0,2.0,2.0,3.0
E-2379,William Wolfe,60,Male,Sales,Sales Development Rep,6020.0,2021-07-23,,5,No,3.0,2.0,3.0,1.0,
E-1510,Michelle Ho,47,Male,Engineering,QA Analyst,5490.0,2024-03-12,,2,No,2.0,3.0,2.0,3.0,4.0
E-2389,Charles Haley,26,Male,Sales,Sales Development Rep,6520.0,2018-08-01,,8,No,3.0,1.0,3.0,2.0,3.0
E-1449,Ryan Rosales,34,Female,Engineering,QA Analyst,6960.0,2018-07-17,,8,No,2.0,3.0,2.0,2.0,3.0
E-2010,Blake Orr,38,Female,Engineering,Engineering Manager,5230.0,2023-06-21,,3,No,3.0,4.0,4.0,3.0,3.0
E-1242,Matthew Moon,57,Female,Engineering,Software Engineer,5640.0,2013-04-13,,13,No,3.0,4.0,2.0,2.0,2.0
E-1194,Angelica Keith,26,Female,Engineering,Software Engineer,4210.0,2024-06-29,,2,No,3.0,2.0,2.0,3.0,2.0
E-2172,Mr. Anthony Mcconnell Phd,53,Male,Sales,Account Executive,5740.0,2026-05-14,2026-06-29,0,Yes,3.0,3.0,3.0,3.0,3.0
E-2481,Russell Anderson,64,Female,Sales,Sales Manager,,2022-01-20,,4,No,3.0,3.0,3.0,2.0,2.0
E-1988,Nicholas Payne,48,Female,Engineering,Engineering Manager,5860.0,2023-07-19,2026-07-06,3,Yes,3.0,3.0,1.0,3.0,
E-1980,David Rodriguez,35,Male,Engineering,Engineering Manager,6520.0,2020-01-24,,6,No,3.0,2.0,3.0,3.0,2.0
E-1956,William Keith,23,Male,Engineering,Engineering Manager,8150.0,2021-03-25,,5,No,3.0,4.0,3.0,3.0,2.0
E-1141,Cheyenne Horton,39,Female,Engineering,Software Engineer,7890.0,2019-10-06,,6,No,3.0,4.0,4.0,1.0,2.0
E-1173,Joshua Cooke,59,Female,Engineering,Software Engineer,6380.0,2020-04-15,,6,No,4.0,3.0,2.0,3.0,3.0
E-2170,Patricia Hayes,55,Female,Sales,Account Executive,4350.0,2020-12-15,,5,No,3.0,3.0,3.0,4.0,3.0
E-1064,Donald Wright,62,Female,Engineering,Software Engineer,7150.0,2017-02-20,,9,No,3.0,3.0,3.0,3.0,3.0
E-2076,Brandon Kelly,37,Female,Sales,Account Executive,4820.0,2019-04-08,,7,No,2.0,3.0,3.0,2.0,3.0
E-1725,Mary Miller,25,Male,Engineering,Data Engineer,7050.0,2025-10-20,2025-11-19,0,Yes,3.0,2.0,2.0,3.0,3.0
E-2143,Joseph Haynes,45,Male,Sales,Account Executive,5280.0,2021-11-05,,4,No,2.0,2.0,3.0,3.0,2.0
E-1537,Morgan Valencia,54,Female,Engineering,QA Analyst,7760.0,2021-04-04,,5,No,2.0,4.0,3.0,3.0,3.0
E-1024,Tommy Walter,44,Female,Human Resources,HR Partner,4970.0,2014-05-08,,12,No,2.0,2.0,3.0,2.0,4.0
E-1068,Carol Tucker,36,Male,Engineering,Software Engineer,7870.0,2026-01-29,,0,No,3.0,3.0,3.0,3.0,3.0
E-1789,Cesar Wilson,51,Male,Engineering,Support Engineer,7310.0,2023-01-14,,3,No,3.0,3.0,2.0,4.0,3.0
E-2318,Kevin Figueroa,29,Female,Sales,Account Executive,5590.0,2018-09-23,,7,No,3.0,2.0,3.0,2.0,3.0
E-1617,Bryan Parker,32,Female,Engineering,Data Engineer,4740.0,2026-08-10,2026-09-14,0,Yes,2.0,3.0,2.0,2.0,3.0
E-1011,Monica Herrera,35,Female,Human Resources,HR Partner,5600.0,2005-10-04,,20,No,3.0,2.0,2.0,1.0,3.0
E-2365,Karen Gomez,31,Male,Sales,Sales Development Rep,5200.0,2026-07-09,2026-08-08,0,Yes,3.0,3.0,3.0,2.0,3.0
E-2052,Alexa Buck,50,Female,Sales,Account Executive,6850.0,2019-12-18,,6,No,,3.0,3.0,2.0,2.0
E-1573,Reginald Knapp,41,Female,Engineering,QA Analyst,6030.0,2011-08-18,,15,No,3.0,2.0,2.0,3.0,3.0
E-2183,Gregory Chambers,41,Male,Sales,Account Executive,7350.0,2010-12-24,,15,No,3.0,2.0,2.0,2.0,3.0
E-1218,Mark Brown,36,Female,Engineering,Software Engineer,6470.0,2015-12-10,,10,No,2.0,2.0,3.0,3.0,3.0
E-2094,Michael Sims,27,Male,Sales,Account Executive,6170.0,2017-12-30,,8,No,2.0,3.0,4.0,3.0,2.0
E-1326,Patrick Moore,31,Female,Engineering,Software Engineer,7040.0,2021-10-15,,4,No,3.0,4.0,3.0,3.0,2.0
E-1834,Tyler Harris,47,Male,Engineering,Support Engineer,5410.0,2017-08-16,,9,No,2.0,2.0,2.0,1.0,2.0
E-1572,Christian Vaughn,29,Female,Engineering,QA Analyst,7460.0,2024-01-07,,2,No,4.0,2.0,3.0,2.0,2.0
E-2029,Patrick Mccall,63,Male,Sales,Account Executive,5780.0,2023-11-22,2025-10-20,2,Yes,3.0,2.0,3.0,3.0,3.0
E-1448,Shelly Spencer,19,Male,Engineering,QA Analyst,5600.0,2020-08-04,2026-08-30,6,Yes,3.0,3.0,3.0,3.0,3.0
E-1852,Paul Lawrence,21,Female,Engineering,Support Engineer,6720.0,2021-12-19,,4,No,3.0,4.0,3.0,3.0,2.0
E-1088,Christopher Bass,46,Male,Engineering,Software Engineer,,2019-12-24,,6,No,3.0,3.0,3.0,3.0,3.0
E-1932,Sandra Rivera,37,Female,Engineering,Engineering Lead,7240.0,2020-11-03,,5,No,3.0,3.0,2.0,2.0,3.0
E-1377,Glen Wood,54,Male,Engineering,QA Analyst,7530.0,2025-08-21,,1,No,2.0,3.0,3.0,4.0,2.0
E-1522,Christopher Morris,30,Male,Engineering,QA Analyst,6630.0,2019-12-14,,6,No,3.0,3.0,3.0,3.0,3.0
E-1400,Hannah Luna,51,Female,Engineering,QA Analyst,7950.0,2019-03-19,,7,No,4.0,3.0,3.0,2.0,2.0
E-1620,Elizabeth Mendez,27,Female,Engineering,Data Engineer,5130.0,2023-05-31,,3,No,2.0,3.0,2.0,3.0,4.0
E-1648,Molly Rodriguez,49,Male,Engineering,Data Engineer,7540.0,2020-04-08,,6,No,3.0,2.0,2.0,3.0,3.0
E-1351,Ana Hill,46,Male,Engineering,QA Analyst,,2020-08-23,,6,No,2.0,4.0,3.0,3.0,3.0
E-2395,Joanna Cook,39,Female,Sales,Sales Development Rep,5350.0,2025-09-03,,1,No,2.0,2.0,3.0,3.0,3.0
E-1348,Victor Brown,24,Female,Engineering,QA Analyst,6420.0,2023-07-15,2026-06-25,3,Yes,2.0,2.0,2.0,3.0,2.0
E-1644,Courtney Smith,51,Female,Engineering,Data Engineer,6300.0,2008-01-17,,18,No,2.0,2.0,3.0,1.0,2.0
E-2380,Michael Smith,33,Female,Sales,Sales Development Rep,6880.0,2022-04-14,,4,No,3.0,3.0,2.0,3.0,2.0
E-1918,Christine Parker,26,Male,Engineering,Engineering Lead,7830.0,2021-11-15,,4,No,4.0,3.0,3.0,3.0,3.0
E-1229,Michael Bradshaw,41,Male,Engineering,Software Engineer,5220.0,2023-01-06,,3,No,3.0,3.0,3.0,3.0,3.0
E-1306,Kevin Oconnor,24,Male,Engineering,Software Engineer,8800.0,2024-02-22,,2,No,2.0,3.0,2.0,,3.0
E-1870,Jorge Harris,36,Male,Engineering,Support Engineer,7630.0,2023-07-21,,3,No,2.0,3.0,2.0,3.0,3.0
E-1502,Brian Fitzgerald,41,Male,Engineering,QA Analyst,6690.0,2020-10-19,,5,No,3.0,2.0,3.0,3.0,3.0
E-2337,Charles Frost,30,Male,Sales,Account Executive,5930.0,2023-06-12,,3,No,3.0,2.0,3.0,3.0,3.0
E-2083,Brenda Gonzalez,28,Female,Sales,Account Executive,5680.0,2023-09-29,2025-09-12,2,Yes,3.0,4.0,2.0,2.0,3.0
E-2473,Edward Baker,55,Male,Sales,Sales Manager,6510.0,2025-07-03,,1,No,3.0,3.0,3.0,3.0,3.0
E-1812,Daniel Brown,44,Male,Engineering,Support Engineer,6990.0,2026-09-07,2026-08-28,0,Yes,3.0,4.0,4.0,3.0,2.0
E-1067,Tracy House,41,Male,Engineering,Software Engineer,4910.0,2024-04-16,,2,No,2.0,3.0,3.0,1.0,3.0
E-2225,Steven Lee,44,Female,Sales,Account Executive,7090.0,2024-06-19,,2,No,3.0,3.0,2.0,2.0,4.0
E-1029,Zachary Hicks,43,Female,Human Resources,HR Partner,4880.0,2016-11-20,2025-12-23,9,Yes,3.0,2.0,3.0,3.0,4.0
E-2233,Brandon Brown,32,Male,Sales,Account Executive,6160.0,2019-10-26,,6,No,3.0,2.0,3.0,2.0,3.0
E-1923,Megan Green,34,Female,Engineering,Engineering Lead,6700.0,2019-11-04,,6,No,2.0,2.0,3.0,3.0,3.0
E-1432,Jack White,30,Male,Engineering,QA Analyst,5550.0,2020-10-30,2025-10-11,5,Yes,1.0,4.0,4.0,3.0,
E-1040,Brittany Farmer,40,Male,Human Resources,HR Partner,4730.0,2020-10-11,2025-08-12,5,Yes,3.0,3.0,2.0,3.0,3.0
E-1826,Monica Ellis,38,Female,Engineering,Support Engineer,6440.0,2024-12-17,2025-12-02,1,Yes,3.0,3.0,3.0,2.0,4.0
E-1272,Veronica Simpson,20,Female,Engineering,Software Engineer,7450.0,2021-04-25,,5,No,3.0,2.0,3.0,3.0,2.0
E-1121,Larry Dixon,35,Female,Engineering,Software Engineer,6720.0,2026-04-10,,0,No,3.0,2.0,3.0,2.0,2.0
E-1797,Tracey Wagner,24,Female,Engineering,Support Engineer,5890.0,2014-05-17,2026-06-13,12,Yes,3.0,2.0,2.0,3.0,2.0
E-1073,Brittney Phillips,65,Female,Engineering,Software Engineer,8190.0,2025-11-30,2025-12-30,0,Yes,2.0,3.0,3.0,3.0,2.0
E-1013,Lisa Hensley,24,Female,Human Resources,HR Partner,4960.0,2023-02-05,,3,No,3.0,3.0,4.0,3.0,3.0
E-1427,Jenna Larson,35,Female,Engineering,QA Analyst,4590.0,2024-08-07,2026-09-16,2,Yes,3.0,2.0,2.0,2.0,2.0
E-2027,Lee Steele,30,Male,Sales,Account Executive,5980.0,2023-11-22,2025-12-01,2,Yes,2.0,2.0,4.0,2.0,3.0
E-2108,Jennifer James,35,Female,Sales,Account Executive,7160.0,2022-10-30,2025-12-28,3,Yes,3.0,3.0,3.0,3.0,3.0
E-1898,Elizabeth Dean,56,Female,Engineering,Engineering Lead,6930.0,2023-05-20,,3,No,3.0,3.0,3.0,3.0,
E-2053,Lindsay Smith,24,Male,Sales,Account Executive,3910.0,2018-10-20,2025-09-26,7,Yes,2.0,3.0,3.0,3.0,3.0
E-1453,Alexander Brown,20,Female,Engineering,QA Analyst,7150.0,2022-03-20,,4,No,2.0,2.0,2.0,3.0,3.0
E-1221,Courtney Mills,26,Male,Engineering,Software Engineer,7880.0,2023-07-22,,3,No,3.0,2.0,2.0,3.0,3.0
E-2445,Mrs. Raven Rivera Dvm,37,Female,Sales,Sales Development Rep,5560.0,2014-05-12,,12,No,3.0,4.0,2.0,3.0,3.0
E-2334,James Morgan,42,Male,Sales,Account Executive,5200.0,2021-03-25,,5,No,3.0,3.0,3.0,2.0,3.0
E-1127,Michelle Evans,32,Male,Engineering,Software Engineer,,2017-06-18,,9,No,2.0,2.0,3.0,4.0,2.0
E-2359,Kevin Johnson,53,Male,Sales,Sales Development Rep,4960.0,2020-08-12,2026-08-23,6,Yes,3.0,2.0,3.0,2.0,3.0
E-1017,Holly Wood,42,Female,Human Resources,HR Partner,5820.0,2022-08-06,,4,No,3.0,2.0,2.0,2.0,3.0
E-1106,Marc Moore,44,Female,Engineering,Software Engineer,5530.0,2026-08-07,,0,No,3.0,3.0,3.0,2.0,1.0
E-2149,John Allen,53,Female,Sales,Account Executive,4500.0,2023-10-27,,2,No,3.0,2.0,3.0,2.0,4.0
E-2432,Justin Foster,19,Female,Sales,Sales Development Rep,6660.0,2026-08-13,2026-09-12,0,Yes,2.0,2.0,4.0,4.0,3.0
E-2279,Travis Hopkins,36,Male,Sales,Account Executive,7700.0,2026-08-29,,0,No,3.0,,3.0,3.0,3.0
E-1385,Aimee Turner,31,Female,Engineering,QA Analyst,6090.0,2020-07-28,,6,No,3.0,4.0,3.0,3.0,3.0
E-1132,Dustin Jordan,28,Male,Engineering,Software Engineer,4180.0,2024-06-08,2026-04-29,2,Yes,3.0,3.0,3.0,3.0,2.0
E-1204,Joseph Coleman,27,Female,Engineering,Software Engineer,7280.0,2026-02-22,,0,No,2.0,4.0,2.0,2.0,3.0
E-2405,Christopher Perez,22,Male,Sales,Sales Development Rep,5230.0,2025-03-12,2026-05-01,1,Yes,3.0,3.0,3.0,2.0,3.0
E-1486,Jonathan Glass Md,56,Male,Engineering,QA Analyst,6860.0,2018-04-09,,8,No,3.0,3.0,3.0,2.0,3.0
E-1157,Joshua Perry,30,Male,Engineering,Software Engineer,6610.0,2013-12-11,,12,No,4.0,3.0,3.0,3.0,4.0
E-2186,John Duncan,37,Male,Sales,Account Executive,5740.0,2024-11-13,,1,No,2.0,2.0,,2.0,3.0
E-1848,Joseph Smith,57,Male,Engineering,Support Engineer,6570.0,2023-12-15,,2,No,2.0,2.0,2.0,3.0,3.0
E-2205,Michael Lopez,37,Female,Sales,Account Executive,6870.0,2022-07-27,,4,No,3.0,2.0,3.0,3.0,3.0
E-1295,Ryan Gonzalez,40,Male,Engineering,Software Engineer,5800.0,2022-03-04,,4,No,,3.0,3.0,2.0,3.0
E-1398,Gary Jackson,29,Male,Engineering,QA Analyst,5450.0,2026-04-17,,0,No,2.0,3.0,3.0,3.0,2.0
E-1738,Arthur Hamilton Md,37,Male,Engineering,Data Engineer,7040.0,2025-03-17,,1,No,3.0,3.0,2.0,3.0,3.0
E-2248,Aaron Carlson,28,Female,Sales,Account Executive,5650.0,2023-01-28,,3,No,,2.0,3.0,3.0,3.0
E-1786,Laurie Bailey,35,Male,Engineering,Support Engineer,6430.0,2024-06-18,2026-04-20,2,Yes,3.0,3.0,3.0,3.0,1.0
E-1879,Michelle Jackson,22,Male,Engineering,Engineering Lead,7180.0,2022-03-09,,4,No,,2.0,3.0,3.0,2.0
E-1103,Rebecca Valencia,37,Female,Engineering,Software Engineer,8100.0,2023-09-25,,2,No,3.0,3.0,4.0,,3.0
E-2195,Sharon Newton,42,Female,Sales,Account Executive,6190.0,2006-03-07,,20,No,4.0,2.0,3.0,3.0,
E-2297,Alison Williams,36,Female,Sales,Account Executive,,2015-12-14,,10,No,3.0,2.0,2.0,2.0,4.0
E-1313,Shannon Ramsey,32,Male,Engineering,Software Engineer,8210.0,2022-02-05,,4,No,3.0,3.0,3.0,3.0,2.0
E-1732,Alexander Gomez,49,Male,Engineering,Data Engineer,8540.0,2023-11-28,,2,No,4.0,3.0,2.0,3.0,3.0
E-1672,Kristin Mendoza,29,Female,Engineering,Data Engineer,5620.0,2022-09-19,,4,No,2.0,2.0,3.0,3.0,3.0
E-1618,Jonathan Jacobson,27,Female,Engineering,Data Engineer,6090.0,2011-08-17,,15,No,2.0,3.0,2.0,3.0,
E-1378,Paula Bradley,61,Female,Engineering,QA Analyst,8420.0,2019-07-14,,7,No,2.0,2.0,3.0,4.0,3.0
E-1541,James Gilbert,41,Male,Engineering,QA Analyst,7780.0,2024-02-12,,2,No,,2.0,3.0,3.0,3.0
E-2397,Alejandro Martinez,40,Male,Sales,Sales Development Rep,6770.0,2022-08-18,2026-06-24,4,Yes,2.0,3.0,3.0,3.0,3.0
E-1421,George Harper,22,Male,Engineering,QA Analyst,6890.0,2025-05-05,2026-03-24,1,Yes,3.0,3.0,2.0,1.0,2.0
E-2453,Emily Morris,41,Female,Sales,Sales Manager,7290.0,2019-08-12,,7,No,4.0,2.0,3.0,4.0,3.0
E-2392,Elizabeth Hart,31,Female,Sales,Sales Development Rep,6220.0,2024-08-08,,2,No,3.0,2.0,2.0,3.0,2.0
E-1008,Gina Moore,53,Male,Human Resources,HR Partner,5740.0,2022-09-05,,4,No,,3.0,3.0,2.0,3.0
E-2038,Eric Hunter,37,Female,Sales,Account Executive,6320.0,2018-04-02,2026-02-14,8,Yes,4.0,2.0,3.0,2.0,3.0
E-1022,Patty Perez,38,Male,Human Resources,HR Partner,5390.0,2024-02-20,,2,No,3.0,3.0,2.0,3.0,2.0
E-2028,Steve Rivera,51,Female,Sales,Account Executive,4170.0,2019-08-20,,7,No,2.0,,3.0,4.0,2.0
E-2298,Candace Soto,44,Male,Sales,Account Executive,5430.0,2024-03-10,,2,No,2.0,2.0,3.0,2.0,3.0
E-2177,Pamela Hill,35,Female,Sales,Account Executive,6870.0,2018-02-03,,8,No,3.0,3.0,3.0,3.0,2.0
E-1731,Jerry Peters,29,Female,Engineering,Data Engineer,7720.0,2020-03-18,,6,No,2.0,2.0,3.0,2.0,
E-1391,Thomas Atkins,30,Female,Engineering,QA Analyst,7130.0,2023-01-07,,3,No,1.0,3.0,2.0,3.0,2.0
E-1603,Tammy Mcdowell,37,Male,Engineering,Data Engineer,7480.0,2020-12-11,,5,No,3.0,3.0,2.0,4.0,3.0
E-1355,Patricia Le,29,Female,Engineering,QA Analyst,5500.0,2011-05-31,,15,No,,3.0,3.0,4.0,2.0
E-1953,Renee Wolfe,32,Female,Engineering,Engineering Lead,5780.0,2017-12-02,,8,No,2.0,3.0,3.0,3.0,4.0
E-1287,Joseph Knight,41,Male,Engineering,Software Engineer,6940.0,2025-10-05,,0,No,4.0,3.0,3.0,2.0,3.0
E-1692,Pamela Gutierrez,38,Female,Engineering,Data Engineer,6620.0,2022-02-15,,4,No,4.0,2.0,2.0,2.0,3.0
E-1442,Joann Ferguson,56,Male,Engineering,QA Analyst,5090.0,2021-12-02,,4,No,2.0,2.0,3.0,2.0,3.0
E-2005,Mary Miller,27,Male,Engineering,Engineering Manager,5670.0,2024-06-11,,2,No,3.0,4.0,1.0,2.0,4.0
E-2430,Jeffrey Carter,33,Male,Sales,Sales Development Rep,7590.0,2014-11-22,,11,No,3.0,3.0,,2.0,3.0
E-1717,Steven Rivera,46,Female,Engineering,Data Engineer,3810.0,2023-09-09,,3,No,4.0,3.0,2.0,3.0,1.0
E-1504,Zachary Mitchell,47,Female,Engineering,QA Analyst,7210.0,2015-11-15,,10,No,3.0,4.0,2.0,2.0,2.0
E-1277,Wayne Morgan,26,Female,Engineering,Software Engineer,6210.0,2022-11-18,,3,No,3.0,2.0,3.0,4.0,2.0
E-1374,Sergio Knight,28,Female,Engineering,QA Analyst,5500.0,2025-09-22,2025-10-31,0,Yes,1.0,3.0,3.0,3.0,2.0
E-1700,Brent Hernandez,49,Female,Engineering,Data Engineer,7410.0,2024-03-07,,2,No,3.0,3.0,3.0,4.0,3.0
E-1842,Alexandra Dominguez,57,Female,Engineering,Support Engineer,4280.0,2021-06-22,2026-06-25,5,Yes,4.0,3.0,3.0,3.0,3.0
E-2406,Eddie Adams,32,Male,Sales,Sales Development Rep,6110.0,2024-05-31,2026-04-21,2,Yes,3.0,2.0,2.0,4.0,3.0
E-1259,Denise Davenport,48,Male,Engineering,Software Engineer,7870.0,2014-07-21,,12,No,3.0,3.0,2.0,3.0,3.0
E-2235,David Hughes,40,Male,Sales,Account Executive,7680.0,2016-11-16,,9,No,3.0,3.0,2.0,2.0,3.0
E-1994,Deborah Campbell,36,Male,Engineering,Engineering Manager,7260.0,2015-12-13,,10,No,3.0,2.0,2.0,4.0,4.0
E-1186,Dr. Hannah Patterson,42,Male,Engineering,Software Engineer,8470.0,2017-07-08,,9,No,3.0,3.0,3.0,3.0,3.0
E-1063,Connor West,34,Female,Engineering,Software Engineer,5440.0,2025-08-11,2026-06-25,1,Yes,3.0,3.0,3.0,3.0,3.0
E-1974,Tracy Walker,33,Male,Engineering,Engineering Manager,7310.0,2020-08-17,,6,No,3.0,1.0,3.0,3.0,3.0
E-1177,Michael Elliott,59,Male,Engineering,Software Engineer,6360.0,2017-07-18,,9,No,3.0,3.0,2.0,3.0,3.0
E-1474,Evelyn Williams,40,Female,Engineering,QA Analyst,7920.0,2018-07-20,,8,No,2.0,2.0,2.0,2.0,3.0
E-1430,Nancy Jennings,29,Male,Engineering,QA Analyst,7300.0,2018-02-05,,8,No,,2.0,2.0,2.0,3.0
E-1636,Zachary Michael,55,Male,Engineering,Data Engineer,8640.0,2023-12-17,,2,No,3.0,,3.0,3.0,2.0
E-2121,Misty Garcia,30,Male,Sales,Account Executive,6350.0,2019-09-22,,6,No,2.0,2.0,2.0,3.0,2.0
E-2283,Terry Ward,33,Female,Sales,Account Executive,6040.0,2025-06-18,2026-05-15,1,Yes,3.0,3.0,1.0,2.0,2.0
E-2407,Denise Wallace,19,Female,Sales,Sales Development Rep,6150.0,2015-06-20,,11,No,4.0,2.0,3.0,3.0,4.0
E-1817,Tamara Riddle,18,Male,Engineering,Support Engineer,5890.0,2022-09-23,2025-09-24,3,Yes,2.0,2.0,3.0,3.0,3.0
E-1688,Robert Jackson,23,Female,Engineering,Data Engineer,6350.0,2019-01-29,,7,No,3.0,3.0,3.0,3.0,2.0
E-2058,Brian Hunt,46,Female,Sales,Account Executive,6660.0,2020-06-16,,6,No,2.0,2.0,3.0,2.0,3.0
E-1162,Jennifer Adkins,36,Male,Engineering,Software Engineer,7000.0,2026-04-12,,0,No,2.0,2.0,,3.0,2.0
E-2487,Steve Miller Phd,32,Female,Sales,Sales Manager,4890.0,2019-02-26,,7,No,2.0,4.0,3.0,3.0,3.0
E-1149,Kathy Rivas,34,Female,Engineering,Software Engineer,7590.0,2026-04-05,,0,No,3.0,3.0,2.0,2.0,3.0
E-1077,Angela Lopez,65,Male,Engineering,Software Engineer,5950.0,2008-08-26,,18,No,2.0,3.0,3.0,3.0,4.0
E-1905,Ashley Moreno,34,Male,Engineering,Engineering Lead,7870.0,2020-07-05,,6,No,1.0,3.0,2.0,3.0,3.0
E-1433,Travis Tucker,37,Male,Engineering,QA Analyst,5760.0,2025-12-19,,0,No,2.0,3.0,2.0,2.0,2.0
E-1314,Tracy Ballard,50,Male,Engineering,Software Engineer,5410.0,2025-08-04,2026-06-07,1,Yes,3.0,1.0,4.0,2.0,3.0
E-2265,Ian Torres,29,Male,Sales,Account Executive,6200.0,2023-07-12,,3,No,4.0,3.0,2.0,2.0,3.0
E-2218,Samantha Zavala Md,36,Female,Sales,Account Executive,6590.0,2021-12-10,,4,No,,3.0,2.0,3.0,3.0
E-1472,Richard Cooper,41,Female,Engineering,QA Analyst,3660.0,2021-08-02,2026-06-06,5,Yes,3.0,3.0,4.0,2.0,3.0
E-1273,Jonathan Lawrence,21,Male,Engineering,Software Engineer,7210.0,2020-05-31,,6,No,3.0,3.0,1.0,2.0,3.0
E-1426,Gregory Ponce,41,Male,Engineering,QA Analyst,7420.0,2025-07-25,,1,No,3.0,3.0,4.0,3.0,3.0
E-1605,Mrs. Virginia Daniels,39,Female,Engineering,Data Engineer,5850.0,2013-09-23,,12,No,3.0,3.0,3.0,3.0,2.0
E-1976,Cynthia Haas,34,Male,Engineering,Engineering Manager,8470.0,2021-03-13,,5,No,3.0,2.0,3.0,3.0,2.0
E-2102,Darryl Acosta,56,Male,Sales,Account Executive,6180.0,2020-07-07,,6,No,3.0,2.0,2.0,2.0,3.0
E-1373,Ellen Morgan,28,Male,Engineering,QA Analyst,5950.0,2012-01-04,2026-01-31,14,Yes,3.0,3.0,3.0,2.0,3.0
E-1316,Jordan Chambers,56,Female,Engineering,Software Engineer,6320.0,2023-06-06,,3,No,3.0,3.0,3.0,2.0,3.0
E-1788,Elizabeth Mendez,19,Female,Engineering,Support Engineer,5990.0,2021-07-22,,5,No,2.0,3.0,2.0,2.0,3.0
E-1929,Lauren Green,44,Male,Engineering,Engineering Lead,,2022-07-12,,4,No,2.0,2.0,3.0,3.0,2.0
E-2258,Manuel Mccullough,46,Female,Sales,Account Executive,6780.0,2022-09-07,,4,No,2.0,3.0,3.0,3.0,2.0
E-1471,Veronica King,48,Female,Engineering,QA Analyst,,2026-05-08,,0,No,2.0,3.0,3.0,2.0,3.0
E-1079,Steve Sanchez,34,Male,Engineering,Software Engineer,7460.0,2025-04-25,2026-03-16,1,Yes,3.0,3.0,1.0,2.0,3.0
E-2483,Kenneth Huff,48,Male,Sales,Sales Manager,5850.0,2019-12-04,,6,No,3.0,2.0,3.0,3.0,2.0
E-1641,Michael Stanley,26,Male,Engineering,Data Engineer,6360.0,2021-11-02,,4,No,3.0,3.0,3.0,3.0,4.0
E-1881,Patricia Johnson,19,Male,Engineering,Engineering Lead,9270.0,2016-03-16,,10,No,3.0,,3.0,3.0,3.0
E-1739,Mr. David Wright,29,Male,Engineering,Data Engineer,7400.0,2021-07-03,,5,No,3.0,2.0,2.0,,3.0
E-1393,Brian Smith,37,Female,Engineering,QA Analyst,8620.0,2009-02-13,,17,No,2.0,2.0,3.0,3.0,3.0
E-1302,Heather Fields,37,Male,Engineering,Software Engineer,4680.0,2018-01-13,,8,No,3.0,2.0,3.0,3.0,2.0
E-1062,Gerald Hensley,41,Male,Engineering,Software Engineer,4980.0,2020-10-01,2025-11-12,5,Yes,3.0,4.0,2.0,3.0,4.0
E-1745,Travis Harris,29,Female,Engineering,Support Engineer,9770.0,2023-10-21,,2,No,2.0,2.0,2.0,3.0,2.0
E-1646,Kim Morrow,32,Female,Engineering,Data Engineer,6410.0,2020-06-11,,6,No,3.0,1.0,3.0,1.0,3.0
E-1714,Laurie Goodwin,56,Female,Engineering,Data Engineer,7200.0,2021-01-08,,5,No,3.0,3.0,4.0,3.0,2.0
E-2321,Diane Mcdowell,51,Male,Sales,Account Executive,,2019-02-13,2026-02-14,7,Yes,2.0,2.0,3.0,2.0,3.0
E-1049,Joshua Blair,37,Female,Human Resources,HR Manager,6480.0,2021-01-17,,5,No,3.0,3.0,3.0,3.0,3.0
E-1703,Karl Branch,45,Male,Engineering,Data Engineer,6310.0,2022-03-22,,4,No,3.0,2.0,3.0,3.0,3.0
E-1843,Virginia Henderson,33,Male,Engineering,Support Engineer,9330.0,2016-04-15,,10,No,2.0,3.0,3.0,2.0,2.0
E-2489,Jacob Erickson,38,Male,Sales,Sales Manager,5390.0,2020-11-29,,5,No,3.0,3.0,3.0,2.0,3.0
E-2156,Lisa Torres,34,Male,Sales,Account Executive,6200.0,2019-05-08,,7,No,3.0,2.0,3.0,2.0,2.0
E-1093,Denise Jacobs,20,Male,Engineering,Software Engineer,7390.0,2025-07-14,,1,No,3.0,4.0,3.0,2.0,1.0
E-1550,Pamela Diaz,31,Male,Engineering,QA Analyst,4420.0,2021-12-29,2025-12-26,4,Yes,3.0,3.0,2.0,2.0,4.0
E-1895,Dr. Andrea Marshall,45,Male,Engineering,Engineering Lead,6780.0,2026-08-19,,0,No,2.0,2.0,3.0,4.0,3.0
E-1498,James Bradley,49,Male,Engineering,QA Analyst,5410.0,2025-07-29,2026-08-12,1,Yes,1.0,3.0,2.0,3.0,3.0
E-1128,Jason Powell,50,Male,Engineering,Software Engineer,8130.0,2017-11-11,,8,No,3.0,3.0,2.0,3.0,2.0
E-1585,Jamie Baird,29,Female,Engineering,QA Analyst,7990.0,2021-04-29,,5,No,3.0,3.0,3.0,2.0,2.0
E-1451,Brittany Kim,41,Female,Engineering,QA Analyst,6770.0,2025-11-03,,0,No,2.0,3.0,3.0,3.0,2.0
E-1012,Jamie Arnold,24,Female,Human Resources,HR Partner,5220.0,2025-08-11,,1,No,3.0,3.0,,3.0,3.0
E-1101,Sandra Aguilar,29,Female,Engineering,Software Engineer,5310.0,2020-03-17,,6,No,3.0,4.0,2.0,3.0,2.0
E-1968,Melissa Mcfarland,32,Female,Engineering,Engineering Manager,8760.0,2017-10-16,,8,No,3.0,3.0,3.0,4.0,2.0
E-1979,Derek Wright,32,Male,Engineering,Engineering Manager,7750.0,2023-04-30,,3,No,3.0,2.0,3.0,3.0,3.0
E-1087,Shirley Suarez,41,Male,Engineering,Software Engineer,7640.0,2015-10-03,,10,No,3.0,3.0,3.0,3.0,3.0
E-1217,Rodney Morales,54,Female,Engineering,Software Engineer,6470.0,2024-08-09,,2,No,2.0,3.0,3.0,3.0,3.0
E-1743,George Ochoa,48,Female,Engineering,Support Engineer,5960.0,2021-04-17,2026-03-27,5,Yes,3.0,3.0,2.0,2.0,2.0
E-1468,William Jones,35,Female,Engineering,QA Analyst,7730.0,2026-01-16,,0,No,4.0,2.0,3.0,3.0,3.0
E-1193,Debra Christian,30,Male,Engineering,Software Engineer,4830.0,2019-09-22,,6,No,3.0,2.0,3.0,3.0,2.0
E-1419,Jeffrey Mills,45,Female,Engineering,QA Analyst,7620.0,2024-01-31,,2,No,3.0,4.0,2.0,3.0,3.0
E-1633,Robert Cummings,49,Male,Engineering,Data Engineer,,2024-09-09,,2,No,3.0,3.0,2.0,2.0,3.0
E-1335,Dana Martinez,21,Female,Engineering,Software Engineer,5450.0,2018-11-24,,7,No,3.0,4.0,,3.0,3.0
E-2383,John Austin,52,Male,Sales,Sales Development Rep,6870.0,2023-02-25,,3,No,3.0,4.0,1.0,2.0,4.0
E-2093,Frank Whitaker,32,Male,Sales,Account Executive,5890.0,2023-09-27,2025-10-04,2,Yes,3.0,3.0,3.0,2.0,3.0
E-1437,Ralph Anderson,29,Female,Engineering,QA Analyst,8670.0,2022-09-25,,3,No,4.0,3.0,3.0,2.0,2.0
E-1513,Allison Spencer,27,Male,Engineering,QA Analyst,7770.0,2020-11-11,,5,No,3.0,3.0,2.0,4.0,1.0
E-1760,Margaret Miller,27,Male,Engineering,Support Engineer,5110.0,2020-08-07,,6,No,3.0,2.0,2.0,2.0,2.0
E-1778,Cody Davidson,39,Female,Engineering,Support Engineer,7190.0,2020-01-24,,6,No,3.0,4.0,,3.0,3.0
E-1604,Keith Rodriguez,62,Male,Engineering,Data Engineer,7560.0,2021-08-14,,5,No,3.0,3.0,4.0,4.0,2.0
E-1580,David Grant,30,Female,Engineering,QA Analyst,6200.0,2019-03-26,,7,No,3.0,2.0,3.0,4.0,1.0
E-2327,Jacob Hill,33,Female,Sales,Account Executive,7260.0,2020-01-22,,6,No,2.0,3.0,3.0,3.0,3.0
E-2423,Kristy Mills,29,Male,Sales,Sales Development Rep,6720.0,2019-01-20,,7,No,3.0,3.0,3.0,2.0,3.0
E-1791,Jennifer Taylor,28,Male,Engineering,Support Engineer,7950.0,2012-04-24,,14,No,3.0,3.0,3.0,2.0,3.0
E-2267,Shannon Taylor,47,Male,Sales,Account Executive,6970.0,2014-08-07,,12,No,3.0,2.0,3.0,3.0,3.0
E-2345,Christopher Johnson,43,Female,Sales,Account Executive,5860.0,2022-02-15,,4,No,,3.0,3.0,3.0,4.0
E-1383,Douglas Gregory,49,Female,Engineering,QA Analyst,6680.0,2024-06-02,,2,No,3.0,3.0,3.0,2.0,3.0
E-1258,Kathleen Moran,53,Female,Engineering,Software Engineer,5930.0,2022-08-24,2026-08-28,4,Yes,3.0,2.0,3.0,3.0,3.0
E-1025,Matthew Foster,34,Female,Human Resources,HR Partner,,2010-01-20,,16,No,2.0,3.0,2.0,3.0,2.0
E-2251,Matthew Hunt,32,Male,Sales,Account Executive,6200.0,2016-04-24,,10,No,2.0,2.0,2.0,2.0,3.0
E-1263,Timothy Romero,44,Male,Engineering,Software Engineer,6050.0,2024-06-13,,2,No,3.0,1.0,3.0,3.0,2.0
E-2350,Suzanne Bailey,47,Male,Sales,Account Executive,6090.0,2018-04-13,,8,No,2.0,2.0,3.0,3.0,3.0
E-2124,Andrew Roberts,59,Male,Sales,Account Executive,5730.0,2023-03-05,2026-01-15,3,Yes,2.0,2.0,3.0,2.0,3.0
E-1363,Bryan Gomez,47,Male,Engineering,QA Analyst,6170.0,2024-06-04,,2,No,3.0,2.0,4.0,,3.0
E-2066,Melanie Griffith,31,Male,Sales,Account Executive,5090.0,2026-02-10,2026-03-12,0,Yes,,3.0,,3.0,2.0
E-2477,Mary Ryan,63,Male,Sales,Sales Manager,5880.0,2013-05-20,,13,No,2.0,3.0,3.0,2.0,3.0
E-1090,Aimee Montoya,54,Male,Engineering,Software Engineer,6760.0,2019-11-29,,6,No,3.0,3.0,3.0,3.0,3.0
E-2355,Tina Walter,43,Male,Sales,Sales Development Rep,6850.0,2023-11-08,,2,No,2.0,2.0,3.0,4.0,3.0
E-1698,Alicia Li,37,Female,Engineering,Data Engineer,6060.0,2021-02-16,,5,No,2.0,3.0,2.0,3.0,4.0
E-1631,Rhonda Chavez,31,Male,Engineering,Data Engineer,6450.0,2019-12-12,,6,No,3.0,1.0,3.0,3.0,3.0
E-1993,Michael Bowen,26,Male,Engineering,Engineering Manager,6780.0,2021-05-20,,5,No,2.0,3.0,3.0,2.0,3.0
E-1704,Michael Abbott,49,Female,Engineering,Data Engineer,6790.0,2025-03-01,,1,No,2.0,3.0,3.0,3.0,3.0
E-1483,Evelyn Martinez,51,Female,Engineering,QA Analyst,10100.0,2024-05-19,,2,No,2.0,2.0,4.0,2.0,2.0
E-2103,Nicholas Lawrence,55,Male,Sales,Account Executive,6720.0,2026-04-25,,0,No,3.0,2.0,,2.0,3.0
E-1624,Colleen Wright,35,Male,Engineering,Data Engineer,5980.0,2016-12-17,,9,No,4.0,3.0,4.0,4.0,4.0
E-2427,Robert Charles,30,Female,Sales,Sales Development Rep,4110.0,2022-05-02,2026-06-29,4,Yes,1.0,2.0,2.0,3.0,3.0
E-1424,Mary Escobar,34,Male,Engineering,QA Analyst,7640.0,2018-01-03,,8,No,3.0,3.0,2.0,3.0,3.0
E-1668,Tammy Boone,50,Male,Engineering,Data Engineer,,2023-08-20,,3,No,4.0,2.0,4.0,3.0,4.0
E-1015,Dylan Miller,38,Female,Human Resources,HR Partner,5160.0,2016-07-08,,10,No,2.0,2.0,2.0,3.0,4.0
E-1663,James Webster,31,Female,Engineering,Data Engineer,6940.0,2020-02-07,,6,No,3.0,3.0,3.0,2.0,3.0
E-1495,Meghan Cisneros,32,Male,Engineering,QA Analyst,4390.0,2019-06-03,2026-07-21,7,Yes,2.0,2.0,3.0,3.0,3.0
E-1408,Jeremy Turner,36,Male,Engineering,QA Analyst,,2021-01-03,,5,No,3.0,2.0,3.0,2.0,3.0
E-2109,Kara Hernandez,41,Male,Sales,Account Executive,,2010-05-17,,16,No,2.0,3.0,2.0,2.0,3.0
E-1300,Amber Obrien,26,Female,Engineering,Software Engineer,7240.0,2021-09-22,,4,No,3.0,3.0,3.0,2.0,2.0
E-1872,Sandra Becker,43,Female,Engineering,Engineering Lead,6180.0,2026-06-23,2026-07-23,0,Yes,3.0,4.0,3.0,3.0,2.0
E-1864,Tiffany Townsend,45,Male,Engineering,Support Engineer,,2025-11-18,,0,No,3.0,3.0,2.0,1.0,3.0
E-2035,Chelsea Lewis,37,Female,Sales,Account Executive,6210.0,2020-10-19,,5,No,2.0,4.0,3.0,3.0,3.0
E-2220,Lisa Haley,45,Male,Sales,Account Executive,6390.0,2020-10-29,,5,No,3.0,3.0,2.0,3.0,1.0
E-1457,Dustin Gallegos,18,Male,Engineering,QA Analyst,5820.0,2025-05-11,2026-06-17,1,Yes,3.0,,2.0,3.0,3.0
E-1708,Mr. Richard Knight Phd,40,Female,Engineering,Data Engineer,6910.0,2019-08-12,,7,No,2.0,3.0,2.0,3.0,3.0
E-1880,Richard Adams,20,Male,Engineering,Engineering Lead,6210.0,2024-12-01,,1,No,3.0,3.0,4.0,4.0,3.0
E-2054,Robert Torres,60,Male,Sales,Account Executive,6330.0,2019-08-26,2026-07-12,7,Yes,3.0,4.0,3.0,2.0,3.0
E-2257,Mr. Carl Rios,21,Female,Sales,Account Executive,5720.0,2020-06-15,,6,No,3.0,2.0,3.0,2.0,3.0
E-1853,Victor Edwards,34,Male,Engineering,Support Engineer,7380.0,2025-09-27,,0,No,3.0,3.0,3.0,2.0,3.0
E-1140,Angel Perry,34,Male,Engineering,Software Engineer,8610.0,2023-08-24,,3,No,3.0,2.0,2.0,3.0,3.0
E-1367,Courtney Rodriguez,38,Female,Engineering,QA Analyst,5880.0,2021-11-15,,4,No,,3.0,3.0,2.0,3.0
E-1610,Casey Chase,31,Male,Engineering,Data Engineer,4550.0,2025-04-26,,1,No,3.0,3.0,3.0,3.0,3.0
E-2097,Rodney Evans,19,Male,Sales,Account Executive,6080.0,2014-07-09,,12,No,2.0,3.0,3.0,3.0,2.0
E-2250,Stephanie Cooper,27,Male,Sales,Account Executive,4800.0,2025-10-16,,0,No,3.0,3.0,2.0,2.0,3.0
E-1733,Kyle Nguyen,19,Female,Engineering,Data Engineer,,2025-06-04,,1,No,2.0,3.0,3.0,3.0,2.0
E-2391,Dr. Samuel Holmes Dds,56,Female,Sales,Sales Development Rep,7030.0,2025-03-14,2026-05-10,1,Yes,3.0,3.0,4.0,3.0,3.0
E-1748,Dana Bennett,43,Male,Engineering,Support Engineer,7670.0,2022-05-03,,4,No,3.0,4.0,3.0,3.0,4.0
E-1323,Johnathan Davis,41,Male,Engineering,Software Engineer,6670.0,2021-03-13,,5,No,3.0,,3.0,2.0,3.0
E-1912,Cynthia Green,28,Male,Engineering,Engineering Lead,7910.0,2022-04-30,,4,No,2.0,2.0,2.0,3.0,3.0
E-1796,Adam Taylor,27,Female,Engineering,Support Engineer,7970.0,2013-03-07,,13,No,3.0,4.0,2.0,3.0,2.0
E-1529,Kristy Bryan,51,Male,Engineering,QA Analyst,,2019-02-14,,7,No,2.0,2.0,3.0,3.0,3.0
E-2356,Laura Benson,38,Male,Sales,Sales Development Rep,5150.0,2020-04-23,,6,No,3.0,2.0,2.0,2.0,2.0
E-1394,Robert Montgomery,40,Male,Engineering,QA Analyst,6850.0,2019-05-01,,7,No,2.0,3.0,1.0,3.0,3.0
E-2227,Kimberly Smith,39,Female,Sales,Account Executive,6950.0,2021-01-31,,5,No,3.0,2.0,3.0,3.0,3.0
E-1256,Kristen Davis,42,Male,Engineering,Software Engineer,8020.0,2014-08-15,,12,No,3.0,3.0,3.0,3.0,
E-2368,Nicolas Salas,19,Female,Sales,Sales Development Rep,6370.0,2020-09-20,2026-08-13,6,Yes,2.0,3.0,3.0,3.0,
E-1758,Melissa Stephens,28,Male,Engineering,Support Engineer,8010.0,2022-09-12,,4,No,2.0,1.0,2.0,4.0,2.0
E-1927,Vickie Anderson,38,Female,Engineering,Engineering Lead,8030.0,2006-06-10,,20,No,4.0,3.0,3.0,3.0,3.0
E-2498,James Morgan,39,Male,Sales,Sales Manager,5790.0,2025-10-29,,0,No,3.0,2.0,3.0,2.0,3.0
E-2247,Kristen Peters,23,Female,Sales,Account Executive,5850.0,2018-03-02,,8,No,2.0,3.0,3.0,3.0,
E-1689,Katherine Stark,30,Female,Engineering,Data Engineer,7000.0,2021-08-05,,5,No,3.0,3.0,2.0,2.0,1.0
E-1970,Eric Barker,52,Male,Engineering,Engineering Manager,4200.0,2025-10-18,,0,No,4.0,3.0,3.0,3.0,3.0
E-2240,Richard Turner,55,Female,Sales,Account Executive,4350.0,2024-02-08,,2,No,3.0,2.0,3.0,3.0,2.0
E-1452,Courtney Hayes,32,Male,Engineering,QA Analyst,7010.0,2019-01-08,,7,No,2.0,2.0,2.0,2.0,2.0
E-1873,Michael Blair,30,Male,Engineering,Engineering Lead,7130.0,2023-04-11,,3,No,3.0,2.0,3.0,4.0,4.0
E-1274,Shelly Alexander,29,Female,Engineering,Software Engineer,8920.0,2025-07-30,,1,No,3.0,4.0,3.0,2.0,3.0
E-1960,Mitchell Sellers,40,Male,Engineering,Engineering Manager,7380.0,2022-02-22,,4,No,3.0,4.0,3.0,,2.0
E-2089,Katherine Gallagher,35,Male,Sales,Account Executive,6100.0,2006-12-14,,19,No,4.0,3.0,2.0,3.0,2.0
E-1202,Ricky Davis Ii,36,Female,Engineering,Software Engineer,7350.0,2019-09-18,2026-08-18,7,Yes,,3.0,2.0,3.0,3.0
E-2107,Martha Smith,40,Male,Sales,Account Executive,5990.0,2021-06-06,,5,No,3.0,4.0,3.0,2.0,2.0
E-1820,Megan Burns,45,Female,Engineering,Support Engineer,6800.0,2018-12-23,,7,No,4.0,3.0,3.0,,3.0
E-1552,Angel Gordon,48,Male,Engineering,QA Analyst,6610.0,2016-01-01,,10,No,2.0,3.0,3.0,2.0,3.0
E-1886,Kenneth Sharp,39,Male,Engineering,Engineering Lead,6810.0,2020-11-05,,5,No,3.0,4.0,3.0,3.0,3.0
E-1039,Elizabeth Fowler,37,Female,Human Resources,HR Partner,,2024-05-19,,2,No,3.0,3.0,2.0,3.0,
E-1228,Michael Warner,27,Male,Engineering,Software Engineer,6440.0,2019-12-09,,6,No,3.0,4.0,4.0,2.0,2.0
E-1511,Rebecca Hicks,57,Female,Engineering,QA Analyst,9010.0,2010-02-12,,16,No,2.0,3.0,3.0,2.0,2.0
E-1785,Margaret Harper,23,Male,Engineering,Support Engineer,,2018-10-18,2025-09-04,7,Yes,3.0,2.0,2.0,4.0,3.0
E-2204,Tracey Phillips,50,Female,Sales,Account Executive,4770.0,2005-12-01,,20,No,3.0,3.0,4.0,3.0,3.0
E-2127,Mary Jackson,22,Male,Sales,Account Executive,4310.0,2020-11-19,2025-10-04,5,Yes,3.0,4.0,2.0,4.0,2.0
E-1766,Laura Griffin,50,Male,Engineering,Support Engineer,7950.0,2018-12-19,,7,No,2.0,3.0,3.0,4.0,2.0
E-2333,Michael Martin,45,Male,Sales,Account Executive,6420.0,2024-01-18,,2,No,4.0,2.0,3.0,2.0,2.0
E-1199,Adam Vaughan,41,Female,Engineering,Software Engineer,8700.0,2026-07-25,,0,No,2.0,4.0,3.0,2.0,2.0
E-2155,April Davis,43,Female,Sales,Account Executive,5080.0,2022-07-08,2026-08-14,4,Yes,2.0,3.0,3.0,1.0,2.0
E-1514,Robert Arnold,39,Male,Engineering,QA Analyst,7610.0,2020-07-07,,6,No,3.0,3.0,1.0,3.0,2.0
E-1184,Ashley Barton,18,Male,Engineering,Software Engineer,6090.0,2018-08-08,,8,No,2.0,3.0,3.0,3.0,3.0
E-1512,Curtis Taylor,41,Male,Engineering,QA Analyst,6840.0,2021-10-03,,4,No,3.0,3.0,2.0,3.0,2.0
E-1052,Danny Morgan,32,Male,Human Resources,HR Manager,4630.0,2016-08-09,,10,No,3.0,3.0,2.0,3.0,3.0
E-1999,Edgar Miller,36,Female,Engineering,Engineering Manager,7010.0,2023-10-11,,2,No,3.0,2.0,3.0,2.0,3.0
E-1846,Breanna Ayala,29,Male,Engineering,Support Engineer,5090.0,2024-08-29,,2,No,3.0,2.0,4.0,4.0,2.0
E-1799,Bradley Johnson Dds,49,Male,Engineering,Support Engineer,6460.0,2023-02-18,,3,No,3.0,2.0,3.0,3.0,3.0
E-1038,Cassandra Gaines,24,Female,Human Resources,HR Partner,5050.0,2021-10-22,2025-12-09,4,Yes,2.0,3.0,3.0,3.0,3.0
E-1777,Tina Hall,24,Female,Engineering,Support Engineer,7580.0,2026-04-16,,0,No,3.0,2.0,3.0,3.0,2.0
E-1825,Aaron Schroeder,31,Male,Engineering,Support Engineer,6580.0,2026-05-09,2026-06-08,0,Yes,2.0,3.0,2.0,3.0,2.0
E-2396,Justin Frederick,39,Female,Sales,Sales Development Rep,5850.0,2024-11-19,2025-11-29,1,Yes,3.0,3.0,3.0,3.0,2.0
E-2400,Heather Nunez,36,Male,Sales,Sales Development Rep,8170.0,2013-10-23,,12,No,2.0,2.0,3.0,4.0,2.0
E-1691,Ryan Landry,30,Male,Engineering,Data Engineer,6460.0,2024-08-01,,2,No,2.0,2.0,1.0,3.0,3.0
E-1376,Paul Lewis,57,Female,Engineering,QA Analyst,6650.0,2011-04-20,,15,No,2.0,2.0,3.0,1.0,3.0
E-2434,Dennis Henderson,40,Female,Sales,Sales Development Rep,5300.0,2021-12-04,2025-10-14,4,Yes,3.0,3.0,2.0,3.0,3.0
E-2080,Terry Jones,37,Male,Sales,Account Executive,5600.0,2021-03-30,,5,No,,3.0,,3.0,3.0
E-2191,Candace Mitchell,30,Female,Sales,Account Executive,4040.0,2024-07-15,2026-06-25,2,Yes,1.0,2.0,3.0,3.0,3.0
E-2387,Crystal Garcia,38,Female,Sales,Sales Development Rep,6740.0,2020-12-05,,5,No,3.0,3.0,3.0,2.0,2.0
E-1407,Lori Hernandez,41,Female,Engineering,QA Analyst,7290.0,2020-09-30,,5,No,2.0,3.0,4.0,2.0,3.0
E-2500,Ethan Frey,60,Female,Sales,Sales Manager,5670.0,2016-04-21,,10,No,3.0,3.0,3.0,3.0,3.0
E-1640,Janet Kane Dvm,37,Male,Engineering,Data Engineer,6690.0,2024-11-28,,1,No,2.0,3.0,3.0,3.0,3.0
E-1911,Keith Graham,30,Female,Engineering,Engineering Lead,5920.0,2023-06-05,,3,No,3.0,4.0,2.0,4.0,2.0
E-1078,Megan Young,30,Female,Engineering,Software Engineer,5370.0,2021-03-25,2026-03-03,5,Yes,3.0,4.0,3.0,3.0,3.0
E-2147,Mason Moore,38,Female,Sales,Account Executive,6850.0,2008-06-01,,18,No,2.0,3.0,3.0,2.0,1.0
E-2449,Randy Wright,32,Female,Sales,Sales Development Rep,6580.0,2025-12-05,2026-01-04,0,Yes,2.0,3.0,2.0,2.0,3.0
E-1223,Elizabeth Oliver Dds,34,Male,Engineering,Software Engineer,9040.0,2021-04-28,,5,No,3.0,3.0,4.0,2.0,3.0
E-1464,Taylor Carlson,26,Male,Engineering,QA Analyst,7490.0,2012-06-05,,14,No,2.0,,3.0,2.0,4.0
E-2002,Stephen Wood,40,Female,Engineering,Engineering Manager,5990.0,2022-09-08,,4,No,3.0,3.0,2.0,3.0,
E-1913,Robert Haynes,44,Female,Engineering,Engineering Lead,6300.0,2014-05-28,,12,No,4.0,3.0,1.0,3.0,2.0
E-1614,David Molina,23,Female,Engineering,Data Engineer,6700.0,2019-12-19,,6,No,3.0,2.0,3.0,2.0,3.0
E-2145,Michael Cruz,46,Female,Sales,Account Executive,5340.0,2024-03-07,,2,No,3.0,2.0,2.0,3.0,3.0
E-2099,Stephen Cowan,31,Female,Sales,Account Executive,6100.0,2020-09-05,,6,No,3.0,3.0,3.0,3.0,2.0
E-1425,Felicia Aguilar,62,Female,Engineering,QA Analyst,,2011-04-30,,15,No,3.0,3.0,4.0,2.0,3.0
E-1897,Aimee Gonzalez,38,Female,Engineering,Engineering Lead,7560.0,2022-10-30,,3,No,3.0,3.0,2.0,2.0,3.0
E-1417,Gwendolyn Klein,35,Female,Engineering,QA Analyst,,2024-01-18,2025-11-29,2,Yes,2.0,2.0,3.0,3.0,2.0
E-1590,Melissa Taylor,22,Male,Engineering,QA Analyst,8140.0,2022-07-10,,4,No,3.0,3.0,3.0,2.0,3.0
E-1711,Anthony Jones,39,Male,Engineering,Data Engineer,6790.0,2017-09-12,,9,No,3.0,3.0,2.0,3.0,3.0
E-1059,Brent Jordan,41,Male,Human Resources,HR Manager,6270.0,2021-04-07,,5,No,3.0,3.0,3.0,2.0,3.0
E-1047,John Pierce,45,Male,Human Resources,HR Partner,5340.0,2006-02-10,,20,No,2.0,3.0,2.0,4.0,2.0
E-1767,Raymond Chapman,30,Male,Engineering,Support Engineer,6030.0,2023-05-05,2026-04-03,3,Yes,3.0,3.0,,3.0,3.0
E-1769,Jason Nixon,41,Female,Engineering,Support Engineer,6300.0,2018-03-11,,8,No,3.0,2.0,3.0,,3.0
E-1491,Heather Williams,40,Female,Engineering,QA Analyst,8230.0,2022-06-06,,4,No,,2.0,3.0,3.0,3.0
E-1837,Danielle Watson,33,Female,Engineering,Support Engineer,6680.0,2026-03-22,,0,No,3.0,3.0,3.0,3.0,3.0
E-2252,Daniel Davenport,43,Male,Sales,Account Executive,4380.0,2012-04-21,,14,No,3.0,3.0,2.0,3.0,2.0
E-1524,Sarah King,27,Female,Engineering,QA Analyst,7310.0,2015-11-15,,10,No,2.0,2.0,,2.0,2.0
E-2242,Matthew Wells,42,Male,Sales,Account Executive,6310.0,2011-09-15,,15,No,3.0,3.0,3.0,3.0,2.0
E-2464,Matthew Miles,38,Male,Sales,Sales Manager,6220.0,2026-01-14,2026-02-23,0,Yes,3.0,3.0,3.0,2.0,3.0
E-1447,Brenda Wright,43,Female,Engineering,QA Analyst,5530.0,2024-09-03,,2,No,2.0,3.0,3.0,2.0,2.0
E-2057,Michael Holloway,36,Male,Sales,Account Executive,7350.0,2018-10-07,,7,No,4.0,1.0,3.0,1.0,3.0
E-2266,Casey Obrien,36,Male,Sales,Account Executive,5870.0,2020-12-31,2025-11-15,5,Yes,2.0,3.0,3.0,4.0,2.0
E-1546,Cindy Gomez,51,Female,Engineering,QA Analyst,7980.0,2016-06-20,,10,No,2.0,2.0,3.0,2.0,3.0
E-1810,Heather Page,44,Female,Engineering,Support Engineer,5890.0,2024-02-17,,2,No,2.0,3.0,2.0,3.0,3.0
E-2139,Jason Williams,37,Male,Sales,Account Executive,,2026-06-12,2026-07-12,0,Yes,1.0,1.0,3.0,2.0,2.0
E-1781,Christine Goodwin,39,Male,Engineering,Support Engineer,6500.0,2025-05-11,,1,No,3.0,3.0,3.0,2.0,3.0
E-2443,Crystal Hernandez,50,Male,Sales,Sales Development Rep,7440.0,2023-10-19,,2,No,2.0,2.0,2.0,3.0,3.0
E-2049,Traci Vincent,52,Male,Sales,Account Executive,8720.0,2026-03-17,,0,No,1.0,3.0,3.0,3.0,3.0
E-1645,Edwin Nunez,29,Male,Engineering,Data Engineer,4890.0,2017-08-11,,9,No,3.0,3.0,2.0,3.0,3.0
E-1709,Joseph Williams,38,Female,Engineering,Data Engineer,6530.0,2024-05-18,,2,No,4.0,3.0,3.0,2.0,2.0
E-1773,Eric Patrick,31,Male,Engineering,Support Engineer,,2024-08-07,2026-08-30,2,Yes,4.0,2.0,4.0,1.0,3.0
E-1058,Richard Aguirre,49,Female,Human Resources,HR Manager,5280.0,2019-11-21,,6,No,3.0,3.0,,3.0,2.0
E-1122,Kenneth Scott,48,Female,Engineering,Software Engineer,6510.0,2016-01-08,,10,No,2.0,3.0,2.0,3.0,3.0
E-1129,Cameron Fisher,61,Female,Engineering,Software Engineer,7290.0,2023-05-20,,3,No,3.0,3.0,3.0,2.0,3.0
E-1349,James Parks,40,Male,Engineering,QA Analyst,,2022-07-12,2026-07-07,4,Yes,3.0,3.0,2.0,3.0,3.0
E-1135,Rebecca Jackson,49,Male,Engineering,Software Engineer,7060.0,2026-01-06,,0,No,3.0,3.0,3.0,3.0,2.0
E-1982,Stacey Snyder,35,Female,Engineering,Engineering Manager,5480.0,2024-05-14,,2,No,3.0,2.0,2.0,3.0,2.0
E-2253,Christopher Marsh,34,Female,Sales,Account Executive,5860.0,2019-10-07,,6,No,4.0,2.0,3.0,4.0,2.0
E-1145,Amber Wright,45,Male,Engineering,Software Engineer,7440.0,2019-05-11,,7,No,3.0,2.0,3.0,2.0,2.0
E-1623,Kaitlin Medina,27,Female,Engineering,Data Engineer,6200.0,2011-06-23,,15,No,3.0,4.0,2.0,2.0,2.0
E-1160,Jamie Smith,50,Male,Engineering,Software Engineer,8870.0,2017-07-16,,9,No,2.0,3.0,3.0,2.0,3.0
E-2095,Michael Cooper,48,Female,Sales,Account Executive,6940.0,2025-08-13,,1,No,2.0,3.0,3.0,2.0,3.0
E-1237,Andrew Reynolds,45,Male,Engineering,Software Engineer,7890.0,2025-02-03,,1,No,3.0,3.0,3.0,3.0,4.0
E-1829,Derrick Clayton,43,Male,Engineering,Support Engineer,6630.0,2019-11-09,,6,No,3.0,2.0,3.0,4.0,3.0
E-1331,Vanessa Howard,47,Male,Engineering,Software Engineer,6080.0,2025-07-02,,1,No,2.0,3.0,2.0,3.0,3.0
E-1930,Alison Brown,27,Female,Engineering,Engineering Lead,7060.0,2016-10-14,,9,No,2.0,3.0,2.0,3.0,3.0
E-1594,Randy Smith,44,Female,Engineering,Data Engineer,5740.0,2024-11-21,2025-09-25,1,Yes,3.0,3.0,3.0,2.0,4.0
E-2295,Robert Cortez,41,Female,Sales,Account Executive,6650.0,2018-03-05,,8,No,2.0,1.0,2.0,3.0,3.0
E-1095,John Whitehead,39,Female,Engineering,Software Engineer,6390.0,2012-04-18,,14,No,2.0,3.0,3.0,3.0,3.0
E-1838,Carol Sanders,54,Female,Engineering,Support Engineer,7240.0,2019-10-25,,6,No,3.0,2.0,2.0,3.0,2.0
E-2231,Maria Case,28,Male,Sales,Account Executive,,2022-11-25,,3,No,2.0,3.0,3.0,2.0,1.0
E-1841,Casey Perez,28,Male,Engineering,Support Engineer,,2024-03-27,,2,No,3.0,3.0,3.0,3.0,3.0
E-1211,Christopher Smith,31,Male,Engineering,Software Engineer,6240.0,2020-01-03,,6,No,3.0,2.0,3.0,3.0,2.0
E-1736,Laura Jackson,56,Male,Engineering,Data Engineer,6360.0,2017-12-05,,8,No,4.0,2.0,2.0,2.0,3.0
E-1702,James Watson,26,Female,Engineering,Data Engineer,5950.0,2008-11-21,,17,No,4.0,2.0,2.0,2.0,3.0
E-1321,Susan Turner,33,Male,Engineering,Software Engineer,6740.0,2022-09-11,,4,No,2.0,2.0,2.0,2.0,3.0
E-2123,John Garcia,52,Female,Sales,Account Executive,6500.0,2021-09-03,,5,No,4.0,2.0,1.0,3.0,2.0
E-1353,Kerry Chavez Dds,18,Male,Engineering,QA Analyst,5960.0,2020-10-21,,5,No,1.0,3.0,2.0,3.0,3.0
E-2373,John Oliver,24,Male,Sales,Sales Development Rep,6830.0,2019-08-22,2026-07-02,7,Yes,2.0,3.0,3.0,3.0,3.0
E-1650,Alexis Harris,40,Male,Engineering,Data Engineer,6560.0,2021-07-13,,5,No,2.0,3.0,3.0,2.0,3.0
E-1519,Penny Bowman,45,Female,Engineering,QA Analyst,4630.0,2006-06-04,,20,No,,3.0,2.0,2.0,3.0
E-1774,Samuel Wong,53,Female,Engineering,Support Engineer,6390.0,2026-07-09,,0,No,2.0,3.0,2.0,3.0,3.0
E-1200,Nathan Freeman,43,Female,Engineering,Software Engineer,5800.0,2024-06-26,,2,No,2.0,2.0,2.0,3.0,2.0
E-2042,Michele Hill,48,Male,Sales,Account Executive,6470.0,2020-01-02,,6,No,2.0,3.0,2.0,3.0,3.0
E-1080,Lisa Barnes,19,Female,Engineering,Software Engineer,6560.0,2025-06-05,,1,No,3.0,2.0,4.0,2.0,3.0
E-2199,Emily Arnold,18,Male,Sales,Account Executive,5900.0,2023-11-30,,2,No,3.0,3.0,4.0,3.0,4.0
E-1896,Ryan Murphy,28,Female,Engineering,Engineering Lead,7920.0,2019-06-17,,7,No,2.0,3.0,2.0,3.0,3.0
E-2179,Jason Graves,65,Male,Sales,Account Executive,4530.0,2023-09-13,,3,No,1.0,3.0,3.0,2.0,3.0
E-2403,Robert Rogers,36,Male,Sales,Sales Development Rep,,2013-03-08,,13,No,3.0,2.0,2.0,3.0,3.0
E-1190,Jessica Gross,37,Male,Engineering,Software Engineer,6980.0,2025-09-10,,1,No,3.0,2.0,3.0,4.0,3.0
E-2402,Mark Thomas,31,Female,Sales,Sales Development Rep,7390.0,2015-12-01,,10,No,4.0,3.0,3.0,1.0,2.0
E-2455,Dawn Little,27,Male,Sales,Sales Manager,5590.0,2024-10-21,2025-12-13,1,Yes,4.0,3.0,3.0,2.0,3.0
E-1404,Kathleen Webster,40,Female,Engineering,QA Analyst,5200.0,2021-12-21,,4,No,3.0,3.0,2.0,,3.0
E-1384,Mr. Andrew Foster,19,Male,Engineering,QA Analyst,8150.0,2017-09-03,,9,No,2.0,4.0,2.0,3.0,2.0
E-2462,Brandon Montgomery,39,Male,Sales,Sales Manager,6400.0,2019-11-04,,6,No,,2.0,2.0,3.0,3.0
E-1887,Jordan Williams,38,Male,Engineering,Engineering Lead,5710.0,2016-05-06,,10,No,3.0,3.0,2.0,3.0,2.0
E-1402,Craig Morrison,54,Female,Engineering,QA Analyst,6560.0,2018-07-29,,8,No,2.0,3.0,3.0,3.0,3.0
E-1322,Charles Shah,59,Female,Engineering,Software Engineer,3630.0,2022-05-24,2026-03-26,4,Yes,2.0,2.0,2.0,2.0,4.0
E-1334,Linda Smith,59,Female,Engineering,Software Engineer,8160.0,2024-03-12,,2,No,3.0,,3.0,4.0,2.0
E-1443,Robert Harrison,27,Male,Engineering,QA Analyst,4090.0,2024-07-17,,2,No,2.0,3.0,2.0,3.0,3.0
E-1961,Erica Johnson,32,Female,Engineering,Engineering Manager,6550.0,2021-06-20,,5,No,3.0,2.0,3.0,2.0,4.0
E-1567,Paula Lane,49,Male,Engineering,QA Analyst,6150.0,2025-05-14,2026-03-29,1,Yes,2.0,4.0,3.0,2.0,3.0
E-1382,Paul Wilson,44,Male,Engineering,QA Analyst,8260.0,2026-03-30,,0,No,1.0,3.0,2.0,2.0,2.0
E-2394,Robert Woods,56,Female,Sales,Sales Development Rep,6140.0,2019-06-20,2026-08-13,7,Yes,3.0,4.0,,2.0,2.0
E-2180,Elizabeth Miles,43,Male,Sales,Account Executive,6770.0,2019-04-07,,7,No,3.0,3.0,3.0,2.0,3.0
E-2150,Amber Walker,31,Male,Sales,Account Executive,5560.0,2020-10-12,,5,No,3.0,2.0,2.0,2.0,2.0
E-1670,Michael Morrison,59,Male,Engineering,Data Engineer,8120.0,2021-10-15,,4,No,3.0,3.0,3.0,3.0,3.0
E-1462,Eric Williams,27,Male,Engineering,QA Analyst,6050.0,2025-06-19,2026-07-22,1,Yes,2.0,4.0,3.0,2.0,3.0
E-1655,Robert Dennis,46,Male,Engineering,Data Engineer,7830.0,2022-10-25,,3,No,3.0,3.0,1.0,3.0,2.0
E-2110,Lorraine Turner,31,Female,Sales,Account Executive,5220.0,2024-10-25,2025-09-17,1,Yes,2.0,1.0,3.0,3.0,3.0
E-1174,Matthew Harrington,38,Female,Engineering,Software Engineer,7290.0,2022-03-06,,4,No,3.0,2.0,3.0,2.0,3.0
E-2390,Robert Thompson,28,Male,Sales,Sales Development Rep,7270.0,2020-09-25,,5,No,3.0,3.0,2.0,,3.0
E-2068,James Johnson,46,Male,Sales,Account Executive,4990.0,2017-03-27,,9,No,3.0,3.0,3.0,,4.0
E-1002,Noah Rhodes,56,Female,Human Resources,HR Partner,4540.0,2018-09-26,,7,No,2.0,3.0,2.0,3.0,3.0
E-1816,Anna Estes,34,Male,Engineering,Support Engineer,,2018-08-01,,8,No,4.0,3.0,,2.0,3.0
E-1057,Timothy Duncan,49,Female,Human Resources,HR Manager,5240.0,2024-04-15,,2,No,3.0,3.0,3.0,2.0,2.0
E-1607,Brian Martin,32,Male,Engineering,Data Engineer,7380.0,2019-01-20,,7,No,3.0,2.0,2.0,3.0,2.0
E-2213,Daniel White,41,Female,Sales,Account Executive,6130.0,2021-12-17,,4,No,2.0,2.0,2.0,2.0,3.0
E-2438,Catherine Roberts,49,Male,Sales,Sales Development Rep,5730.0,2023-04-17,,3,No,3.0,2.0,2.0,3.0,3.0
E-2009,Karen Keith,48,Female,Engineering,Engineering Manager,8310.0,2021-08-12,,5,No,3.0,,3.0,3.0,3.0
E-1151,David Wright,27,Female,Engineering,Software Engineer,6700.0,2023-05-09,2026-06-06,3,Yes,3.0,3.0,3.0,2.0,2.0
E-2315,Marie Boyd,41,Female,Sales,Account Executive,6150.0,2023-10-18,,2,No,3.0,3.0,3.0,3.0,
E-1612,Michael Lopez,38,Female,Engineering,Data Engineer,7370.0,2026-01-13,,0,No,3.0,2.0,3.0,3.0,4.0
E-2234,Kristin Andrews,30,Female,Sales,Account Executive,5690.0,2023-04-03,2026-03-06,3,Yes,3.0,3.0,2.0,3.0,4.0
E-1298,William Barrett,55,Female,Engineering,Software Engineer,,2019-08-23,,7,No,3.0,3.0,3.0,2.0,4.0
E-1626,Michael Miller,57,Male,Engineering,Data Engineer,6340.0,2021-07-17,,5,No,3.0,2.0,2.0,3.0,2.0
E-1798,Michael Perry Phd,23,Male,Engineering,Support Engineer,7940.0,2022-07-09,,4,No,3.0,2.0,3.0,4.0,2.0
E-2472,Kristen Jones,30,Male,Sales,Sales Manager,6160.0,2025-06-09,,1,No,3.0,2.0,4.0,3.0,3.0
E-2393,Jennifer Vaughn,40,Male,Sales,Sales Development Rep,4720.0,2021-09-15,,5,No,4.0,3.0,3.0,3.0,2.0
E-1019,Lisa Jackson,58,Female,Human Resources,HR Partner,5920.0,2019-11-23,,6,No,3.0,2.0,3.0,3.0,3.0
E-1208,Cathy Robinson,46,Male,Engineering,Software Engineer,7050.0,2011-05-03,,15,No,3.0,3.0,2.0,3.0,3.0
E-1802,Krista Wilson,48,Male,Engineering,Support Engineer,5470.0,2021-07-19,2026-07-27,5,Yes,2.0,3.0,2.0,4.0,3.0
E-1345,Kayla Rodriguez,37,Female,Engineering,QA Analyst,7280.0,2018-05-29,,8,No,2.0,4.0,2.0,3.0,2.0
E-1560,Louis Martin,28,Male,Engineering,QA Analyst,7760.0,2024-07-10,,2,No,2.0,2.0,3.0,2.0,4.0
E-2414,Phillip Miller,38,Male,Sales,Sales Development Rep,4740.0,2023-06-21,,3,No,3.0,3.0,1.0,3.0,3.0
E-1678,Joseph Howard,34,Male,Engineering,Data Engineer,6690.0,2019-11-26,,6,No,3.0,2.0,3.0,3.0,4.0
E-1675,Zachary Mendoza,41,Female,Engineering,Data Engineer,7720.0,2026-06-14,,0,No,2.0,3.0,2.0,3.0,3.0
E-1466,Jeffrey Mendez,33,Male,Engineering,QA Analyst,5860.0,2026-07-09,2026-08-08,0,Yes,3.0,3.0,1.0,3.0,2.0
E-1997,Edward Stanley,49,Female,Engineering,Engineering Manager,8490.0,2021-02-10,,5,No,3.0,2.0,2.0,3.0,3.0
E-1429,Robin Santiago,27,Male,Engineering,QA Analyst,6380.0,2010-09-24,,15,No,3.0,3.0,2.0,4.0,4.0
E-1548,Julie Herrera,41,Female,Engineering,QA Analyst,4500.0,2025-02-16,,1,No,2.0,3.0,3.0,3.0,2.0
E-1386,Chad Scott,44,Female,Engineering,QA Analyst,6500.0,2022-12-31,,3,No,3.0,3.0,2.0,3.0,3.0
E-2244,Kimberly Choi,54,Male,Sales,Account Executive,4280.0,2024-08-03,,2,No,2.0,3.0,4.0,2.0,2.0
E-1991,Carmen Preston,21,Female,Engineering,Engineering Manager,7150.0,2022-08-30,,4,No,1.0,3.0,2.0,4.0,3.0
E-2274,Raymond Quinn,37,Male,Sales,Account Executive,7240.0,2016-02-11,,10,No,2.0,3.0,,2.0,2.0
E-1352,Kimberly Nguyen,64,Male,Engineering,QA Analyst,6120.0,2022-07-06,,4,No,2.0,2.0,2.0,3.0,3.0
E-1456,Marie Moody,26,Male,Engineering,QA Analyst,7360.0,2025-08-16,,1,No,3.0,3.0,3.0,3.0,1.0
E-1364,Nicole Parrish,37,Female,Engineering,QA Analyst,7390.0,2022-07-14,,4,No,2.0,2.0,2.0,2.0,3.0
E-1565,Molly Watts,46,Male,Engineering,QA Analyst,7170.0,2026-06-30,,0,No,3.0,3.0,3.0,2.0,3.0
E-1027,Justin Baker,31,Male,Human Resources,HR Partner,4640.0,2022-10-31,2025-11-08,3,Yes,3.0,3.0,2.0,3.0,3.0
E-1772,Mr. Jeffrey Horton,33,Female,Engineering,Support Engineer,7290.0,2016-08-01,,10,No,2.0,2.0,,3.0,2.0
E-2490,Deborah Williams,48,Female,Sales,Sales Manager,7390.0,2011-11-04,,14,No,2.0,2.0,2.0,3.0,2.0
E-2067,Yolanda Green,35,Male,Sales,Account Executive,6340.0,2020-04-26,,6,No,3.0,3.0,3.0,3.0,3.0
E-2409,Jennifer White,50,Female,Sales,Sales Development Rep,6490.0,2023-10-26,,2,No,2.0,3.0,2.0,2.0,2.0
E-1661,William David Dds,26,Male,Engineering,Data Engineer,6410.0,2021-02-10,,5,No,2.0,3.0,2.0,3.0,2.0
E-1308,Carlos Ryan,27,Male,Engineering,Software Engineer,6420.0,2022-03-29,,4,No,2.0,3.0,2.0,3.0,3.0
E-2175,Kyle Andrade,31,Female,Sales,Account Executive,4760.0,2024-01-12,,2,No,2.0,3.0,2.0,2.0,3.0
E-2060,Lisa Evans,27,Male,Sales,Account Executive,7330.0,2022-05-13,,4,No,2.0,2.0,2.0,3.0,3.0
E-2272,Kimberly Lutz,37,Male,Sales,Account Executive,4840.0,2024-11-18,,1,No,3.0,3.0,3.0,3.0,3.0
E-2072,Sarah Pittman,33,Male,Sales,Account Executive,6250.0,2022-05-18,,4,No,3.0,3.0,2.0,2.0,3.0
E-1299,Keith Jennings,38,Female,Engineering,Software Engineer,7490.0,2023-02-18,,3,No,3.0,3.0,3.0,4.0,2.0
E-2025,James Washington,21,Female,Sales,Account Executive,,2021-01-07,,5,No,,3.0,3.0,2.0,2.0
E-2162,Glenn Gallegos,33,Female,Sales,Account Executive,5610.0,2023-04-30,2026-04-03,3,Yes,2.0,3.0,3.0,2.0,3.0
E-1482,Howard Norman,55,Male,Engineering,QA Analyst,5740.0,2026-07-03,2026-08-13,0,Yes,3.0,2.0,3.0,3.0,2.0
E-1985,Carla Jones,26,Male,Engineering,Engineering Manager,6680.0,2020-10-04,,5,No,3.0,2.0,3.0,2.0,4.0
E-1662,Emma Butler,40,Male,Engineering,Data Engineer,6320.0,2025-11-08,,0,No,3.0,1.0,,3.0,3.0
E-2148,Sarah Booth,40,Male,Sales,Account Executive,7090.0,2022-09-27,,3,No,2.0,3.0,3.0,3.0,3.0
E-1505,Katherine Martinez,53,Male,Engineering,QA Analyst,,2017-04-11,,9,No,2.0,2.0,3.0,2.0,3.0
E-1765,Jorge Stone,34,Male,Engineering,Support Engineer,6640.0,2024-06-15,,2,No,2.0,3.0,2.0,3.0,3.0
E-2282,Jacob Williams,31,Male,Sales,Account Executive,6720.0,2019-01-16,,7,No,3.0,3.0,4.0,2.0,3.0
E-1406,Madison Weber,30,Male,Engineering,QA Analyst,7930.0,2022-01-06,,4,No,3.0,3.0,1.0,2.0,4.0
E-1403,Mary Thompson,31,Male,Engineering,QA Analyst,6560.0,2020-09-25,,5,No,2.0,2.0,3.0,3.0,2.0
E-1720,Jeffrey Roberson,46,Female,Engineering,Data Engineer,6030.0,2015-10-17,2025-12-06,10,Yes,,2.0,2.0,,2.0
E-1240,Yvonne Chambers,43,Male,Engineering,Software Engineer,7480.0,2023-03-25,,3,No,2.0,3.0,,3.0,2.0
E-1147,Victoria Larson,40,Female,Engineering,Software Engineer,7210.0,2021-11-30,,4,No,3.0,3.0,3.0,1.0,3.0
E-2184,Miss Tina Gordon,26,Female,Sales,Account Executive,5540.0,2023-07-01,2026-05-17,3,Yes,3.0,3.0,3.0,3.0,3.0
E-2178,Tracy Chavez,30,Male,Sales,Account Executive,4530.0,2023-07-22,2026-07-19,3,Yes,4.0,3.0,3.0,3.0,2.0
E-1267,Kimberly Gibson,35,Male,Engineering,Software Engineer,6780.0,2022-01-04,,4,No,3.0,3.0,2.0,3.0,3.0
E-1196,Allen Rosales,41,Female,Engineering,Software Engineer,7670.0,2025-03-21,2026-04-16,1,Yes,3.0,3.0,4.0,3.0,3.0
E-1724,Todd Reynolds,31,Male,Engineering,Data Engineer,6660.0,2017-04-08,,9,No,2.0,2.0,2.0,2.0,2.0
E-2433,Omar Price,35,Male,Sales,Sales Development Rep,6840.0,2020-09-06,,6,No,2.0,2.0,4.0,3.0,2.0
E-1726,Rebecca Marquez,34,Female,Engineering,Data Engineer,7400.0,2021-09-21,,4,No,3.0,3.0,2.0,2.0,4.0
E-1142,David Douglas Jr.,56,Male,Engineering,Software Engineer,4690.0,2026-05-12,,0,No,4.0,,4.0,3.0,2.0
E-1884,Ian Porter,27,Male,Engineering,Engineering Lead,7240.0,2018-12-29,,7,No,3.0,3.0,3.0,3.0,3.0
E-2354,Edward Arroyo,33,Female,Sales,Sales Development Rep,6010.0,2025-05-27,2026-05-03,1,Yes,3.0,3.0,3.0,2.0,3.0
E-1488,Samantha Gardner,29,Male,Engineering,QA Analyst,7060.0,2017-10-22,,8,No,2.0,3.0,2.0,2.0,2.0
E-1847,Brandi Haney,44,Male,Engineering,Support Engineer,6420.0,2013-08-03,,13,No,2.0,3.0,2.0,2.0,2.0
E-2378,Jennifer Parks,31,Female,Sales,Sales Development Rep,5260.0,2017-11-22,,8,No,2.0,2.0,2.0,3.0,2.0
E-1286,Elaine Brooks,44,Male,Engineering,Software Engineer,7470.0,2017-08-02,,9,No,2.0,3.0,3.0,2.0,3.0
E-2055,Maria Coleman,30,Female,Sales,Account Executive,,2018-12-18,,7,No,3.0,3.0,,4.0,2.0
E-1161,Paul Castaneda,50,Female,Engineering,Software Engineer,8150.0,2019-05-01,,7,No,3.0,3.0,2.0,2.0,4.0
E-1051,Jessica Holmes,31,Female,Human Resources,HR Manager,4480.0,2026-06-21,2026-07-21,0,Yes,2.0,3.0,3.0,3.0,4.0
E-1928,Jacqueline Mccoy,40,Female,Engineering,Engineering Lead,6120.0,2019-08-26,,7,No,2.0,2.0,2.0,3.0,3.0
E-1227,Kirk Carter,65,Male,Engineering,Software Engineer,6150.0,2025-08-05,,1,No,3.0,3.0,2.0,2.0,1.0
E-1553,Diana Hays,47,Male,Engineering,QA Analyst,7470.0,2019-04-15,,7,No,2.0,2.0,1.0,3.0,2.0
E-1562,Kim Erickson,39,Female,Engineering,QA Analyst,5240.0,2024-01-28,2026-02-27,2,Yes,2.0,3.0,2.0,3.0,2.0
E-1706,James Tran,54,Male,Engineering,Data Engineer,5800.0,2021-08-12,,5,No,3.0,3.0,3.0,2.0,2.0
E-2226,Tiffany Jackson,30,Female,Sales,Account Executive,5470.0,2017-03-11,,9,No,2.0,3.0,3.0,3.0,3.0
E-1371,Allison Hickman,23,Female,Engineering,QA Analyst,5200.0,2022-04-29,2026-05-08,4,Yes,3.0,3.0,3.0,3.0,3.0
E-1571,Ashley Smith,52,Female,Engineering,QA Analyst,6550.0,2020-06-18,,6,No,2.0,2.0,1.0,3.0,2.0
E-2004,Derrick Brown,44,Female,Engineering,Engineering Manager,6920.0,2021-03-17,,5,No,3.0,3.0,2.0,3.0,4.0
E-1695,Mary Jensen,52,Female,Engineering,Data Engineer,6450.0,2015-07-07,,11,No,3.0,3.0,3.0,3.0,1.0
E-1241,Andrew Avila,25,Female,Engineering,Software Engineer,6550.0,2023-08-06,,3,No,3.0,2.0,3.0,3.0,3.0
E-2338,Austin Walker,36,Male,Sales,Account Executive,,2020-12-19,,5,No,3.0,2.0,2.0,4.0,3.0
E-1977,Stephen Davis,46,Female,Engineering,Engineering Manager,5560.0,2014-02-26,,12,No,2.0,2.0,,3.0,3.0
E-1381,Karla Ramos,40,Male,Engineering,QA Analyst,6200.0,2019-08-14,,7,No,2.0,2.0,3.0,3.0,3.0
E-1328,Trevor Johnson,32,Male,Engineering,Software Engineer,7440.0,2018-06-25,,8,No,3.0,2.0,2.0,3.0,3.0
E-1368,Holly Farmer,49,Female,Engineering,QA Analyst,7710.0,2010-05-08,,16,No,2.0,2.0,3.0,2.0,2.0
E-1041,Paula Moreno,27,Female,Human Resources,HR Partner,5240.0,2026-06-13,,0,No,3.0,3.0,,4.0,4.0
E-1561,Nancy Evans Md,28,Female,Engineering,QA Analyst,7700.0,2025-03-25,,1,No,3.0,3.0,2.0,2.0,3.0
E-1922,David Kelly,23,Male,Engineering,Engineering Lead,7220.0,2022-09-12,,4,No,3.0,4.0,4.0,2.0,3.0
E-2190,Michael Gonzalez,45,Male,Sales,Account Executive,7280.0,2021-12-22,,4,No,3.0,2.0,3.0,3.0,2.0
E-1752,Michael Gonzales,35,Male,Engineering,Support Engineer,6600.0,2009-10-31,,16,No,3.0,2.0,3.0,2.0,3.0
E-1957,Eric Henry Jr.,48,Male,Engineering,Engineering Manager,8240.0,2021-11-07,,4,No,3.0,4.0,1.0,2.0,1.0
E-2290,Heather Parrish,25,Male,Sales,Account Executive,7270.0,2013-03-02,,13,No,3.0,3.0,2.0,3.0,3.0
E-2271,Kevin Escobar,32,Male,Sales,Account Executive,6870.0,2026-09-07,,0,No,3.0,3.0,3.0,2.0,4.0
E-2037,Samantha Robertson,51,Male,Sales,Account Executive,7490.0,2021-09-19,,5,No,2.0,3.0,2.0,3.0,2.0
E-1639,Maria Fisher,64,Male,Engineering,Data Engineer,8010.0,2020-05-18,,6,No,3.0,1.0,4.0,3.0,1.0
E-2075,Catherine Frazier,27,Male,Sales,Account Executive,6120.0,2016-02-29,,10,No,3.0,2.0,2.0,2.0,3.0
E-1303,Megan Le,35,Male,Engineering,Software Engineer,5380.0,2018-09-22,,7,No,3.0,3.0,2.0,3.0,2.0
E-1965,Eric Taylor,51,Male,Engineering,Engineering Manager,7360.0,2019-02-06,,7,No,,3.0,1.0,3.0,3.0
E-1549,Jessica Khan,26,Male,Engineering,QA Analyst,5930.0,2024-12-04,,1,No,3.0,3.0,2.0,3.0,2.0
E-1598,Susan Davis,33,Female,Engineering,Data Engineer,4900.0,2021-04-05,,5,No,2.0,3.0,4.0,2.0,3.0
E-1070,William Baker,41,Male,Engineering,Software Engineer,6010.0,2013-06-09,,13,No,3.0,3.0,3.0,2.0,3.0
E-1413,Julian Conner,40,Male,Engineering,QA Analyst,7550.0,2008-07-17,,18,No,,2.0,3.0,3.0,3.0
E-2425,Regina Ramos,65,Female,Sales,Sales Development Rep,,2022-07-15,,4,No,1.0,4.0,2.0,3.0,4.0
E-2000,Elizabeth Sanders,41,Male,Engineering,Engineering Manager,5450.0,2014-11-16,,11,No,2.0,3.0,3.0,4.0,3.0
E-1275,Joyce Bowen,33,Female,Engineering,Software Engineer,7760.0,2022-05-21,,4,No,3.0,2.0,3.0,3.0,3.0
E-1076,Sarah Moore,30,Female,Engineering,Software Engineer,8220.0,2010-02-07,,16,No,3.0,2.0,2.0,3.0,
E-2221,Erica Moon,18,Male,Sales,Account Executive,6820.0,2025-09-24,2025-10-24,0,Yes,3.0,3.0,3.0,3.0,3.0
E-1330,Ariana Jennings,24,Male,Engineering,Software Engineer,5410.0,2020-01-18,2025-11-27,6,Yes,2.0,3.0,3.0,2.0,3.0
E-1954,Alyssa Haynes,39,Female,Engineering,Engineering Lead,5500.0,2023-01-07,2026-01-15,3,Yes,3.0,,3.0,4.0,3.0
E-1086,Daniel Baker,58,Female,Engineering,Software Engineer,5840.0,2022-07-21,,4,No,1.0,2.0,3.0,3.0,3.0
E-2210,Anthony Randolph,54,Female,Sales,Account Executive,7440.0,2011-12-28,,14,No,3.0,2.0,2.0,2.0,3.0
E-1005,Cristian Santos,27,Male,Human Resources,HR Partner,,2022-12-21,2025-10-31,3,Yes,2.0,4.0,2.0,3.0,3.0
E-1654,Amy Gordon,32,Female,Engineering,Data Engineer,5460.0,2024-08-11,,2,No,3.0,3.0,3.0,3.0,3.0
E-1304,Sara Fuller,21,Male,Engineering,Software Engineer,6390.0,2026-02-10,2026-03-12,0,Yes,3.0,2.0,3.0,3.0,2.0
E-2353,Jason Rodriguez,43,Female,Sales,Sales Development Rep,6940.0,2016-02-18,2026-01-20,10,Yes,2.0,3.0,3.0,2.0,2.0
E-1582,Daniel Bush,38,Male,Engineering,QA Analyst,8620.0,2021-09-29,,4,No,3.0,3.0,3.0,2.0,2.0
E-1016,Brian Ramirez,33,Female,Human Resources,HR Partner,5550.0,2022-04-20,,4,No,4.0,2.0,1.0,2.0,4.0
E-1455,Alfred Galvan,39,Male,Engineering,QA Analyst,8250.0,2011-12-17,,14,No,3.0,3.0,2.0,3.0,2.0
E-1680,William Harrison,56,Female,Engineering,Data Engineer,5270.0,2014-06-03,2026-05-30,12,Yes,3.0,3.0,4.0,3.0,2.0
E-1849,Jessica Bowen,37,Female,Engineering,Support Engineer,6200.0,2019-03-12,,7,No,2.0,3.0,3.0,3.0,3.0
E-1270,Patrick Thornton,31,Male,Engineering,Software Engineer,,2023-10-28,,2,No,3.0,3.0,3.0,2.0,2.0
E-1981,James Oconnor,24,Male,Engineering,Engineering Manager,6930.0,2020-10-17,2025-11-25,5,Yes,3.0,2.0,2.0,3.0,3.0
E-1197,Daniel Salinas,35,Female,Engineering,Software Engineer,5630.0,2014-07-23,,12,No,3.0,2.0,3.0,4.0,3.0
E-1336,Andrea Hubbard,36,Male,Engineering,Software Engineer,7860.0,2006-05-17,,20,No,4.0,3.0,2.0,4.0,3.0
E-2493,Chelsey Fox,47,Male,Sales,Sales Manager,5310.0,2022-04-29,,4,No,3.0,2.0,3.0,3.0,2.0
E-1171,Jamie Walton,36,Male,Engineering,Software Engineer,6890.0,2020-11-16,,5,No,2.0,2.0,3.0,3.0,3.0
E-1054,Mark Perez,28,Male,Human Resources,HR Manager,5260.0,2023-03-31,,3,No,3.0,4.0,3.0,2.0,3.0
E-1290,Briana Murray,37,Male,Engineering,Software Engineer,7170.0,2022-06-05,,4,No,4.0,2.0,3.0,3.0,2.0
E-1569,Lisa Randall,54,Female,Engineering,QA Analyst,5860.0,2026-04-26,2026-05-26,0,Yes,3.0,3.0,3.0,3.0,2.0
E-2301,Kristy Smith,45,Female,Sales,Account Executive,5710.0,2026-03-30,,0,No,3.0,3.0,3.0,3.0,3.0
E-2330,Dawn Parker,26,Female,Sales,Account Executive,5040.0,2016-12-09,,9,No,3.0,3.0,,3.0,3.0
E-2126,Peter Williams,53,Female,Sales,Account Executive,5200.0,2018-11-20,,7,No,3.0,3.0,3.0,3.0,2.0
E-1061,Victoria Garcia,27,Female,Engineering,Software Engineer,5770.0,2008-07-23,,18,No,3.0,2.0,3.0,3.0,2.0
E-2189,Kelly Johnson,19,Male,Sales,Account Executive,5580.0,2018-11-10,2025-11-05,7,Yes,3.0,3.0,4.0,3.0,3.0
E-1060,John Daniel,29,Male,Human Resources,HR Manager,5170.0,2009-06-27,,17,No,3.0,3.0,,3.0,3.0
E-2224,Robert Griffin,61,Female,Sales,Account Executive,6170.0,2006-12-15,,19,No,3.0,3.0,3.0,3.0,3.0
E-2384,Jonathan Clark,53,Female,Sales,Sales Development Rep,5650.0,2021-05-15,,5,No,2.0,4.0,1.0,3.0,3.0
E-1509,Joshua Vance,36,Female,Engineering,QA Analyst,6700.0,2020-04-13,,6,No,3.0,2.0,3.0,2.0,4.0
E-1481,Dawn Mullins,45,Male,Engineering,QA Analyst,6770.0,2010-04-19,,16,No,3.0,3.0,2.0,2.0,
E-2421,Wayne Wolfe,29,Female,Sales,Sales Development Rep,4560.0,2021-11-15,,4,No,2.0,3.0,2.0,3.0,3.0
E-1493,William Gould,40,Female,Engineering,QA Analyst,8200.0,2018-11-02,,7,No,2.0,3.0,2.0,4.0,2.0
E-1490,Lance Simmons,36,Male,Engineering,QA Analyst,7280.0,2018-11-20,,7,No,2.0,3.0,3.0,3.0,3.0
E-1536,Mr. Lawrence Edwards,27,Male,Engineering,QA Analyst,9020.0,2024-10-07,,1,No,2.0,1.0,2.0,4.0,2.0
E-1420,Jake Campbell,47,Male,Engineering,QA Analyst,7440.0,2021-03-11,,5,No,2.0,2.0,3.0,4.0,3.0
E-1770,Todd Thomas,27,Male,Engineering,Support Engineer,6320.0,2021-06-05,,5,No,3.0,3.0,2.0,3.0,2.0
E-2291,Mr. Larry Shaw,55,Female,Sales,Account Executive,6850.0,2018-01-02,,8,No,2.0,3.0,2.0,4.0,3.0
E-1207,Bryan Herrera,27,Male,Engineering,Software Engineer,6420.0,2022-04-22,2026-04-14,4,Yes,2.0,2.0,3.0,2.0,3.0
E-2444,Glenn Collins Dds,28,Female,Sales,Sales Development Rep,6240.0,2012-05-01,,14,No,3.0,4.0,2.0,3.0,3.0
E-1469,Katie Mcneil,62,Female,Engineering,QA Analyst,6580.0,2021-09-15,,5,No,2.0,2.0,2.0,3.0,3.0
E-2259,Jerry Jensen,41,Female,Sales,Account Executive,5900.0,2020-07-19,,6,No,3.0,2.0,2.0,3.0,3.0
E-1476,Julie Dominguez,27,Male,Engineering,QA Analyst,5960.0,2020-10-18,,5,No,2.0,2.0,2.0,2.0,3.0
E-1239,Sara Johnston,31,Male,Engineering,Software Engineer,8350.0,2016-10-22,,9,No,3.0,3.0,3.0,3.0,2.0
E-1213,Melissa Martinez,27,Male,Engineering,Software Engineer,7380.0,2020-01-05,,6,No,2.0,3.0,3.0,3.0,2.0
E-1152,Pamela Boyd,44,Female,Engineering,Software Engineer,7550.0,2010-12-07,,15,No,3.0,3.0,3.0,2.0,3.0
E-2048,James Martin,39,Male,Sales,Account Executive,6950.0,2012-07-14,,14,No,3.0,2.0,,3.0,3.0
E-1180,Robert Oconnell,45,Male,Engineering,Software Engineer,7110.0,2017-02-20,,9,No,,3.0,2.0,2.0,2.0
E-2023,Kristine Garcia,33,Female,Sales,Account Executive,6810.0,2018-08-31,,8,No,2.0,3.0,2.0,2.0,2.0
E-2332,Mary Adkins,26,Male,Sales,Account Executive,7010.0,2024-02-15,,2,No,2.0,3.0,3.0,3.0,3.0
E-1944,Kathryn Price,61,Male,Engineering,Engineering Lead,6740.0,2008-01-22,,18,No,4.0,,3.0,3.0,3.0
E-1324,Brandy Chavez,44,Female,Engineering,Software Engineer,6460.0,2022-02-05,,4,No,1.0,3.0,2.0,3.0,3.0
E-1189,Madison Poole,49,Male,Engineering,Software Engineer,6630.0,2021-01-15,,5,No,3.0,2.0,3.0,4.0,2.0
E-2417,Mark Anderson,37,Female,Sales,Sales Development Rep,4990.0,2024-10-16,2025-09-07,1,Yes,2.0,4.0,3.0,2.0,3.0
E-2478,Joseph Jimenez,47,Male,Sales,Sales Manager,5770.0,2024-05-22,,2,No,3.0,4.0,3.0,3.0,3.0
E-1899,Kevin Snyder,26,Male,Engineering,Engineering Lead,7280.0,2025-03-27,,1,No,3.0,3.0,3.0,3.0,2.0
E-2159,Jesse Castro,30,Female,Sales,Account Executive,7440.0,2024-11-10,,1,No,4.0,2.0,4.0,3.0,3.0
E-2212,Heather Bowers,27,Female,Sales,Account Executive,6240.0,2021-04-30,,5,No,2.0,3.0,1.0,2.0,3.0
E-1891,Jennifer Morris,41,Male,Engineering,Engineering Lead,7110.0,2021-03-30,,5,No,3.0,3.0,2.0,3.0,3.0
E-1987,Angela Jackson,32,Female,Engineering,Engineering Manager,6210.0,2018-05-19,,8,No,2.0,2.0,3.0,3.0,3.0
E-1955,Kristy Hart,23,Male,Engineering,Engineering Lead,7320.0,2015-09-24,,10,No,3.0,3.0,2.0,2.0,4.0
E-1182,Tina Sanders,38,Male,Engineering,Software Engineer,6760.0,2011-03-05,,15,No,3.0,3.0,,2.0,3.0
E-2331,Michael Fitzgerald,51,Male,Sales,Account Executive,4680.0,2025-09-13,,1,No,3.0,3.0,3.0,3.0,3.0
E-2456,Stephen Boyer,41,Female,Sales,Sales Manager,5190.0,2021-09-08,,5,No,2.0,3.0,1.0,2.0,4.0
E-1416,Antonio Garcia,39,Female,Engineering,QA Analyst,6080.0,2021-06-08,,5,No,3.0,3.0,2.0,3.0,2.0
E-1083,Michael Evans,18,Female,Engineering,Software Engineer,,2025-01-25,,1,No,2.0,3.0,4.0,3.0,3.0
E-2136,James Howard,19,Female,Sales,Account Executive,5090.0,2025-07-30,2026-06-22,1,Yes,3.0,3.0,2.0,3.0,3.0
E-1489,Bobby Guerrero,40,Male,Engineering,QA Analyst,7340.0,2022-10-18,,3,No,2.0,3.0,3.0,3.0,3.0
E-1527,Todd Moore,57,Female,Engineering,QA Analyst,7370.0,2023-09-24,,2,No,3.0,2.0,2.0,3.0,3.0
E-1153,Denise Jones,49,Male,Engineering,Software Engineer,6700.0,2020-06-08,,6,No,3.0,3.0,4.0,3.0,2.0
E-1951,Rebecca Kelly,47,Female,Engineering,Engineering Lead,7370.0,2025-05-13,,1,No,3.0,3.0,2.0,2.0,3.0
E-1236,Kathryn Snyder,26,Female,Engineering,Software Engineer,7160.0,2021-05-06,,5,No,4.0,2.0,3.0,3.0,3.0
E-1679,Jose Crawford,29,Female,Engineering,Data Engineer,7630.0,2026-06-05,,0,No,2.0,2.0,4.0,2.0,3.0
E-1728,Nancy Stewart,34,Male,Engineering,Data Engineer,7600.0,2023-07-01,,3,No,2.0,3.0,4.0,4.0,3.0
E-1533,Donna Frye,31,Female,Engineering,QA Analyst,5040.0,2023-12-29,2026-02-05,2,Yes,3.0,2.0,2.0,3.0,2.0
E-2153,Jillian Wilson,37,Male,Sales,Account Executive,6410.0,2024-03-20,,2,No,2.0,2.0,3.0,3.0,
E-2100,Steven Howard,46,Female,Sales,Account Executive,5320.0,2026-07-31,2026-08-30,0,Yes,2.0,3.0,2.0,2.0,3.0
E-1851,Shannon Miller,43,Male,Engineering,Support Engineer,6450.0,2018-12-03,,7,No,3.0,2.0,2.0,3.0,2.0
E-2431,Adam Brooks,30,Male,Sales,Sales Development Rep,6560.0,2022-07-15,2026-08-21,4,Yes,3.0,3.0,3.0,3.0,4.0
E-1948,Ariel Sandoval,40,Male,Engineering,Engineering Lead,5420.0,2024-08-26,2026-08-02,2,Yes,2.0,2.0,3.0,2.0,3.0
E-2128,Jeffrey Howell,59,Male,Sales,Account Executive,5220.0,2021-03-27,,5,No,3.0,3.0,3.0,3.0,3.0
E-1973,Amanda Guzman,21,Male,Engineering,Engineering Manager,5260.0,2025-06-23,2026-06-12,1,Yes,3.0,2.0,2.0,3.0,3.0
E-1925,Danielle Murray,49,Male,Engineering,Engineering Lead,7450.0,2013-08-01,,13,No,,2.0,2.0,3.0,4.0
E-2325,Jack Moore,40,Male,Sales,Account Executive,7090.0,2025-04-01,,1,No,3.0,2.0,2.0,3.0,3.0
E-1755,Dana Hopkins,49,Male,Engineering,Support Engineer,8600.0,2025-09-20,,0,No,3.0,3.0,1.0,2.0,3.0
E-1945,Francis Robinson,37,Female,Engineering,Engineering Lead,8020.0,2020-01-26,,6,No,3.0,2.0,3.0,3.0,3.0
E-1809,Patricia Young Phd,30,Female,Engineering,Support Engineer,5820.0,2009-10-29,,16,No,2.0,3.0,2.0,3.0,3.0
E-1081,Kelly Donovan,43,Male,Engineering,Software Engineer,6090.0,2025-09-16,,1,No,2.0,2.0,3.0,2.0,3.0
E-2418,Alyssa Alvarado,20,Male,Sales,Sales Development Rep,5610.0,2018-03-18,2026-03-28,8,Yes,3.0,3.0,3.0,3.0,3.0
E-2114,Brian Gonzalez,26,Female,Sales,Account Executive,6280.0,2021-08-31,,5,No,2.0,3.0,2.0,3.0,3.0
E-1428,Emily Bennett,30,Male,Engineering,QA Analyst,7850.0,2022-04-19,,4,No,3.0,2.0,2.0,3.0,1.0
E-1741,Eric Rush,38,Female,Engineering,Support Engineer,6970.0,2017-09-18,,9,No,2.0,2.0,4.0,2.0,3.0
E-2119,Susan Conley,20,Male,Sales,Account Executive,7590.0,2022-08-22,,4,No,3.0,3.0,3.0,3.0,3.0
E-1520,Vincent Reynolds,35,Female,Engineering,QA Analyst,6620.0,2024-02-16,,2,No,3.0,3.0,3.0,3.0,2.0
E-1515,Angelica Parker,29,Male,Engineering,QA Analyst,7860.0,2022-11-29,,3,No,3.0,,3.0,2.0,3.0
E-1885,Holly Scott,44,Male,Engineering,Engineering Lead,6690.0,2023-02-11,,3,No,2.0,3.0,3.0,4.0,3.0
E-1787,Lisa Cervantes,23,Female,Engineering,Support Engineer,4960.0,2025-03-27,2026-02-19,1,Yes,2.0,2.0,2.0,2.0,2.0
E-1178,Michael Wang,21,Male,Engineering,Software Engineer,4730.0,2022-01-01,,4,No,2.0,3.0,,3.0,3.0
E-2457,Brian Chen,32,Female,Sales,Sales Manager,7070.0,2015-07-17,,11,No,2.0,2.0,3.0,3.0,3.0
E-2082,Edwin Brown,40,Male,Sales,Account Executive,8000.0,2021-06-02,,5,No,1.0,3.0,,3.0,3.0
E-2439,Lisa Nelson,28,Female,Sales,Sales Development Rep,5190.0,2023-01-31,2025-12-25,3,Yes,2.0,3.0,3.0,3.0,4.0
E-1904,Matthew Sweeney,45,Female,Engineering,Engineering Lead,8950.0,2024-04-10,,2,No,2.0,2.0,3.0,3.0,1.0
E-1231,Jessica Stephens,25,Female,Engineering,Software Engineer,5000.0,2023-09-09,2026-08-22,3,Yes,2.0,2.0,3.0,3.0,
E-1235,Michael Lyons,53,Male,Engineering,Software Engineer,4400.0,2021-05-06,,5,No,3.0,3.0,3.0,2.0,3.0
E-1940,Curtis Wilkerson,55,Male,Engineering,Engineering Lead,7740.0,2022-03-09,,4,No,3.0,3.0,1.0,3.0,3.0
E-2275,John Dixon,26,Male,Sales,Account Executive,5880.0,2009-09-07,,17,No,2.0,3.0,3.0,2.0,3.0
E-1814,Michael Roberts,48,Female,Engineering,Support Engineer,6480.0,2018-07-01,,8,No,2.0,,4.0,2.0,3.0
E-1819,Michael Poole,51,Male,Engineering,Support Engineer,7570.0,2024-08-12,,2,No,3.0,3.0,3.0,2.0,2.0
E-1757,Karen Morales Dds,46,Male,Engineering,Support Engineer,7460.0,2025-10-26,,0,No,3.0,2.0,3.0,3.0,3.0
E-1667,David Harris,44,Female,Engineering,Data Engineer,5690.0,2023-09-24,,2,No,2.0,3.0,2.0,3.0,3.0
E-2426,David Torres,30,Male,Sales,Sales Development Rep,6770.0,2022-09-22,2025-08-17,3,Yes,2.0,2.0,2.0,2.0,2.0
E-2467,Corey Norris,32,Male,Sales,Sales Manager,7600.0,2022-03-23,,4,No,2.0,3.0,3.0,2.0,3.0
E-1387,Adam Burgess,38,Male,Engineering,QA Analyst,6940.0,2017-03-14,,9,No,3.0,2.0,3.0,3.0,3.0
E-1613,Franklin Wright,34,Male,Engineering,Data Engineer,6990.0,2019-10-15,,6,No,2.0,3.0,3.0,2.0,3.0
E-1097,Aaron Wise,54,Male,Engineering,Software Engineer,,2017-04-20,,9,No,3.0,2.0,2.0,,1.0
E-1685,James Whitaker,22,Male,Engineering,Data Engineer,7180.0,2020-01-05,,6,No,4.0,3.0,3.0,3.0,4.0
E-1683,Dean Donovan,30,Female,Engineering,Data Engineer,6450.0,2021-09-09,2026-09-04,5,Yes,4.0,3.0,2.0,2.0,3.0
E-2206,Jose Bennett,42,Female,Sales,Account Executive,7510.0,2011-01-23,,15,No,2.0,3.0,1.0,4.0,3.0
E-2061,Arthur Mcneil,18,Female,Sales,Account Executive,,2024-06-17,,2,No,3.0,3.0,2.0,3.0,2.0
E-1551,Kelly Lee,26,Female,Engineering,QA Analyst,4510.0,2024-12-04,2025-12-05,1,Yes,2.0,2.0,2.0,3.0,3.0
E-1596,Sherry Woods,46,Male,Engineering,Data Engineer,5400.0,2025-05-28,,1,No,2.0,,2.0,2.0,2.0
E-2413,Kimberly Johnson,28,Male,Sales,Sales Development Rep,7270.0,2023-11-21,,2,No,3.0,3.0,3.0,2.0,3.0
E-2320,John Hall,28,Male,Sales,Account Executive,5700.0,2024-04-22,,2,No,2.0,4.0,2.0,3.0,2.0
E-1232,Susan Serrano,44,Female,Engineering,Software Engineer,7300.0,2016-06-27,,10,No,3.0,3.0,3.0,3.0,2.0
E-1222,Jeremy Dalton,54,Female,Engineering,Software Engineer,7510.0,2006-03-17,,20,No,3.0,3.0,3.0,3.0,2.0
E-1409,Anthony Romero,63,Female,Engineering,QA Analyst,7330.0,2018-09-30,,7,No,3.0,4.0,3.0,2.0,2.0
E-1907,Michelle Davis Dvm,33,Female,Engineering,Engineering Lead,5980.0,2021-02-10,,5,No,1.0,3.0,3.0,3.0,1.0
E-2352,Timothy Andrews,33,Male,Sales,Sales Development Rep,5550.0,2020-11-23,2025-11-10,5,Yes,3.0,2.0,3.0,3.0,3.0
E-2336,Vincent Smith,35,Male,Sales,Account Executive,,2011-09-07,,15,No,3.0,,2.0,3.0,3.0
E-2230,Michele Cherry,49,Female,Sales,Account Executive,6210.0,2020-12-04,2026-01-28,5,Yes,3.0,2.0,2.0,4.0,2.0
E-2363,Danielle Davis,37,Female,Sales,Sales Development Rep,5440.0,2022-08-05,,4,No,3.0,2.0,2.0,2.0,4.0
E-1280,Nathan Malone,29,Female,Engineering,Software Engineer,4480.0,2025-01-02,2025-12-20,1,Yes,4.0,2.0,3.0,2.0,3.0
E-1148,Stephanie Salazar,53,Male,Engineering,Software Engineer,7110.0,2018-10-05,,7,No,2.0,2.0,3.0,2.0,3.0
E-2021,Jason Hernandez,41,Female,Sales,Account Executive,7800.0,2020-04-08,,6,No,2.0,2.0,3.0,3.0,2.0
E-2280,Nancy Webb,24,Male,Sales,Account Executive,5320.0,2021-03-02,,5,No,2.0,3.0,2.0,2.0,3.0
E-1813,Douglas Ryan,52,Male,Engineering,Support Engineer,6900.0,2010-03-31,,16,No,4.0,2.0,4.0,3.0,4.0
E-1082,Mike Allen,19,Male,Engineering,Software Engineer,6960.0,2023-06-17,,3,No,2.0,3.0,2.0,2.0,3.0
E-2104,Jacob Santos,52,Male,Sales,Account Executive,5440.0,2026-08-25,2026-08-07,0,Yes,3.0,3.0,3.0,2.0,
E-1833,Scott Alexander,30,Male,Engineering,Support Engineer,5460.0,2025-10-06,,0,No,3.0,2.0,2.0,3.0,3.0
E-1066,Amber Kidd,53,Female,Engineering,Software Engineer,5600.0,2020-04-06,,6,No,2.0,2.0,3.0,2.0,3.0
E-1195,John Bishop,31,Female,Engineering,Software Engineer,6240.0,2022-07-31,2026-09-09,4,Yes,3.0,1.0,4.0,3.0,3.0
E-1730,Derrick Anderson,44,Male,Engineering,Data Engineer,5610.0,2024-12-20,2026-01-20,1,Yes,2.0,3.0,3.0,3.0,2.0
E-1588,Jeremy Scott,45,Male,Engineering,QA Analyst,7020.0,2025-04-09,,1,No,4.0,2.0,2.0,4.0,3.0
E-1589,Dale Ryan,43,Male,Engineering,QA Analyst,6330.0,2023-06-08,,3,No,2.0,4.0,2.0,2.0,2.0
E-1463,Riley Bryant,49,Male,Engineering,QA Analyst,6610.0,2025-11-14,2025-12-14,0,Yes,3.0,3.0,3.0,3.0,3.0
E-1450,Phillip Nelson,48,Female,Engineering,QA Analyst,7150.0,2017-11-25,,8,No,2.0,3.0,2.0,3.0,2.0
E-1634,Robert Reese,42,Female,Engineering,Data Engineer,6890.0,2023-11-01,,2,No,3.0,3.0,2.0,3.0,3.0
E-1611,Samantha Robertson,44,Male,Engineering,Data Engineer,,2022-06-05,,4,No,1.0,2.0,3.0,3.0,2.0
E-1547,Johnny Khan,37,Male,Engineering,QA Analyst,5070.0,2025-09-20,2025-10-20,0,Yes,4.0,2.0,3.0,2.0,3.0
E-1647,Gregory Hill,38,Female,Engineering,Data Engineer,7330.0,2013-12-16,,12,No,2.0,3.0,3.0,4.0,4.0
E-2302,Mary Campbell,28,Male,Sales,Account Executive,6090.0,2024-12-16,2025-12-25,1,Yes,2.0,3.0,3.0,2.0,2.0
E-2310,Jennifer Hernandez,49,Female,Sales,Account Executive,6250.0,2024-08-17,,2,No,2.0,3.0,2.0,3.0,3.0
E-1517,William Day,33,Male,Engineering,QA Analyst,,2026-01-09,2026-02-08,0,Yes,3.0,3.0,3.0,2.0,3.0
E-2122,David Hinton,41,Male,Sales,Account Executive,5240.0,2024-11-20,2025-10-02,1,Yes,2.0,2.0,2.0,3.0,3.0
E-2422,Kyle Welch,41,Female,Sales,Sales Development Rep,6510.0,2023-06-24,2026-08-04,3,Yes,2.0,2.0,2.0,3.0,2.0
E-1858,Nicole Phillips,42,Female,Engineering,Support Engineer,8880.0,2020-03-11,,6,No,3.0,2.0,4.0,3.0,2.0
E-1501,Jennifer Banks,19,Female,Engineering,QA Analyst,5250.0,2021-12-23,,4,No,2.0,3.0,3.0,3.0,3.0
E-1396,Dana Chapman,21,Male,Engineering,QA Analyst,6140.0,2026-02-26,2026-03-28,0,Yes,3.0,3.0,3.0,3.0,3.0
E-2214,Jonathan Perry,41,Male,Sales,Account Executive,,2026-04-25,,0,No,2.0,3.0,3.0,4.0,2.0
E-1120,Jeffrey Chandler,56,Female,Engineering,Software Engineer,7860.0,2021-01-28,,5,No,3.0,2.0,2.0,2.0,3.0
E-2086,Katherine Welch,23,Female,Sales,Account Executive,5980.0,2025-03-16,,1,No,2.0,2.0,2.0,2.0,4.0
E-1390,Scott Williams,45,Male,Engineering,QA Analyst,9820.0,2022-07-22,,4,No,2.0,1.0,3.0,3.0,2.0
E-1007,Abigail Shaffer,26,Male,Human Resources,HR Partner,6130.0,2020-05-11,,6,No,4.0,3.0,2.0,3.0,2.0
E-2130,James Rivers,35,Female,Sales,Account Executive,6150.0,2024-02-24,2026-01-18,2,Yes,3.0,3.0,4.0,3.0,3.0
E-2287,Carrie Valdez,33,Male,Sales,Account Executive,6100.0,2016-12-16,,9,No,4.0,4.0,2.0,3.0,4.0
E-1600,Susan Thompson,42,Male,Engineering,Data Engineer,6040.0,2017-02-19,,9,No,3.0,3.0,4.0,4.0,3.0
E-2007,Kristen Randall,40,Female,Engineering,Engineering Manager,7640.0,2022-06-17,,4,No,3.0,3.0,3.0,2.0,3.0
E-1410,Jesse Brown,33,Male,Engineering,QA Analyst,6830.0,2026-04-21,,0,No,4.0,2.0,2.0,3.0,3.0
E-1735,Steven Stein,60,Male,Engineering,Data Engineer,5480.0,2023-07-07,,3,No,2.0,3.0,3.0,3.0,2.0
E-1808,Robert Gonzales,54,Male,Engineering,Support Engineer,7500.0,2022-11-14,,3,No,2.0,3.0,2.0,3.0,3.0
E-2381,Kevin Nguyen,34,Female,Sales,Sales Development Rep,6200.0,2026-03-23,,0,No,3.0,3.0,2.0,2.0,3.0
E-2176,Janice Petty,33,Male,Sales,Account Executive,6410.0,2016-05-20,,10,No,4.0,3.0,2.0,3.0,4.0
E-2198,Jasmine Frye,35,Female,Sales,Account Executive,,2025-04-05,2026-02-27,1,Yes,3.0,2.0,3.0,3.0,3.0
E-1105,Richard Henson,27,Male,Engineering,Software Engineer,6000.0,2024-01-20,2026-03-20,2,Yes,3.0,4.0,2.0,3.0,3.0
E-1337,Daniel Kane,32,Male,Engineering,Software Engineer,6700.0,2021-03-07,,5,No,3.0,4.0,2.0,3.0,3.0
E-1418,Carrie Wright,44,Male,Engineering,QA Analyst,6390.0,2024-04-28,2026-03-01,2,Yes,2.0,2.0,4.0,3.0,2.0
E-1389,Sandra Drake,18,Male,Engineering,QA Analyst,6420.0,2026-07-13,2026-08-12,0,Yes,3.0,2.0,3.0,3.0,3.0
E-1439,Rhonda Martin,27,Female,Engineering,QA Analyst,8140.0,2019-02-20,,7,No,3.0,3.0,3.0,3.0,2.0
E-1792,Cody Reid,31,Male,Engineering,Support Engineer,9660.0,2016-06-20,,10,No,2.0,1.0,3.0,3.0,3.0
E-1564,Veronica Silva,21,Male,Engineering,QA Analyst,7140.0,2025-07-15,,1,No,2.0,2.0,2.0,2.0,2.0
E-2129,Anna Briggs,47,Female,Sales,Account Executive,4630.0,2024-04-26,,2,No,3.0,3.0,3.0,,3.0
E-2313,John Anderson,46,Male,Sales,Account Executive,4970.0,2015-12-21,,10,No,2.0,2.0,2.0,2.0,2.0
E-1996,Brittany Ward,40,Male,Engineering,Engineering Manager,8600.0,2020-05-30,,6,No,4.0,3.0,3.0,4.0,2.0
E-1716,David Davenport,51,Male,Engineering,Data Engineer,6360.0,2022-02-01,,4,No,4.0,3.0,3.0,3.0,3.0
E-2105,Shawn Scott,29,Female,Sales,Account Executive,5070.0,2022-02-25,,4,No,3.0,2.0,3.0,2.0,3.0
E-2192,Ryan Vaughn,27,Male,Sales,Account Executive,5260.0,2026-02-27,2026-03-29,0,Yes,3.0,3.0,3.0,3.0,3.0
E-2081,Kathryn Dillon,31,Male,Sales,Account Executive,6160.0,2021-05-20,,5,No,1.0,4.0,3.0,2.0,3.0
E-1727,Christian Dawson,43,Female,Engineering,Data Engineer,6180.0,2022-11-16,,3,No,3.0,2.0,3.0,3.0,3.0
E-1581,William Evans,31,Female,Engineering,QA Analyst,8630.0,2026-06-11,,0,No,3.0,2.0,1.0,2.0,
E-2288,Matthew Houston,42,Male,Sales,Account Executive,5080.0,2021-11-25,,4,No,2.0,2.0,3.0,4.0,4.0
E-1576,Kelly Edwards,30,Female,Engineering,QA Analyst,5980.0,2023-07-26,,3,No,2.0,2.0,2.0,3.0,2.0
E-1805,Kimberly Fritz,37,Male,Engineering,Support Engineer,7450.0,2023-10-15,,2,No,2.0,2.0,3.0,3.0,3.0
E-2480,Ashley Mills,55,Female,Sales,Sales Manager,7740.0,2024-10-15,,1,No,3.0,2.0,3.0,3.0,2.0
E-2317,Robert Clarke,35,Female,Sales,Account Executive,5250.0,2022-08-20,,4,No,3.0,,3.0,3.0,2.0
E-1712,Stephanie Elliott,32,Male,Engineering,Data Engineer,5610.0,2025-05-27,2026-03-30,1,Yes,3.0,3.0,2.0,2.0,2.0
E-1632,Joyce Brown,39,Male,Engineering,Data Engineer,7490.0,2023-05-26,,3,No,2.0,3.0,3.0,2.0,3.0
E-2429,Theresa Woods,30,Male,Sales,Sales Development Rep,6490.0,2011-04-05,,15,No,3.0,3.0,2.0,3.0,3.0
E-1967,Marie Thompson,47,Male,Engineering,Engineering Manager,6430.0,2014-07-30,,12,No,2.0,3.0,3.0,2.0,3.0
E-2458,Christopher Hill,56,Female,Sales,Sales Manager,7780.0,2022-10-25,,3,No,3.0,3.0,2.0,3.0,2.0
E-2030,Alicia Roth,30,Female,Sales,Account Executive,6800.0,2020-05-08,,6,No,2.0,3.0,3.0,3.0,4.0
E-1192,Karen Graham,28,Female,Engineering,Software Engineer,6520.0,2016-06-01,,10,No,3.0,2.0,2.0,4.0,2.0
E-2087,Mark Smith,22,Female,Sales,Account Executive,8060.0,2020-01-22,,6,No,3.0,,3.0,3.0,3.0
E-1962,Sylvia Schroeder,39,Male,Engineering,Engineering Manager,8260.0,2023-09-28,,2,No,3.0,3.0,3.0,2.0,3.0
E-1071,Jordan Henderson,30,Female,Engineering,Software Engineer,6340.0,2024-04-18,,2,No,3.0,3.0,3.0,4.0,2.0
E-1643,Joshua Rice,23,Female,Engineering,Data Engineer,4960.0,2024-03-31,2026-05-16,2,Yes,3.0,3.0,3.0,,3.0
E-2152,Robert West,43,Male,Sales,Account Executive,6560.0,2021-07-10,,5,No,2.0,3.0,2.0,3.0,3.0
E-1365,Tracy Burke,30,Male,Engineering,QA Analyst,6470.0,2022-03-09,2026-03-31,4,Yes,3.0,3.0,2.0,3.0,3.0
E-1276,Matthew Moore,41,Male,Engineering,Software Engineer,6150.0,2019-09-22,,6,No,2.0,3.0,3.0,4.0,2.0
E-2299,Kenneth Brown,40,Male,Sales,Account Executive,,2025-04-23,2026-05-14,1,Yes,2.0,4.0,3.0,2.0,3.0
E-1170,Daniel Murphy,23,Female,Engineering,Software Engineer,6740.0,2020-12-03,,5,No,2.0,3.0,4.0,3.0,2.0
E-2412,Brian Brown,55,Male,Sales,Sales Development Rep,6930.0,2020-12-06,,5,No,2.0,1.0,2.0,2.0,3.0
E-2305,Rebecca Hoover,38,Female,Sales,Account Executive,6600.0,2017-11-25,,8,No,4.0,1.0,2.0,3.0,4.0
E-2309,Dale Heath,52,Female,Sales,Account Executive,5100.0,2018-09-30,,7,No,2.0,3.0,3.0,2.0,3.0
E-1496,Lawrence Harrington,37,Female,Engineering,QA Analyst,6750.0,2023-05-03,,3,No,2.0,1.0,3.0,4.0,3.0
E-1992,Brian Harris,38,Male,Engineering,Engineering Manager,8360.0,2017-06-09,,9,No,3.0,4.0,3.0,3.0,3.0
E-1444,Holly Valentine,20,Male,Engineering,QA Analyst,8340.0,2021-08-12,,5,No,2.0,3.0,2.0,2.0,3.0
E-2314,Samantha Prince,20,Male,Sales,Account Executive,,2016-01-06,,10,No,3.0,2.0,3.0,3.0,3.0
E-1155,Brenda Hall,35,Female,Engineering,Software Engineer,7010.0,2023-05-09,,3,No,3.0,3.0,3.0,3.0,3.0
E-1248,Frank Cordova,26,Male,Engineering,Software Engineer,6660.0,2012-11-12,,13,No,3.0,2.0,2.0,3.0,4.0
E-1210,Brian Lee,28,Female,Engineering,Software Engineer,7230.0,2024-09-01,,2,No,3.0,2.0,3.0,2.0,2.0
E-1865,Austin Baker,35,Male,Engineering,Support Engineer,6890.0,2022-09-13,,4,No,3.0,3.0,3.0,4.0,2.0
E-1893,Jake Shaw,64,Male,Engineering,Engineering Lead,7340.0,2025-08-04,,1,No,3.0,4.0,3.0,3.0,3.0
E-1484,Steve Paul,27,Female,Engineering,QA Analyst,7940.0,2015-11-01,,10,No,2.0,2.0,3.0,2.0,3.0
E-2435,Phillip Kent,26,Female,Sales,Sales Development Rep,5410.0,2014-03-18,,12,No,3.0,3.0,2.0,3.0,3.0
E-2140,Ernest Bush,49,Male,Sales,Account Executive,6400.0,2026-05-23,,0,No,3.0,2.0,2.0,3.0,3.0
E-1963,Shannon Yu,40,Female,Engineering,Engineering Manager,6060.0,2025-10-03,,0,No,3.0,,4.0,3.0,3.0
E-1473,Lori Ingram,46,Female,Engineering,QA Analyst,6250.0,2026-06-14,,0,No,3.0,3.0,2.0,4.0,1.0
E-1065,Jessica Callahan,41,Male,Engineering,Software Engineer,6410.0,2020-08-19,,6,No,2.0,4.0,3.0,3.0,2.0
E-1293,Jeremy Reed,64,Male,Engineering,Software Engineer,7420.0,2019-02-19,,7,No,2.0,2.0,3.0,3.0,2.0
E-1719,Kathryn Mccann,45,Female,Engineering,Data Engineer,7920.0,2023-02-27,,3,No,3.0,2.0,3.0,3.0,4.0
E-1311,Dr. Paul Morgan,41,Male,Engineering,Software Engineer,6620.0,2024-09-14,,2,No,3.0,3.0,3.0,2.0,3.0
E-1783,Chelsea Nguyen,32,Female,Engineering,Support Engineer,7340.0,2017-02-27,,9,No,3.0,3.0,3.0,3.0,3.0
E-1762,Amanda Terrell,59,Female,Engineering,Support Engineer,6370.0,2015-12-26,,10,No,2.0,3.0,,4.0,3.0
E-2496,Heather Ellis,27,Female,Sales,Sales Manager,5390.0,2023-09-03,,3,No,3.0,3.0,,3.0,3.0
E-1214,Katherine Salas,53,Female,Engineering,Software Engineer,6850.0,2025-05-22,,1,No,2.0,3.0,1.0,2.0,2.0
E-1004,Daniel Wagner,35,Female,Human Resources,HR Partner,4760.0,2021-11-21,2025-12-10,4,Yes,3.0,3.0,2.0,3.0,3.0
E-2241,Preston Kim,34,Female,Sales,Account Executive,5620.0,2023-10-29,,2,No,3.0,1.0,2.0,3.0,2.0
E-2385,Jacqueline Dickerson,65,Male,Sales,Sales Development Rep,5930.0,2022-11-02,,3,No,3.0,3.0,2.0,3.0,3.0
E-2292,Christopher Jones,27,Female,Sales,Account Executive,7270.0,2024-08-19,,2,No,2.0,3.0,2.0,3.0,3.0
E-2017,Suzanne Jones,51,Female,Engineering,Engineering Manager,6870.0,2015-01-16,,11,No,3.0,3.0,3.0,2.0,3.0
E-2366,Debra Valentine,40,Male,Sales,Sales Development Rep,7730.0,2024-05-07,,2,No,2.0,2.0,2.0,3.0,3.0
E-1677,Kristen Rowe,37,Female,Engineering,Data Engineer,6680.0,2025-01-12,,1,No,3.0,2.0,3.0,3.0,2.0
E-2276,Jonathan Bates,44,Male,Sales,Account Executive,6060.0,2019-08-18,,7,No,3.0,3.0,3.0,2.0,2.0
E-1297,Laura Haney,51,Female,Engineering,Software Engineer,7590.0,2024-09-06,,2,No,2.0,3.0,3.0,3.0,3.0
E-1117,William Herrera,34,Male,Engineering,Software Engineer,6220.0,2025-04-27,,1,No,2.0,3.0,3.0,4.0,3.0
E-1470,Jeanette Harrison,57,Male,Engineering,QA Analyst,7890.0,2022-04-11,,4,No,3.0,4.0,3.0,3.0,2.0
E-2036,Natalie Malone,32,Male,Sales,Account Executive,5190.0,2021-04-26,,5,No,3.0,2.0,3.0,3.0,3.0
E-2459,Richard Smith,56,Female,Sales,Sales Manager,5140.0,2016-09-09,,10,No,3.0,3.0,3.0,2.0,2.0
E-1459,Aaron Miller,42,Male,Engineering,QA Analyst,6300.0,2024-08-08,,2,No,2.0,2.0,2.0,3.0,4.0
E-1671,Chelsea Gill,48,Male,Engineering,Data Engineer,5260.0,2016-08-10,,10,No,3.0,3.0,3.0,2.0,2.0
E-1380,Megan Nelson,27,Male,Engineering,QA Analyst,6680.0,2025-12-23,2026-01-22,0,Yes,2.0,2.0,2.0,3.0,2.0
E-1570,Michael Johnson,19,Female,Engineering,QA Analyst,4790.0,2016-10-14,2025-08-25,9,Yes,2.0,3.0,,3.0,2.0
E-1937,Amanda Harvey,51,Female,Engineering,Engineering Lead,,2024-06-19,,2,No,3.0,3.0,2.0,3.0,3.0
E-1292,Stephanie Byrd,41,Male,Engineering,Software Engineer,7100.0,2015-07-13,,11,No,3.0,2.0,3.0,3.0,3.0
E-2217,Paul Moreno,39,Male,Sales,Account Executive,7510.0,2008-04-10,,18,No,2.0,3.0,,3.0,3.0
E-1028,Stephanie Ross,26,Male,Human Resources,HR Partner,4220.0,2013-01-25,,13,No,3.0,2.0,2.0,2.0,4.0
E-1339,Scott Thomas,24,Female,Engineering,Software Engineer,6960.0,2020-10-16,,5,No,4.0,3.0,3.0,3.0,2.0
E-2491,Eric Blackburn,30,Female,Sales,Sales Manager,7550.0,2026-04-04,,0,No,3.0,3.0,3.0,2.0,3.0
E-2171,Tina Taylor,48,Male,Sales,Account Executive,5480.0,2024-03-01,2026-02-06,2,Yes,3.0,1.0,3.0,3.0,3.0
E-2006,Joshua Arellano,54,Female,Engineering,Engineering Manager,7340.0,2023-09-29,,2,No,3.0,2.0,3.0,2.0,3.0
E-1972,Jenna Gamble,26,Female,Engineering,Engineering Manager,6070.0,2025-07-11,,1,No,3.0,3.0,3.0,3.0,3.0
E-1030,Anthony Rodriguez,38,Female,Human Resources,HR Partner,4110.0,2026-04-23,,0,No,2.0,3.0,2.0,3.0,3.0
E-1098,Deborah Figueroa,38,Female,Engineering,Software Engineer,7480.0,2016-03-26,,10,No,3.0,1.0,3.0,3.0,2.0
E-2059,Sarah Brooks,39,Female,Sales,Account Executive,6010.0,2025-07-12,2026-07-03,1,Yes,2.0,2.0,3.0,2.0,
E-2312,Richard Gordon,32,Female,Sales,Account Executive,3180.0,2017-05-29,,9,No,,3.0,2.0,3.0,2.0
E-1919,Bryan Moore,46,Male,Engineering,Engineering Lead,6570.0,2007-02-20,,19,No,4.0,3.0,3.0,2.0,3.0
E-2376,Kenneth Brown,32,Female,Sales,Sales Development Rep,5480.0,2021-09-13,,5,No,3.0,3.0,3.0,3.0,2.0
E-1584,Denise Martinez,29,Male,Engineering,QA Analyst,6080.0,2021-12-20,2025-12-31,4,Yes,3.0,4.0,3.0,3.0,2.0
E-2386,Christopher Anderson,33,Female,Sales,Sales Development Rep,7830.0,2019-05-03,,7,No,3.0,2.0,2.0,2.0,3.0
E-2358,Tonya Ellis,51,Male,Sales,Sales Development Rep,6460.0,2025-10-05,2025-11-04,0,Yes,3.0,3.0,2.0,3.0,3.0
E-1616,Matthew Schwartz,30,Female,Engineering,Data Engineer,6400.0,2019-02-06,,7,No,2.0,3.0,3.0,3.0,3.0
E-2461,Jacqueline Davis,49,Male,Sales,Sales Manager,6650.0,2019-09-08,,7,No,3.0,2.0,3.0,2.0,2.0
E-2032,Annette Melton,32,Female,Sales,Account Executive,3910.0,2025-10-27,,0,No,3.0,3.0,2.0,3.0,2.0
E-1574,Nancy Brown,32,Male,Engineering,QA Analyst,8170.0,2026-09-08,,0,No,3.0,3.0,4.0,4.0,
E-2488,Justin Hurley,27,Female,Sales,Sales Manager,6740.0,2021-11-16,,4,No,2.0,3.0,3.0,2.0,3.0
E-1619,Emily Wilson,37,Male,Engineering,Data Engineer,6080.0,2025-12-08,2026-01-07,0,Yes,2.0,3.0,2.0,,3.0
E-1301,Tanner Mitchell Dds,38,Female,Engineering,Software Engineer,6700.0,2024-06-08,,2,No,2.0,3.0,3.0,,3.0
E-2160,Kara Sandoval,42,Female,Sales,Account Executive,4950.0,2022-05-01,,4,No,3.0,3.0,3.0,4.0,3.0
E-2090,Lucas Schultz,56,Male,Sales,Account Executive,5490.0,2026-01-31,,0,No,2.0,4.0,4.0,2.0,3.0
E-2329,Karen Wood,32,Female,Sales,Account Executive,6040.0,2025-08-20,2026-06-21,1,Yes,2.0,3.0,1.0,3.0,3.0
E-2203,Kimberly Morrison,40,Female,Sales,Account Executive,5230.0,2023-11-29,2025-10-08,2,Yes,2.0,3.0,3.0,2.0,3.0
E-2470,Cody Bailey,44,Female,Sales,Sales Manager,5520.0,2015-12-13,,10,No,3.0,3.0,4.0,3.0,2.0
E-2216,Gary Ward,47,Female,Sales,Account Executive,5750.0,2023-11-24,,2,No,3.0,4.0,2.0,3.0,3.0
E-1699,Renee Browning,23,Male,Engineering,Data Engineer,7310.0,2010-03-17,,16,No,2.0,2.0,2.0,4.0,2.0
E-1779,Allen Mendez,43,Female,Engineering,Support Engineer,5910.0,2011-07-05,,15,No,,3.0,3.0,2.0,3.0
E-1959,Thomas Harris,38,Male,Engineering,Engineering Manager,7950.0,2020-04-01,,6,No,3.0,3.0,4.0,3.0,3.0
E-1933,Joel Jackson,38,Female,Engineering,Engineering Lead,7370.0,2016-04-03,,10,No,4.0,3.0,4.0,2.0,3.0
E-1119,Victor Baker,40,Female,Engineering,Software Engineer,6970.0,2015-04-16,,11,No,3.0,2.0,2.0,3.0,3.0
E-2073,Catherine Davis,45,Male,Sales,Account Executive,5160.0,2026-01-08,2026-02-07,0,Yes,3.0,2.0,3.0,2.0,4.0
E-1795,Jerry Brown,39,Female,Engineering,Support Engineer,5980.0,2024-07-04,,2,No,2.0,1.0,2.0,2.0,3.0
E-2166,Levi Lopez,51,Male,Sales,Account Executive,6540.0,2023-08-06,,3,No,3.0,4.0,2.0,2.0,4.0
E-1460,Ruben Dunn,18,Male,Engineering,QA Analyst,4950.0,2024-05-17,2026-06-15,2,Yes,2.0,3.0,3.0,3.0,2.0
E-2194,Ashley Parrish,21,Female,Sales,Account Executive,7560.0,2018-06-28,,8,No,3.0,,3.0,3.0,2.0
E-2069,Laura Lee,35,Male,Sales,Account Executive,6930.0,2020-01-19,,6,No,3.0,3.0,4.0,3.0,3.0
E-2303,Jerry Haney,38,Female,Sales,Account Executive,4660.0,2025-01-06,2025-12-06,1,Yes,3.0,2.0,2.0,3.0,3.0
E-1761,Mary Kelly,27,Female,Engineering,Support Engineer,6170.0,2014-01-27,,12,No,2.0,2.0,3.0,3.0,2.0
E-1629,Joseph Wilson,32,Female,Engineering,Data Engineer,5690.0,2024-02-03,2026-01-25,2,Yes,3.0,3.0,4.0,2.0,3.0
E-2167,Jenna Bryant,40,Female,Sales,Account Executive,4880.0,2010-07-30,,16,No,4.0,1.0,3.0,2.0,3.0
E-1492,Heather Bolton,49,Male,Engineering,QA Analyst,,2019-03-13,,7,No,4.0,3.0,2.0,,3.0
E-2181,Michelle Walls,29,Female,Sales,Account Executive,6410.0,2014-02-05,,12,No,2.0,3.0,,2.0,3.0
E-1357,Jesse Perry,54,Male,Engineering,QA Analyst,7780.0,2016-02-27,,10,No,2.0,3.0,2.0,2.0,1.0
E-1279,Shannon James,45,Male,Engineering,Software Engineer,,2018-06-06,,8,No,3.0,3.0,2.0,3.0,2.0
E-2011,Kathryn Lester,45,Male,Engineering,Engineering Manager,5980.0,2023-09-10,2026-09-13,3,Yes,2.0,3.0,3.0,3.0,3.0
E-1243,Kevin Walters,50,Male,Engineering,Software Engineer,6720.0,2022-04-09,,4,No,4.0,2.0,3.0,,3.0
E-2024,Joseph Cooper,52,Male,Sales,Account Executive,6030.0,2018-09-17,,8,No,2.0,,2.0,3.0,2.0
E-1023,Ethan Adams,38,Male,Human Resources,HR Partner,4350.0,2023-02-02,,3,No,3.0,2.0,3.0,3.0,2.0
E-1969,Courtney Chapman,29,Male,Engineering,Engineering Manager,7390.0,2019-12-03,,6,No,3.0,3.0,3.0,3.0,2.0
E-2446,Amy Rowe,27,Female,Sales,Sales Development Rep,5970.0,2024-10-12,,1,No,2.0,2.0,,2.0,4.0
E-1840,Michele Smith,29,Female,Engineering,Support Engineer,6530.0,2020-12-04,,5,No,3.0,2.0,2.0,,3.0
E-2040,Corey Whitaker,41,Male,Sales,Account Executive,5400.0,2024-11-06,2025-12-18,1,Yes,1.0,4.0,3.0,3.0,3.0
E-2085,Eugene Baldwin,41,Male,Sales,Account Executive,6420.0,2020-07-15,,6,No,3.0,3.0,3.0,2.0,3.0
E-2008,Jennifer Nichols,35,Female,Engineering,Engineering Manager,8380.0,2021-06-22,,5,No,3.0,3.0,3.0,3.0,3.0
E-1203,Elizabeth Perkins,55,Female,Engineering,Software Engineer,,2020-11-02,,5,No,2.0,3.0,3.0,3.0,2.0
E-1035,Debra Davidson,39,Female,Human Resources,HR Partner,4990.0,2026-08-24,,0,No,3.0,3.0,3.0,3.0,3.0
E-2045,Cassandra Harrell,37,Male,Sales,Account Executive,5620.0,2022-09-17,,4,No,3.0,4.0,3.0,4.0,3.0
E-2308,Crystal Cruz,45,Female,Sales,Account Executive,7240.0,2020-05-01,,6,No,4.0,3.0,2.0,3.0,4.0
E-1545,Mr. Alexander Landry Md,25,Female,Engineering,QA Analyst,5550.0,2022-06-10,,4,No,2.0,3.0,3.0,3.0,4.0
E-1908,Kelly Haynes,43,Male,Engineering,Engineering Lead,7780.0,2017-01-20,,9,No,,3.0,2.0,2.0,3.0
E-1690,Maria Brown,59,Female,Engineering,Data Engineer,7200.0,2021-12-13,,4,No,3.0,2.0,2.0,3.0,2.0
E-1115,Garrett Lin,40,Male,Engineering,Software Engineer,7510.0,2021-04-14,,5,No,3.0,3.0,2.0,3.0,3.0
E-1664,Samuel Turner,36,Male,Engineering,Data Engineer,8000.0,2020-09-14,,6,No,3.0,3.0,3.0,3.0,3.0
E-2277,Renee Mendez,28,Female,Sales,Account Executive,6210.0,2015-10-22,,10,No,3.0,,3.0,3.0,2.0
E-2050,Megan Adams,39,Male,Sales,Account Executive,5520.0,2021-07-12,,5,No,3.0,3.0,2.0,3.0,
E-1686,Mr. Michael Scott Phd,43,Male,Engineering,Data Engineer,7260.0,2021-04-20,,5,No,3.0,4.0,3.0,3.0,3.0
E-1084,Paul Jones,29,Male,Engineering,Software Engineer,5570.0,2021-10-15,2025-12-07,4,Yes,3.0,3.0,3.0,3.0,2.0
E-2033,William Ramos,49,Male,Sales,Account Executive,5060.0,2023-07-23,,3,No,3.0,3.0,2.0,2.0,3.0
E-1776,Christopher Moore,37,Male,Engineering,Support Engineer,6170.0,2022-12-29,2025-11-17,3,Yes,3.0,3.0,2.0,3.0,4.0
E-1587,Dwayne Klein,41,Male,Engineering,QA Analyst,7800.0,2016-06-01,,10,No,1.0,2.0,3.0,2.0,3.0
E-2440,Chelsea Smith,18,Female,Sales,Sales Development Rep,5550.0,2025-06-01,2026-07-11,1,Yes,3.0,2.0,3.0,3.0,2.0
E-1906,Johnathan Brown,26,Female,Engineering,Engineering Lead,6830.0,2021-03-04,,5,No,3.0,3.0,3.0,3.0,2.0
E-1405,Joann Glass,28,Female,Engineering,QA Analyst,,2008-12-11,,17,No,2.0,4.0,2.0,2.0,3.0
E-2115,Dennis Mills,37,Female,Sales,Account Executive,6210.0,2024-08-29,,2,No,2.0,3.0,4.0,3.0,2.0
E-1224,Theresa Clark,50,Female,Engineering,Software Engineer,7680.0,2023-12-01,,2,No,2.0,2.0,3.0,2.0,3.0
E-1159,Melissa Gates,43,Female,Engineering,Software Engineer,8480.0,2022-07-15,,4,No,3.0,3.0,2.0,2.0,2.0
E-1215,Julie Alexander,39,Male,Engineering,Software Engineer,5570.0,2020-03-25,,6,No,3.0,2.0,4.0,1.0,2.0
E-1249,Jose Travis,50,Male,Engineering,Software Engineer,8120.0,2025-09-24,,0,No,3.0,3.0,2.0,3.0,4.0
E-2202,Michele Holland,27,Male,Sales,Account Executive,6270.0,2026-04-25,,0,No,2.0,3.0,2.0,3.0,4.0
E-2437,Rhonda Gutierrez,36,Female,Sales,Sales Development Rep,5700.0,2026-04-26,,0,No,3.0,3.0,2.0,3.0,1.0
E-1856,Melissa Abbott,28,Female,Engineering,Support Engineer,6360.0,2018-02-28,,8,No,3.0,3.0,3.0,3.0,4.0
E-1828,Claudia Jordan,46,Female,Engineering,Support Engineer,,2019-03-27,,7,No,2.0,3.0,,1.0,2.0
E-1137,Robert Potter,46,Male,Engineering,Software Engineer,7530.0,2025-02-15,,1,No,,3.0,3.0,3.0,3.0
E-2452,Vickie Kennedy,48,Male,Sales,Sales Manager,6130.0,2011-12-24,,14,No,3.0,2.0,2.0,2.0,3.0
E-1262,Desiree Tyler,27,Male,Engineering,Software Engineer,7960.0,2022-02-13,,4,No,3.0,3.0,2.0,2.0,4.0
E-1369,Renee Bruce,42,Male,Engineering,QA Analyst,6330.0,2022-05-04,,4,No,3.0,3.0,3.0,1.0,3.0
E-1100,Stephen Mckee,35,Male,Engineering,Software Engineer,6370.0,2024-06-24,,2,No,1.0,3.0,2.0,3.0,3.0
E-1318,Ashley Hall,28,Male,Engineering,Software Engineer,6350.0,2019-08-18,,7,No,2.0,3.0,2.0,3.0,2.0
E-2263,Jessica Larsen,50,Female,Sales,Account Executive,8140.0,2019-12-07,,6,No,2.0,3.0,2.0,2.0,4.0
E-1592,Kiara Little,41,Female,Engineering,Data Engineer,5600.0,2017-02-21,,9,No,2.0,3.0,3.0,3.0,3.0
E-2474,Aaron Little,48,Female,Sales,Sales Manager,5650.0,2006-07-08,,20,No,2.0,2.0,4.0,3.0,2.0
E-1627,Amy Kelley,64,Male,Engineering,Data Engineer,5940.0,2008-01-08,2025-12-01,18,Yes,3.0,3.0,2.0,4.0,3.0
E-1839,Michael Young,64,Female,Engineering,Support Engineer,4620.0,2016-08-22,,10,No,2.0,3.0,2.0,4.0,3.0
E-1356,Jesse Perez,36,Male,Engineering,QA Analyst,6020.0,2024-01-16,2026-02-06,2,Yes,2.0,3.0,2.0,3.0,3.0
E-1125,Helen Jones,24,Male,Engineering,Software Engineer,5860.0,2025-03-26,,1,No,3.0,3.0,2.0,2.0,4.0
E-2284,Jesse Williams,18,Male,Sales,Account Executive,8820.0,2022-02-04,,4,No,2.0,3.0,3.0,3.0,2.0
E-1319,Stephen Hoffman,22,Male,Engineering,Software Engineer,6510.0,2021-12-03,,4,No,2.0,3.0,4.0,1.0,2.0
E-1250,Kimberly Gutierrez,29,Female,Engineering,Software Engineer,,2020-01-12,,6,No,2.0,3.0,3.0,3.0,2.0
E-1903,Sherry Tapia,34,Female,Engineering,Engineering Lead,4910.0,2018-02-27,2026-02-24,8,Yes,3.0,3.0,2.0,3.0,4.0
E-2371,Megan Alvarado,21,Female,Sales,Sales Development Rep,4860.0,2019-12-31,,6,No,3.0,3.0,3.0,2.0,2.0
E-1333,Jordan Bates,47,Female,Engineering,Software Engineer,6660.0,2023-01-17,,3,No,3.0,3.0,3.0,2.0,3.0
E-1718,Brenda Hinton,63,Female,Engineering,Data Engineer,5950.0,2019-07-20,,7,No,3.0,3.0,3.0,2.0,3.0
E-1219,Justin Torres,41,Male,Engineering,Software Engineer,4700.0,2022-01-13,,4,No,3.0,3.0,2.0,3.0,3.0
E-1325,Natalie Bautista,45,Male,Engineering,Software Engineer,4100.0,2021-10-24,,4,No,3.0,3.0,2.0,3.0,4.0
E-1609,Rachel Bradley,56,Male,Engineering,Data Engineer,5560.0,2026-08-01,,0,No,3.0,3.0,3.0,3.0,3.0
E-1395,Tamara Davis,26,Male,Engineering,QA Analyst,6310.0,2024-07-29,2026-08-27,2,Yes,3.0,3.0,2.0,3.0,4.0
E-1924,Amanda Sullivan Md,38,Male,Engineering,Engineering Lead,6370.0,2022-12-03,,3,No,2.0,3.0,3.0,3.0,2.0
E-2351,Destiny Obrien,37,Female,Sales,Sales Development Rep,,2009-09-15,,17,No,3.0,2.0,3.0,3.0,3.0
E-2098,Nicholas Carlson,37,Male,Sales,Account Executive,5970.0,2021-05-02,,5,No,3.0,3.0,3.0,3.0,3.0
E-1835,Bonnie Santos,45,Female,Engineering,Support Engineer,5530.0,2020-06-21,,6,No,2.0,3.0,2.0,4.0,2.0
E-1399,Ashley Hicks,32,Female,Engineering,QA Analyst,6310.0,2026-09-19,2026-08-07,0,Yes,2.0,1.0,2.0,1.0,3.0
E-1089,Lisa Archer,31,Male,Engineering,Software Engineer,6430.0,2022-04-08,,4,No,3.0,3.0,2.0,2.0,2.0
E-1118,Ashley Waller,19,Female,Engineering,Software Engineer,,2021-11-04,2025-10-17,4,Yes,3.0,2.0,3.0,3.0,3.0
E-1144,Christopher Rubio,59,Male,Engineering,Software Engineer,8040.0,2021-01-22,,5,No,2.0,3.0,2.0,2.0,1.0
E-1815,Scott Duke,27,Female,Engineering,Support Engineer,5830.0,2022-01-08,,4,No,4.0,3.0,,2.0,2.0
E-2495,Jennifer Garcia,36,Female,Sales,Sales Manager,5910.0,2026-02-01,,0,No,3.0,4.0,2.0,4.0,3.0
E-2051,Alejandro Deleon,40,Female,Sales,Account Executive,6140.0,2019-07-20,,7,No,3.0,3.0,3.0,2.0,2.0
E-2239,Angel Reilly,34,Female,Sales,Account Executive,5780.0,2023-08-29,2026-08-01,3,Yes,3.0,1.0,2.0,3.0,2.0
E-1412,Lisa Hunter,47,Female,Engineering,QA Analyst,7510.0,2019-09-21,,7,No,2.0,2.0,2.0,3.0,2.0
E-1845,Ashley Edwards,32,Male,Engineering,Support Engineer,6070.0,2007-07-27,,19,No,3.0,3.0,1.0,1.0,1.0
E-1556,Nicole Gonzalez,33,Male,Engineering,QA Analyst,6450.0,2020-10-19,2025-11-05,5,Yes,2.0,3.0,3.0,3.0,3.0
E-1871,Kimberly Myers,38,Female,Engineering,Engineering Lead,7210.0,2023-07-02,,3,No,3.0,2.0,2.0,2.0,3.0
E-2311,John Mendez,24,Male,Sales,Account Executive,4960.0,2023-09-19,2026-08-24,3,Yes,2.0,2.0,3.0,3.0,3.0
E-1312,Victor Taylor,30,Female,Engineering,Software Engineer,6610.0,2020-09-29,,5,No,2.0,3.0,3.0,2.0,3.0
E-1715,Jennifer Jones,30,Female,Engineering,Data Engineer,8580.0,2021-11-01,,4,No,2.0,1.0,3.0,4.0,3.0
E-1033,Tricia Valencia,34,Female,Human Resources,HR Partner,4920.0,2019-08-09,,7,No,3.0,3.0,2.0,3.0,2.0
E-2316,Andrew Moreno,43,Female,Sales,Account Executive,7120.0,2014-03-22,,12,No,2.0,3.0,4.0,3.0,3.0
E-1343,Anthony Harmon,37,Male,Engineering,QA Analyst,8080.0,2007-09-07,,19,No,2.0,2.0,2.0,3.0,3.0
E-2382,Debbie Dunn,63,Female,Sales,Sales Development Rep,6710.0,2022-03-20,,4,No,2.0,2.0,3.0,3.0,3.0
E-1045,Angelica Tucker,26,Female,Human Resources,HR Partner,5240.0,2024-08-19,,2,No,2.0,2.0,,4.0,3.0
E-1294,Margaret Coleman,41,Female,Engineering,Software Engineer,5790.0,2017-09-05,,9,No,1.0,2.0,3.0,3.0,
E-1764,Jessica Smith,25,Female,Engineering,Support Engineer,6520.0,2022-01-29,,4,No,2.0,2.0,2.0,3.0,2.0
E-2106,Amber Vang,32,Male,Sales,Account Executive,6510.0,2026-08-25,2026-08-30,0,Yes,3.0,3.0,2.0,3.0,3.0
E-1750,Leslie Gardner,26,Male,Engineering,Support Engineer,7250.0,2021-05-19,,5,No,3.0,3.0,3.0,3.0,2.0
E-2207,Justin Anderson,45,Female,Sales,Account Executive,6140.0,2024-11-06,,1,No,3.0,3.0,4.0,2.0,2.0
E-1124,Michelle Harmon,55,Male,Engineering,Software Engineer,6330.0,2016-08-05,,10,No,3.0,3.0,2.0,2.0,2.0
E-1878,Troy Mills,27,Male,Engineering,Engineering Lead,4930.0,2026-04-29,2026-05-29,0,Yes,2.0,3.0,2.0,4.0,4.0
E-1559,Larry Robertson,47,Female,Engineering,QA Analyst,5780.0,2025-03-04,2026-01-04,1,Yes,3.0,4.0,3.0,2.0,2.0
E-1638,Randy Cannon,29,Female,Engineering,Data Engineer,8280.0,2020-03-12,,6,No,3.0,3.0,2.0,3.0,3.0
E-2077,Elizabeth French,51,Female,Sales,Account Executive,6540.0,2024-09-11,,2,No,4.0,3.0,3.0,3.0,3.0
E-2278,Jose Griffin,38,Male,Sales,Account Executive,4880.0,2020-09-23,,5,No,2.0,2.0,2.0,3.0,3.0
E-2349,Brandon Mitchell,46,Male,Sales,Account Executive,5230.0,2015-11-30,,10,No,3.0,2.0,3.0,2.0,3.0
E-1794,Katherine Taylor,37,Female,Engineering,Support Engineer,5670.0,2022-09-30,,3,No,3.0,3.0,2.0,3.0,3.0
E-2335,Melissa Mann,31,Female,Sales,Account Executive,6030.0,2021-12-09,,4,No,3.0,3.0,2.0,3.0,
E-2228,Michael Ayala,32,Female,Sales,Account Executive,7220.0,2019-07-22,,7,No,2.0,2.0,2.0,2.0,3.0
E-1441,Jeremy Mitchell,43,Female,Engineering,QA Analyst,6050.0,2009-06-27,,17,No,2.0,3.0,3.0,3.0,2.0
E-1179,Lawrence Adkins,34,Male,Engineering,Software Engineer,6920.0,2008-08-13,,18,No,3.0,3.0,3.0,3.0,2.0
E-2306,Matthew Baker,43,Male,Sales,Account Executive,5370.0,2023-06-08,2026-07-08,3,Yes,2.0,2.0,3.0,2.0,3.0
E-1282,Tammie Bright,38,Female,Engineering,Software Engineer,7840.0,2022-05-23,,4,No,2.0,,3.0,3.0,2.0
E-1104,Christine Wright,40,Female,Engineering,Software Engineer,5300.0,2021-10-04,,4,No,3.0,3.0,3.0,2.0,3.0
E-1943,Joshua Washington,40,Male,Engineering,Engineering Lead,7530.0,2006-07-29,,20,No,3.0,3.0,3.0,3.0,2.0
E-1763,Jennifer Goodwin,57,Female,Engineering,Support Engineer,6540.0,2018-03-06,,8,No,3.0,3.0,3.0,2.0,3.0
E-1116,Diana May,51,Male,Engineering,Software Engineer,5420.0,2026-01-19,2026-02-18,0,Yes,2.0,3.0,2.0,2.0,3.0
E-2188,Donna Boone,51,Male,Sales,Account Executive,7980.0,2022-05-23,,4,No,3.0,3.0,2.0,2.0,3.0
E-1558,Gary Wells,43,Male,Engineering,QA Analyst,5400.0,2009-03-07,,17,No,3.0,2.0,3.0,2.0,3.0
E-2209,Brittney Hernandez,24,Male,Sales,Account Executive,5830.0,2020-12-07,,5,No,2.0,4.0,3.0,3.0,3.0
E-1995,Anthony Armstrong,30,Female,Engineering,Engineering Manager,6750.0,2023-06-30,,3,No,3.0,4.0,,3.0,3.0
E-2137,Michael Roberson,57,Female,Sales,Account Executive,4820.0,2016-07-28,2026-07-28,10,Yes,2.0,2.0,2.0,3.0,2.0
E-2101,Travis Hull,20,Male,Sales,Account Executive,4610.0,2024-03-23,2026-03-03,2,Yes,2.0,3.0,2.0,3.0,2.0
E-2223,Thomas Short,32,Male,Sales,Account Executive,5410.0,2023-11-05,,2,No,2.0,3.0,3.0,3.0,3.0
E-1591,Laurie Sanchez,55,Male,Engineering,Data Engineer,7670.0,2019-07-28,,7,No,,3.0,3.0,2.0,3.0
E-1167,Alyssa Long,56,Male,Engineering,Software Engineer,6580.0,2019-01-09,,7,No,3.0,2.0,2.0,4.0,3.0
E-2169,Timothy Monroe,21,Female,Sales,Account Executive,4830.0,2019-07-16,,7,No,3.0,2.0,3.0,3.0,3.0
E-2174,Monica Anderson,26,Male,Sales,Account Executive,7190.0,2022-06-19,,4,No,2.0,3.0,3.0,1.0,3.0
E-1535,Anthony Gonzales,40,Male,Engineering,QA Analyst,7000.0,2021-02-12,,5,No,3.0,2.0,3.0,3.0,4.0
E-1113,Julia Torres,54,Female,Engineering,Software Engineer,5800.0,2010-12-18,,15,No,4.0,4.0,3.0,4.0,3.0
E-1305,Maria Parker,45,Male,Engineering,Software Engineer,7630.0,2021-07-02,2026-06-06,5,Yes,3.0,3.0,2.0,3.0,3.0
E-2343,Regina Mitchell,44,Male,Sales,Account Executive,5200.0,2026-07-07,2026-08-06,0,Yes,3.0,2.0,2.0,3.0,2.0
E-1673,Felicia Krueger,25,Male,Engineering,Data Engineer,9000.0,2019-08-07,,7,No,4.0,3.0,3.0,3.0,2.0
E-1938,Edward Jenkins,35,Female,Engineering,Engineering Lead,8350.0,2025-06-27,,1,No,3.0,3.0,2.0,2.0,2.0
E-1056,Michael Lewis,34,Female,Human Resources,HR Manager,5040.0,2008-09-14,,18,No,2.0,2.0,3.0,3.0,3.0
E-1557,Kathryn Williams,31,Male,Engineering,QA Analyst,7010.0,2021-09-27,,4,No,3.0,2.0,2.0,2.0,3.0
E-1538,Bianca Wood,34,Female,Engineering,QA Analyst,5990.0,2023-11-11,,2,No,2.0,3.0,3.0,2.0,2.0
E-2420,Kimberly Nelson,34,Female,Sales,Sales Development Rep,5880.0,2019-12-31,,6,No,2.0,3.0,3.0,3.0,3.0
E-1693,Crystal Mann,27,Male,Engineering,Data Engineer,9080.0,2021-06-21,,5,No,3.0,1.0,2.0,2.0,4.0
E-1271,Jasmin Alvarado,29,Male,Engineering,Software Engineer,7830.0,2023-03-12,,3,No,3.0,3.0,3.0,3.0,3.0
E-1811,Carol Taylor,35,Male,Engineering,Support Engineer,4930.0,2021-09-01,,5,No,3.0,4.0,2.0,2.0,2.0
E-1252,Olivia Harris,41,Male,Engineering,Software Engineer,7500.0,2025-09-30,,0,No,4.0,1.0,2.0,2.0,
E-2451,Joel Wise,49,Male,Sales,Sales Manager,6600.0,2021-02-01,,5,No,4.0,2.0,3.0,3.0,2.0
E-1014,Michele Williams,22,Male,Human Resources,HR Partner,5220.0,2024-01-10,,2,No,4.0,3.0,2.0,3.0,3.0
E-2415,Christopher Pena,43,Male,Sales,Sales Development Rep,7130.0,2023-01-26,,3,No,3.0,3.0,2.0,2.0,3.0
E-2117,Jon Clark,33,Female,Sales,Account Executive,7320.0,2020-09-09,,6,No,2.0,3.0,2.0,2.0,3.0
E-1737,Charles Turner,37,Male,Engineering,Data Engineer,6740.0,2007-04-28,,19,No,3.0,3.0,2.0,3.0,4.0
E-1317,Lauren Carson,42,Female,Engineering,Software Engineer,,2012-10-23,,13,No,4.0,2.0,3.0,2.0,3.0
E-1154,Devon Flores,47,Male,Engineering,Software Engineer,8340.0,2024-11-16,,1,No,,3.0,4.0,3.0,2.0
E-1143,Patricia Rodriguez,46,Male,Engineering,Software Engineer,7540.0,2025-04-10,,1,No,3.0,4.0,2.0,3.0,3.0
E-1360,Ronald Davis,29,Female,Engineering,QA Analyst,5590.0,2023-08-07,,3,No,2.0,2.0,2.0,4.0,3.0
E-2348,Kelly Mclaughlin,60,Male,Sales,Account Executive,6280.0,2017-07-08,,9,No,3.0,1.0,2.0,2.0,3.0
E-1123,April Frost,42,Male,Engineering,Software Engineer,7380.0,2021-08-13,,5,No,4.0,3.0,2.0,3.0,3.0
E-2200,David Oliver,33,Female,Sales,Account Executive,5110.0,2024-07-29,,2,No,4.0,3.0,4.0,2.0,3.0
E-1687,Maria Henry,49,Male,Engineering,Data Engineer,6950.0,2018-04-04,,8,No,3.0,3.0,3.0,4.0,3.0
E-2229,Jessica Garcia,28,Female,Sales,Account Executive,6080.0,2015-12-07,,10,No,2.0,2.0,2.0,4.0,2.0
E-2237,Kimberly May,57,Male,Sales,Account Executive,6540.0,2019-04-07,,7,No,4.0,4.0,4.0,3.0,3.0
E-2238,Nicole Richards,38,Female,Sales,Account Executive,7590.0,2024-07-31,,2,No,3.0,3.0,3.0,3.0,2.0
E-2323,Laura Wilson,24,Female,Sales,Account Executive,7090.0,2017-05-31,2026-04-23,9,Yes,2.0,3.0,2.0,3.0,3.0
E-2039,Samuel Suarez,55,Female,Sales,Account Executive,4980.0,2015-03-24,,11,No,2.0,3.0,2.0,2.0,3.0
E-2215,Anna Walker,38,Male,Sales,Account Executive,6590.0,2026-04-02,,0,No,2.0,4.0,3.0,,3.0
E-1971,Nicholas Rush,32,Female,Engineering,Engineering Manager,8020.0,2017-09-16,,9,No,4.0,2.0,3.0,4.0,3.0
E-2273,Reginald Diaz,55,Female,Sales,Account Executive,,2017-06-11,,9,No,2.0,2.0,3.0,3.0,2.0
E-2019,Jimmy Marks,41,Female,Engineering,Engineering Manager,5820.0,2021-01-25,,5,No,3.0,3.0,2.0,3.0,3.0
E-1354,Michael Farrell,39,Female,Engineering,QA Analyst,4290.0,2023-03-09,2026-02-11,3,Yes,3.0,2.0,1.0,3.0,3.0
E-2408,Heidi Matthews,35,Male,Sales,Sales Development Rep,5570.0,2024-07-05,,2,No,2.0,3.0,3.0,2.0,3.0
E-1540,David Davis,46,Male,Engineering,QA Analyst,,2019-08-19,,7,No,3.0,3.0,2.0,3.0,3.0
E-1659,Travis Hobbs,39,Female,Engineering,Data Engineer,7180.0,2015-03-25,,11,No,2.0,2.0,3.0,2.0,3.0
E-1579,Melissa Bishop,29,Female,Engineering,QA Analyst,5460.0,2022-08-10,,4,No,3.0,3.0,2.0,3.0,3.0
E-1181,Alexander Collins,55,Male,Engineering,Software Engineer,6360.0,2023-06-17,,3,No,2.0,3.0,3.0,3.0,3.0
E-1156,Michelle Brown,35,Male,Engineering,Software Engineer,7950.0,2021-04-08,,5,No,2.0,3.0,3.0,3.0,3.0
E-1379,Anthony Moore,47,Male,Engineering,QA Analyst,4860.0,2025-09-16,2026-08-22,1,Yes,3.0,2.0,2.0,3.0,3.0
E-2158,Heidi Brown,41,Male,Sales,Account Executive,4950.0,2019-03-06,,7,No,3.0,1.0,3.0,,
E-2084,Keith Knox,52,Male,Sales,Account Executive,7410.0,2018-10-15,,7,No,3.0,3.0,3.0,3.0,4.0
E-1392,Laura Mckinney,48,Male,Engineering,QA Analyst,7080.0,2016-03-29,,10,No,2.0,2.0,3.0,2.0,3.0
E-1521,Amy Martinez,42,Female,Engineering,QA Analyst,8170.0,2024-05-19,,2,No,2.0,3.0,3.0,3.0,3.0
E-1934,Samantha Foster,40,Male,Engineering,Engineering Lead,4370.0,2018-10-13,,7,No,3.0,,3.0,3.0,3.0
E-1530,Angel May,62,Male,Engineering,QA Analyst,7780.0,2020-01-22,,6,No,2.0,2.0,2.0,3.0,3.0
E-2419,Erika Alvarez,54,Male,Sales,Sales Development Rep,,2017-11-24,,8,No,3.0,3.0,2.0,1.0,3.0
E-1780,Kevin Price,37,Female,Engineering,Support Engineer,8080.0,2026-02-19,,0,No,3.0,3.0,2.0,3.0,3.0
E-1296,John Young,34,Female,Engineering,Software Engineer,7990.0,2025-01-31,,1,No,3.0,2.0,2.0,3.0,3.0
E-1804,Rodney Williams,38,Male,Engineering,Support Engineer,6830.0,2026-01-13,2026-02-19,0,Yes,2.0,3.0,1.0,3.0,3.0
E-2342,Jessica Harris,54,Female,Sales,Account Executive,6220.0,2011-04-08,,15,No,3.0,3.0,2.0,1.0,4.0
E-2065,Rebekah Greene,18,Male,Sales,Account Executive,6770.0,2019-06-17,,7,No,3.0,3.0,2.0,2.0,2.0
E-1108,Sierra Johnson,48,Female,Engineering,Software Engineer,7820.0,2022-05-01,,4,No,2.0,3.0,2.0,2.0,2.0
E-1026,Judy Baker,38,Male,Human Resources,HR Partner,5120.0,2016-12-31,,9,No,2.0,4.0,3.0,3.0,3.0
E-1850,Brittany Jenkins,48,Male,Engineering,Support Engineer,5820.0,2022-04-26,,4,No,4.0,3.0,2.0,3.0,3.0
E-1244,Brandon Bailey Md,22,Male,Engineering,Software Engineer,6900.0,2019-01-21,,7,No,3.0,3.0,3.0,1.0,3.0
E-2442,Derrick Espinoza,41,Male,Sales,Sales Development Rep,3190.0,2018-10-05,2025-10-22,7,Yes,3.0,3.0,3.0,2.0,3.0
E-1882,Denise Brown,47,Female,Engineering,Engineering Lead,8780.0,2019-10-14,,6,No,3.0,3.0,3.0,3.0,4.0
E-1941,Lydia Pham,49,Male,Engineering,Engineering Lead,8620.0,2017-03-15,,9,No,3.0,3.0,3.0,4.0,1.0
E-1212,Denise Mccann,57,Female,Engineering,Software Engineer,7340.0,2013-05-22,,13,No,2.0,3.0,2.0,2.0,3.0
E-1902,David Reed,42,Female,Engineering,Engineering Lead,6570.0,2016-12-16,,9,No,3.0,3.0,3.0,3.0,2.0
E-1531,Marilyn Wang,51,Male,Engineering,QA Analyst,,2024-05-26,,2,No,2.0,2.0,3.0,3.0,3.0
E-1253,Tanya Kim,50,Female,Engineering,Software Engineer,5540.0,2020-10-23,,5,No,3.0,4.0,3.0,1.0,3.0
E-1759,Heather Woodard,41,Female,Engineering,Support Engineer,6120.0,2016-04-04,,10,No,3.0,2.0,2.0,1.0,2.0
E-2344,Kyle Black,18,Female,Sales,Account Executive,6760.0,2025-10-30,2025-12-03,0,Yes,2.0,3.0,3.0,3.0,2.0
E-2219,Jill Conway,46,Female,Sales,Account Executive,5530.0,2018-11-08,,7,No,2.0,3.0,3.0,2.0,3.0
E-2375,William Moon Iv,29,Male,Sales,Sales Development Rep,6450.0,2022-02-07,,4,No,4.0,3.0,3.0,4.0,3.0
E-2256,Brett Swanson,42,Male,Sales,Account Executive,5450.0,2026-03-27,2026-04-26,0,Yes,2.0,3.0,2.0,3.0,2.0
E-1372,Debra White,38,Male,Engineering,QA Analyst,7740.0,2022-10-08,,3,No,3.0,3.0,2.0,2.0,2.0
E-1340,David Thompson,47,Male,Engineering,Software Engineer,5830.0,2015-08-12,,11,No,3.0,2.0,3.0,2.0,3.0
E-1497,Austin Osborne,60,Female,Engineering,QA Analyst,6900.0,2010-01-04,,16,No,2.0,4.0,2.0,2.0,3.0
E-1863,Holly Vega,33,Male,Engineering,Support Engineer,7520.0,2016-03-07,,10,No,3.0,2.0,4.0,3.0,2.0
E-1916,Brittney Martin,28,Male,Engineering,Engineering Lead,5760.0,2022-01-21,,4,No,4.0,3.0,3.0,2.0,4.0
E-1701,Joseph Ochoa,37,Male,Engineering,Data Engineer,,2023-11-10,,2,No,4.0,3.0,2.0,3.0,3.0
E-1660,Lori Simmons,32,Male,Engineering,Data Engineer,9350.0,2025-04-30,,1,No,3.0,2.0,2.0,2.0,3.0
E-2370,Brittney Rodriguez,43,Female,Sales,Sales Development Rep,6450.0,2007-12-12,,18,No,3.0,,2.0,3.0,
E-1503,Mr. Justin Green Iii,49,Male,Engineering,QA Analyst,5740.0,2025-12-03,2026-01-13,0,Yes,2.0,2.0,3.0,3.0,3.0
E-2341,Theresa Wilkins,55,Female,Sales,Account Executive,7160.0,2024-09-13,,2,No,3.0,3.0,3.0,3.0,2.0
E-2416,Ellen Wright,28,Female,Sales,Sales Development Rep,6210.0,2025-05-27,2026-06-27,1,Yes,,3.0,1.0,3.0,4.0
E-1034,Nathan Maldonado,36,Male,Human Resources,HR Partner,3830.0,2015-10-19,2025-10-12,10,Yes,3.0,3.0,2.0,2.0,2.0
E-1133,Mary Marshall,22,Male,Engineering,Software Engineer,6750.0,2022-01-15,,4,No,3.0,3.0,3.0,3.0,2.0
E-1578,Raymond Le,28,Male,Engineering,QA Analyst,6820.0,2022-12-06,2026-01-29,3,Yes,3.0,2.0,2.0,3.0,2.0
E-2476,Patty Allen,28,Male,Sales,Sales Manager,4040.0,2026-06-03,,0,No,1.0,3.0,3.0,2.0,3.0
E-2469,Mr. Edward Terry,28,Female,Sales,Sales Manager,7740.0,2023-07-01,,3,No,2.0,3.0,2.0,3.0,3.0
E-1487,Monica Miller,59,Male,Engineering,QA Analyst,8550.0,2021-08-11,,5,No,3.0,3.0,3.0,2.0,1.0
E-1494,Mark Cox,38,Male,Engineering,QA Analyst,5950.0,2018-07-02,,8,No,2.0,2.0,3.0,3.0,2.0
E-1131,Elizabeth Kelley,52,Male,Engineering,Software Engineer,,2021-06-14,,5,No,3.0,4.0,3.0,3.0,3.0
E-2161,Ashley Malone,47,Female,Sales,Account Executive,5240.0,2021-11-02,2025-11-07,4,Yes,3.0,3.0,2.0,2.0,3.0
E-1254,Barbara Dudley,34,Female,Engineering,Software Engineer,6440.0,2020-03-19,,6,No,2.0,3.0,2.0,3.0,2.0
E-2022,Olivia Ayers,38,Male,Sales,Account Executive,7710.0,2021-09-27,,4,No,2.0,3.0,4.0,3.0,3.0
E-1746,Vincent Novak,35,Female,Engineering,Support Engineer,8750.0,2021-03-15,,5,No,2.0,3.0,1.0,2.0,3.0
E-2138,Bianca Knapp,61,Female,Sales,Account Executive,6490.0,2023-05-08,,3,No,3.0,2.0,4.0,3.0,3.0
E-1283,Jessica Garcia,35,Male,Engineering,Software Engineer,6010.0,2015-07-16,,11,No,3.0,3.0,2.0,2.0,3.0
E-1917,Jason Herrera,31,Male,Engineering,Engineering Lead,7440.0,2022-04-10,,4,No,3.0,2.0,3.0,3.0,3.0
E-2046,Hannah Martin,46,Male,Sales,Account Executive,5780.0,2024-07-12,,2,No,3.0,2.0,3.0,2.0,2.0
E-1163,Lindsey Walker,39,Male,Engineering,Software Engineer,4000.0,2024-10-29,2025-12-10,1,Yes,2.0,2.0,3.0,3.0,3.0
E-1021,Margaret Hawkins Dds,18,Female,Human Resources,HR Partner,4620.0,2024-09-14,2026-07-25,2,Yes,2.0,3.0,,4.0,2.0
E-1187,Jonathan Peterson,28,Male,Engineering,Software Engineer,6840.0,2011-02-05,2026-02-15,15,Yes,3.0,3.0,3.0,3.0,2.0
E-2448,Ruth Clayton,27,Male,Sales,Sales Development Rep,7520.0,2021-05-06,,5,No,2.0,2.0,1.0,3.0,3.0
E-2134,Caitlin Perry,39,Female,Sales,Account Executive,6190.0,2021-09-11,,5,No,2.0,4.0,2.0,3.0,3.0
E-1936,Cody Ramirez,48,Male,Engineering,Engineering Lead,,2023-08-24,,3,No,2.0,3.0,2.0,2.0,2.0
E-1947,Kendra Wang Dvm,45,Male,Engineering,Engineering Lead,7540.0,2022-09-20,,4,No,4.0,3.0,3.0,2.0,2.0
E-1975,Taylor Taylor,40,Male,Engineering,Engineering Manager,4810.0,2024-05-27,2026-07-11,2,Yes,3.0,3.0,3.0,2.0,3.0
E-2398,Tracey Gonzalez,48,Male,Sales,Sales Development Rep,6230.0,2020-10-02,,5,No,2.0,1.0,2.0,3.0,3.0
E-2465,Beth Hall,28,Male,Sales,Sales Manager,7110.0,2022-05-23,,4,No,2.0,3.0,3.0,2.0,2.0
E-1866,Antonio Mccormick,49,Female,Engineering,Support Engineer,,2022-03-04,,4,No,3.0,2.0,4.0,2.0,3.0
E-2070,Courtney Nichols,37,Female,Sales,Account Executive,6650.0,2012-01-06,,14,No,4.0,2.0,3.0,3.0,3.0
E-2222,Janice Fernandez,45,Female,Sales,Account Executive,6210.0,2023-07-28,2026-08-30,3,Yes,2.0,3.0,4.0,3.0,3.0
E-1583,Gregory Peck,35,Female,Engineering,QA Analyst,5260.0,2023-03-24,,3,No,2.0,3.0,,3.0,3.0
E-2113,Nathan Wilson,29,Female,Sales,Account Executive,,2025-07-15,,1,No,3.0,2.0,3.0,2.0,3.0
E-1006,Connie Lawrence,59,Male,Human Resources,HR Partner,5880.0,2016-02-01,,10,No,2.0,2.0,3.0,3.0,2.0
E-1984,Sean Curtis,36,Male,Engineering,Engineering Manager,6250.0,2021-02-15,,5,No,3.0,3.0,2.0,2.0,2.0
E-1114,Crystal Johnson,27,Female,Engineering,Software Engineer,4230.0,2024-02-06,2026-02-03,2,Yes,2.0,3.0,3.0,2.0,2.0
E-1915,Dale Chan,30,Male,Engineering,Engineering Lead,8990.0,2008-05-10,,18,No,2.0,3.0,3.0,3.0,4.0
E-1310,Dawn Summers,29,Male,Engineering,Software Engineer,8170.0,2021-06-30,,5,No,4.0,3.0,3.0,3.0,3.0
E-2362,Kelli Smith,49,Male,Sales,Sales Development Rep,4250.0,2021-08-14,,5,No,3.0,3.0,2.0,1.0,3.0
E-1734,Edgar Hughes,60,Male,Engineering,Data Engineer,6970.0,2021-03-29,,5,No,2.0,3.0,3.0,3.0,2.0
E-1032,James Ferrell,41,Female,Human Resources,HR Partner,4750.0,2022-02-04,,4,No,2.0,2.0,3.0,3.0,3.0
E-2293,Christine Lopez,41,Female,Sales,Account Executive,7700.0,2023-06-16,,3,No,3.0,3.0,3.0,4.0,3.0
E-1112,Shannon Walker,64,Male,Engineering,Software Engineer,6270.0,2017-01-12,,9,No,2.0,3.0,2.0,2.0,2.0
E-1291,David Smith,50,Male,Engineering,Software Engineer,5150.0,2013-04-15,,13,No,3.0,3.0,2.0,3.0,2.0
E-1824,Jackie Clements,31,Male,Engineering,Support Engineer,5810.0,2019-12-05,,6,No,3.0,3.0,3.0,2.0,3.0
E-1595,Tanya Russell,39,Male,Engineering,Data Engineer,7280.0,2021-06-02,,5,No,2.0,2.0,3.0,3.0,3.0
E-1164,Jeffrey Johnson,37,Male,Engineering,Software Engineer,7540.0,2022-07-23,,4,No,3.0,4.0,3.0,3.0,3.0
E-1827,Heather Brown,46,Male,Engineering,Support Engineer,7330.0,2022-08-02,,4,No,2.0,4.0,3.0,2.0,3.0
E-1665,Renee Melendez,63,Female,Engineering,Data Engineer,6670.0,2019-11-05,,6,No,3.0,,,4.0,3.0
E-1110,Sharon Cochran,39,Male,Engineering,Software Engineer,7810.0,2026-05-24,,0,No,3.0,3.0,3.0,,3.0
E-2347,Penny Gomez Md,38,Male,Sales,Account Executive,5960.0,2025-12-11,2026-01-10,0,Yes,4.0,4.0,3.0,3.0,2.0
E-2319,Melissa Davis,48,Male,Sales,Account Executive,6130.0,2020-09-08,,6,No,3.0,2.0,2.0,3.0,3.0
E-2012,Megan Oliver,33,Female,Engineering,Engineering Manager,8340.0,2026-03-15,,0,No,4.0,2.0,3.0,3.0,3.0
E-2014,Dr. Rhonda Martinez,65,Male,Engineering,Engineering Manager,6480.0,2018-12-18,,7,No,,3.0,2.0,2.0,
E-1516,Dr. Kelly Hammond Dvm,27,Male,Engineering,QA Analyst,8430.0,2021-09-21,,4,No,3.0,,3.0,3.0,2.0
E-1875,Jesse Lynch,30,Female,Engineering,Engineering Lead,7160.0,2011-08-08,,15,No,3.0,2.0,4.0,3.0,3.0
E-2193,Paul Johnson,28,Female,Sales,Account Executive,8150.0,2021-03-20,,5,No,3.0,3.0,2.0,3.0,2.0
E-1822,Mark Beard,32,Female,Engineering,Support Engineer,5460.0,2017-05-04,,9,No,2.0,3.0,3.0,3.0,2.0
E-1225,Matthew Moore,33,Male,Engineering,Software Engineer,6110.0,2025-07-11,2026-07-15,1,Yes,3.0,2.0,2.0,3.0,2.0
E-1465,Jose Allen,55,Male,Engineering,QA Analyst,6230.0,2019-01-22,,7,No,3.0,3.0,3.0,4.0,3.0
E-1309,Kiara Mcintyre,29,Female,Engineering,Software Engineer,7740.0,2019-01-27,,7,No,3.0,3.0,1.0,2.0,3.0
E-1577,Thomas Peterson,21,Female,Engineering,QA Analyst,5350.0,2025-08-20,2026-07-08,1,Yes,3.0,3.0,4.0,2.0,3.0
E-1823,Jose Ramirez,32,Male,Engineering,Support Engineer,5170.0,2019-07-09,,7,No,3.0,3.0,3.0,3.0,3.0
E-1206,David Martinez,35,Female,Engineering,Software Engineer,8570.0,2025-10-16,,0,No,3.0,3.0,3.0,1.0,2.0
E-2401,Dr. Steve James,32,Female,Sales,Sales Development Rep,5730.0,2025-03-12,2026-04-08,1,Yes,2.0,2.0,2.0,1.0,3.0
E-1341,Allison Smith,55,Female,Engineering,QA Analyst,5900.0,2021-07-18,,5,No,3.0,2.0,2.0,3.0,3.0
E-1185,Lindsay Martinez,58,Male,Engineering,Software Engineer,7390.0,2020-10-23,,5,No,2.0,3.0,3.0,3.0,2.0
E-1832,Richard Stevens,49,Male,Engineering,Support Engineer,7190.0,2021-12-19,,4,No,3.0,3.0,,3.0,4.0
E-1630,Kevin Davis,23,Female,Engineering,Data Engineer,7060.0,2020-07-16,2026-08-01,6,Yes,3.0,1.0,2.0,3.0,3.0
E-1563,Robert Richardson,47,Male,Engineering,QA Analyst,8750.0,2024-01-16,,2,No,3.0,2.0,3.0,2.0,2.0
E-2018,James Nguyen,28,Female,Engineering,Engineering Manager,8160.0,2023-07-11,,3,No,2.0,3.0,,1.0,3.0
E-1042,Fred Smith,22,Male,Human Resources,HR Partner,4560.0,2024-07-19,2026-08-18,2,Yes,3.0,3.0,2.0,3.0,3.0
E-1676,Larry Harris,42,Female,Engineering,Data Engineer,6700.0,2013-02-23,,13,No,4.0,3.0,3.0,3.0,3.0
E-1892,Nathan Nelson,39,Male,Engineering,Engineering Lead,4890.0,2017-10-16,,8,No,3.0,3.0,3.0,3.0,2.0
E-2428,John Smith,41,Female,Sales,Sales Development Rep,4850.0,2023-09-29,,2,No,4.0,3.0,2.0,3.0,3.0
E-1806,Ronald Potter,40,Female,Engineering,Support Engineer,7190.0,2024-05-01,,2,No,2.0,3.0,2.0,2.0,3.0
E-2260,Kevin Cunningham,30,Female,Sales,Account Executive,5940.0,2007-08-12,,19,No,3.0,2.0,3.0,3.0,3.0
E-2447,John Lee,40,Female,Sales,Sales Development Rep,,2018-10-03,,7,No,3.0,2.0,2.0,2.0,3.0
E-2056,Gregory King,20,Female,Sales,Account Executive,5410.0,2024-12-02,2025-12-31,1,Yes,3.0,3.0,4.0,3.0,3.0
E-2254,Sarah Randolph,34,Male,Sales,Account Executive,5980.0,2018-11-20,,7,No,3.0,4.0,4.0,3.0,2.0
E-2003,Dennis Marshall,21,Male,Engineering,Engineering Manager,8280.0,2016-03-21,,10,No,3.0,2.0,3.0,3.0,2.0
E-2466,Dr. Nicole Trujillo,51,Female,Sales,Sales Manager,4740.0,2022-11-16,,3,No,2.0,3.0,,2.0,3.0
E-1479,Curtis Williams,38,Female,Engineering,QA Analyst,7160.0,2020-07-24,,6,No,2.0,3.0,3.0,4.0,4.0
E-1085,Zachary Ferrell,45,Female,Engineering,Software Engineer,7050.0,2019-08-18,,7,No,2.0,2.0,2.0,2.0,3.0
E-2246,Monica Brooks,47,Female,Sales,Account Executive,7840.0,2013-09-20,,13,No,3.0,1.0,2.0,3.0,3.0
E-2296,Mr. Daniel Martin,21,Male,Sales,Account Executive,6080.0,2024-05-25,,2,No,3.0,3.0,2.0,3.0,2.0
E-1666,Tracy Grant,42,Male,Engineering,Data Engineer,5110.0,2021-06-24,2026-06-23,5,Yes,3.0,3.0,2.0,2.0,2.0
E-1044,Anthony Humphrey,48,Male,Human Resources,HR Partner,4000.0,2014-05-04,,12,No,2.0,3.0,2.0,2.0,2.0
E-2118,Erin Smith,38,Male,Sales,Account Executive,,2026-04-03,2026-05-05,0,Yes,4.0,3.0,3.0,3.0,3.0
E-1362,Laurie Hoffman,47,Male,Engineering,QA Analyst,7660.0,2020-12-21,,5,No,2.0,2.0,3.0,2.0,2.0
E-2339,Andrew Cruz,26,Male,Sales,Account Executive,6370.0,2023-02-08,,3,No,2.0,3.0,2.0,3.0,4.0
E-1621,Casey Hernandez,64,Male,Engineering,Data Engineer,6800.0,2018-08-07,,8,No,3.0,4.0,,3.0,3.0
E-1134,Daniel Kennedy,44,Female,Engineering,Software Engineer,9330.0,2026-03-17,,0,No,3.0,2.0,2.0,2.0,3.0
E-1366,Kenneth Lewis,28,Male,Engineering,QA Analyst,5500.0,2025-08-14,2026-09-03,1,Yes,2.0,2.0,,3.0,2.0
E-1952,Sarah Thompson,43,Male,Engineering,Engineering Lead,7340.0,2019-08-31,,7,No,3.0,2.0,4.0,3.0,3.0
E-2044,Andre Watson,32,Female,Sales,Account Executive,5820.0,2020-08-30,,6,No,3.0,3.0,3.0,3.0,3.0
E-1784,Dennis Huffman,35,Male,Engineering,Support Engineer,6420.0,2010-01-30,,16,No,4.0,2.0,,2.0,2.0
E-2388,David Reynolds,41,Female,Sales,Sales Development Rep,5730.0,2023-01-11,2026-01-30,3,Yes,2.0,2.0,2.0,2.0,2.0
E-1201,Melissa Brewer,26,Female,Engineering,Software Engineer,5790.0,2023-08-01,,3,No,3.0,3.0,3.0,3.0,2.0
E-1542,Sean Moore,39,Male,Engineering,QA Analyst,6100.0,2024-12-06,2025-10-26,1,Yes,2.0,3.0,2.0,3.0,3.0
E-2255,Julia Dunn Md,32,Male,Sales,Account Executive,4190.0,2026-03-09,2026-04-25,0,Yes,4.0,3.0,3.0,1.0,3.0
E-1602,Jennifer Simpson Dvm,31,Female,Engineering,Data Engineer,4320.0,2019-12-01,,6,No,4.0,2.0,3.0,3.0,3.0
E-2088,Philip Jackson,46,Male,Sales,Account Executive,5870.0,2021-07-02,,5,No,3.0,3.0,4.0,3.0,3.0
E-1168,Alyssa Day,22,Male,Engineering,Software Engineer,5850.0,2020-07-28,,6,No,3.0,3.0,3.0,2.0,3.0
E-2133,Michael Brown,64,Male,Sales,Account Executive,5640.0,2026-03-01,,0,No,3.0,1.0,3.0,3.0,2.0
E-1883,Laura Jones,55,Male,Engineering,Engineering Lead,5120.0,2026-01-09,,0,No,4.0,4.0,3.0,3.0,3.0
E-1507,Brandon Fleming,27,Male,Engineering,QA Analyst,8850.0,2021-01-27,,5,No,1.0,2.0,4.0,2.0,3.0
E-2486,Timothy Clark,63,Male,Sales,Sales Manager,6420.0,2020-06-09,,6,No,3.0,2.0,2.0,2.0,3.0
E-1446,Tracy Montoya,38,Male,Engineering,QA Analyst,6550.0,2016-06-30,,10,No,3.0,3.0,3.0,2.0,2.0
E-1653,David Robinson,63,Female,Engineering,Data Engineer,7240.0,2019-02-15,,7,No,3.0,2.0,2.0,2.0,2.0
E-1111,Richard Rodriguez,54,Female,Engineering,Software Engineer,5720.0,2020-03-09,,6,No,1.0,2.0,3.0,2.0,3.0
E-1566,John Coffey,24,Female,Engineering,QA Analyst,7150.0,2019-05-23,,7,No,3.0,4.0,,3.0,2.0
E-2157,Christine Powers,45,Male,Sales,Account Executive,5940.0,2021-09-05,,5,No,4.0,3.0,2.0,3.0,3.0
E-1434,Chad Jones,36,Male,Engineering,QA Analyst,6340.0,2020-09-26,,5,No,2.0,3.0,3.0,3.0,4.0
E-1674,Timothy Hayden,56,Male,Engineering,Data Engineer,8680.0,2023-09-15,,3,No,3.0,3.0,3.0,4.0,3.0
E-1593,Jason Love,57,Male,Engineering,Data Engineer,5130.0,2025-10-21,,0,No,4.0,2.0,4.0,3.0,3.0
E-2120,Brittany Davis,27,Male,Sales,Account Executive,5940.0,2025-12-24,2026-01-23,0,Yes,2.0,2.0,2.0,3.0,3.0
E-2185,Erica Wilson,48,Male,Sales,Account Executive,6030.0,2019-12-18,,6,No,2.0,2.0,3.0,3.0,2.0
E-1255,Cynthia Moore,29,Male,Engineering,Software Engineer,6050.0,2025-03-03,,1,No,3.0,3.0,3.0,3.0,3.0
E-2499,Zachary Ramos,27,Female,Sales,Sales Manager,7060.0,2021-01-25,,5,No,3.0,3.0,2.0,3.0,3.0
E-1150,Stephanie Manning,46,Male,Engineering,Software Engineer,8970.0,2024-05-28,,2,No,2.0,3.0,3.0,2.0,2.0
E-2346,Aaron Moore,39,Male,Sales,Account Executive,6140.0,2018-12-23,,7,No,3.0,3.0,3.0,3.0,3.0
E-2328,Nicole Gutierrez,56,Female,Sales,Account Executive,6880.0,2006-08-04,,20,No,3.0,4.0,,3.0,2.0
E-1518,Michael Cooper,20,Male,Engineering,QA Analyst,5000.0,2023-12-24,2025-12-28,2,Yes,3.0,3.0,2.0,2.0,3.0
E-2092,Curtis Watson,38,Male,Sales,Account Executive,,2017-03-13,,9,No,3.0,3.0,2.0,3.0,2.0
E-1950,Zachary Robinson,41,Female,Engineering,Engineering Lead,6000.0,2016-04-25,,10,No,3.0,3.0,3.0,3.0,2.0
E-2294,Mitchell Wilson,27,Male,Sales,Account Executive,6680.0,2023-01-08,,3,No,3.0,2.0,2.0,3.0,2.0
E-1756,Rachel Jones,49,Male,Engineering,Support Engineer,6040.0,2024-05-26,2026-05-24,2,Yes,3.0,2.0,3.0,3.0,3.0
E-2079,Julie Delacruz,47,Male,Sales,Account Executive,6290.0,2011-05-15,,15,No,3.0,3.0,3.0,3.0,3.0
E-1246,Donna Landry,35,Male,Engineering,Software Engineer,6440.0,2013-03-14,,13,No,3.0,3.0,1.0,3.0,4.0
E-1361,Parker Cain,46,Male,Engineering,QA Analyst,6090.0,2025-02-15,,1,No,3.0,3.0,2.0,3.0,3.0
E-1359,Christian Leblanc,30,Female,Engineering,QA Analyst,6660.0,2023-11-18,,2,No,2.0,3.0,3.0,2.0,3.0
E-1397,Jennifer Collins,36,Female,Engineering,QA Analyst,7610.0,2023-12-26,,2,No,2.0,2.0,3.0,3.0,3.0
E-1710,Sean Clay,35,Male,Engineering,Data Engineer,6690.0,2024-06-16,,2,No,4.0,3.0,4.0,2.0,2.0
E-1658,Connie Turner,38,Female,Engineering,Data Engineer,5820.0,2022-10-15,,3,No,3.0,2.0,3.0,3.0,2.0
E-1888,Dana Ruiz,35,Male,Engineering,Engineering Lead,6140.0,2013-03-29,,13,No,3.0,,2.0,2.0,3.0
E-1198,Spencer Haynes,49,Male,Engineering,Software Engineer,7110.0,2020-07-05,,6,No,2.0,3.0,2.0,2.0,3.0
E-1096,Anna Henderson,37,Male,Engineering,Software Engineer,7210.0,2025-02-11,2025-12-18,1,Yes,3.0,,3.0,2.0,2.0
E-2484,Kelly Miles,27,Female,Sales,Sales Manager,5230.0,2025-03-20,2026-05-02,1,Yes,3.0,3.0,3.0,3.0,3.0
E-2064,Ralph Yoder,26,Male,Sales,Account Executive,6850.0,2021-02-22,,5,No,3.0,2.0,3.0,3.0,
E-2369,Dale Wright,38,Male,Sales,Sales Development Rep,6980.0,2019-08-25,,7,No,2.0,2.0,3.0,3.0,4.0
E-1346,Theresa Williams,48,Male,Engineering,QA Analyst,4600.0,2021-10-18,,4,No,4.0,3.0,2.0,3.0,3.0
E-1109,Evelyn Galvan,46,Male,Engineering,Software Engineer,6640.0,2024-10-13,2025-10-30,1,Yes,3.0,4.0,2.0,2.0,3.0
E-2165,Mitchell Griffith,30,Female,Sales,Account Executive,5810.0,2019-05-10,,7,No,2.0,4.0,3.0,3.0,2.0
E-2367,Susan Porter,31,Male,Sales,Sales Development Rep,5340.0,2025-08-27,2026-08-07,1,Yes,2.0,2.0,3.0,3.0,3.0
E-2001,Matthew Davis Md,32,Male,Engineering,Engineering Manager,7460.0,2024-05-31,,2,No,3.0,3.0,3.0,3.0,3.0
E-2236,Jessica Smith,36,Female,Sales,Account Executive,6490.0,2010-05-20,,16,No,3.0,2.0,2.0,3.0,1.0
E-1869,Lisa Ramirez,53,Male,Engineering,Support Engineer,6790.0,2018-09-02,,8,No,2.0,3.0,3.0,3.0,3.0
E-1921,Russell Murphy,43,Female,Engineering,Engineering Lead,7560.0,2025-04-12,,1,No,3.0,3.0,3.0,1.0,4.0
E-1615,Elizabeth Sharp,18,Female,Engineering,Data Engineer,6440.0,2024-02-14,,2,No,4.0,3.0,2.0,3.0,2.0
E-1681,Suzanne Wood,39,Male,Engineering,Data Engineer,6040.0,2017-12-07,,8,No,3.0,2.0,,4.0,3.0
E-2492,Anne Hardy,21,Male,Sales,Sales Manager,5860.0,2015-07-10,,11,No,3.0,3.0,3.0,4.0,3.0
E-1782,Amy Garcia,39,Male,Engineering,Support Engineer,5230.0,2014-12-04,,11,No,3.0,3.0,3.0,1.0,4.0
E-2142,Vanessa Santiago,38,Female,Sales,Account Executive,4260.0,2006-02-05,,20,No,2.0,3.0,3.0,3.0,4.0
E-1747,Michael Henry,36,Male,Engineering,Support Engineer,6010.0,2020-02-20,,6,No,3.0,4.0,3.0,,3.0
E-1130,Megan Orr,41,Female,Engineering,Software Engineer,6030.0,2025-06-07,2026-07-25,1,Yes,,2.0,1.0,2.0,2.0
E-1859,Steven Blevins,28,Male,Engineering,Support Engineer,6210.0,2016-09-30,,9,No,2.0,3.0,2.0,3.0,3.0
E-2436,Melinda Mitchell,39,Male,Sales,Sales Development Rep,,2025-05-23,,1,No,2.0,2.0,1.0,3.0,3.0
E-1043,Sherry Decker,40,Male,Human Resources,HR Partner,4290.0,2022-06-18,,4,No,2.0,3.0,2.0,3.0,4.0
E-1506,Jodi Roach,50,Female,Engineering,QA Analyst,7780.0,2024-11-16,,1,No,3.0,2.0,3.0,2.0,2.0
E-1136,Jose Schultz,29,Male,Engineering,Software Engineer,6920.0,2023-05-22,,3,No,4.0,2.0,2.0,2.0,4.0
E-2485,Jacob Obrien,51,Female,Sales,Sales Manager,5710.0,2017-09-14,,9,No,3.0,4.0,,3.0,3.0
E-2163,Dorothy Boyd,30,Female,Sales,Account Executive,5980.0,2018-07-12,,8,No,2.0,3.0,2.0,2.0,
E-1480,Kaylee Hays,48,Male,Engineering,QA Analyst,5290.0,2012-09-27,,13,No,3.0,2.0,2.0,4.0,2.0
E-1844,Benjamin Reyes,36,Female,Engineering,Support Engineer,7490.0,2020-07-03,,6,No,3.0,4.0,3.0,3.0,2.0
E-1342,Cynthia Morris,29,Male,Engineering,QA Analyst,5390.0,2024-04-21,2026-06-07,2,Yes,2.0,3.0,1.0,3.0,3.0
E-2047,Nicole Barker,60,Female,Sales,Account Executive,6820.0,2015-10-31,,10,No,2.0,3.0,3.0,3.0,2.0
E-1622,Lisa Perry,42,Female,Engineering,Data Engineer,6270.0,2012-06-23,,14,No,3.0,4.0,3.0,,2.0
E-1901,Danielle Smith,49,Male,Engineering,Engineering Lead,6770.0,2024-05-08,,2,No,3.0,3.0,2.0,2.0,4.0
E-1958,Daniel Fox,27,Female,Engineering,Engineering Manager,8650.0,2024-08-06,,2,No,3.0,2.0,3.0,4.0,3.0
E-1964,Tom Foster,50,Female,Engineering,Engineering Manager,7240.0,2016-06-23,,10,No,2.0,3.0,3.0,3.0,3.0
E-1768,Haley Johnson,34,Male,Engineering,Support Engineer,5110.0,2022-03-12,,4,No,3.0,4.0,3.0,3.0,2.0
E-2460,Richard Alvarez,48,Female,Sales,Sales Manager,6740.0,2024-10-05,,1,No,3.0,3.0,2.0,3.0,3.0
E-1836,Timothy Hill,46,Female,Engineering,Support Engineer,7820.0,2017-09-28,,8,No,3.0,3.0,1.0,2.0,3.0
E-1900,Christie Mccullough,36,Male,Engineering,Engineering Lead,7850.0,2018-10-11,,7,No,2.0,3.0,3.0,3.0,3.0
E-2041,Danielle Bryant,49,Female,Sales,Account Executive,4800.0,2009-06-16,,17,No,3.0,1.0,3.0,,3.0
E-1500,Phillip Berry,41,Female,Engineering,QA Analyst,5600.0,2016-08-20,,10,No,3.0,4.0,3.0,3.0,2.0
E-1269,Cynthia Rowe,63,Male,Engineering,Software Engineer,6550.0,2008-04-05,2026-04-19,18,Yes,2.0,1.0,3.0,4.0,3.0
E-2340,Miss Kelly Dawson,46,Male,Sales,Account Executive,5970.0,2023-06-26,,3,No,2.0,4.0,3.0,,3.0
E-1183,Angela Vaughn,35,Male,Engineering,Software Engineer,8320.0,2021-01-14,,5,No,3.0,2.0,4.0,2.0,2.0
E-1478,Judith Carter,49,Male,Engineering,QA Analyst,7370.0,2011-02-08,,15,No,2.0,2.0,3.0,2.0,2.0
E-1684,Jennifer Hernandez,38,Female,Engineering,Data Engineer,7340.0,2021-03-13,,5,No,3.0,2.0,2.0,3.0,3.0
E-2026,Amanda Hill,65,Male,Sales,Account Executive,6070.0,2025-12-23,,0,No,3.0,3.0,3.0,2.0,2.0
E-1358,Jeffery Ortega,19,Male,Engineering,QA Analyst,5680.0,2014-11-27,,11,No,3.0,2.0,2.0,2.0,2.0
E-1909,William Miller,26,Female,Engineering,Engineering Lead,4330.0,2008-11-04,,17,No,3.0,3.0,3.0,3.0,2.0
E-1526,Joseph Shaw,31,Male,Engineering,QA Analyst,6720.0,2023-07-31,,3,No,2.0,3.0,4.0,2.0,2.0
E-1625,Shelley Miller,26,Male,Engineering,Data Engineer,6300.0,2021-04-07,,5,No,4.0,3.0,3.0,3.0,4.0
E-1935,Michael Thompson,30,Male,Engineering,Engineering Lead,5790.0,2026-06-09,2026-07-16,0,Yes,2.0,2.0,2.0,3.0,2.0
E-1800,Donald Medina,52,Male,Engineering,Support Engineer,,2023-07-19,,3,No,4.0,3.0,2.0,3.0,2.0
E-1801,Jim Newton,34,Female,Engineering,Support Engineer,6790.0,2013-10-31,,12,No,3.0,3.0,3.0,3.0,3.0
E-2078,David Carter,43,Male,Sales,Account Executive,5940.0,2024-08-13,2026-06-27,2,Yes,3.0,2.0,1.0,2.0,3.0
E-1877,Michael Miles,52,Female,Engineering,Engineering Lead,8010.0,2011-07-08,,15,No,3.0,3.0,3.0,1.0,2.0
E-1037,Sherri Baker,63,Female,Human Resources,HR Partner,5340.0,2022-04-12,,4,No,2.0,4.0,2.0,4.0,2.0
E-2232,Brittany Stevens,37,Male,Sales,Account Executive,5810.0,2022-05-18,,4,No,3.0,3.0,2.0,2.0,3.0
E-1075,Amy Silva,38,Female,Engineering,Software Engineer,6360.0,2010-11-16,,15,No,3.0,2.0,2.0,3.0,4.0
E-1175,Nicole Herring,63,Male,Engineering,Software Engineer,,2026-02-13,,0,No,2.0,3.0,3.0,1.0,3.0
E-1544,Kathleen Robertson,23,Male,Engineering,QA Analyst,6260.0,2024-05-09,2026-07-05,2,Yes,2.0,3.0,3.0,2.0,2.0
E-2151,Jennifer Young,41,Male,Sales,Account Executive,5550.0,2022-09-12,,4,No,2.0,3.0,1.0,3.0,2.0
E-1860,Brian Porter Md,34,Female,Engineering,Support Engineer,7940.0,2022-08-17,,4,No,2.0,3.0,3.0,3.0,3.0
E-1139,David Alvarez,29,Male,Engineering,Software Engineer,7630.0,2026-07-07,2026-08-06,0,Yes,3.0,2.0,3.0,2.0,3.0
E-1775,Carly Riggs,28,Female,Engineering,Support Engineer,6650.0,2020-11-19,,5,No,3.0,3.0,2.0,2.0,2.0
E-1436,Sophia Johnson,34,Male,Engineering,QA Analyst,,2011-12-15,,14,No,3.0,4.0,2.0,3.0,4.0
E-1188,Samantha Garcia,41,Female,Engineering,Software Engineer,8550.0,2020-02-12,,6,No,,4.0,3.0,3.0,2.0
E-1431,Maria Henderson,47,Male,Engineering,QA Analyst,6560.0,2024-08-04,2026-07-16,2,Yes,2.0,3.0,3.0,2.0,
E-1031,Rebecca Henderson,42,Female,Human Resources,HR Partner,4700.0,2016-07-16,2026-08-01,10,Yes,2.0,3.0,4.0,3.0,3.0
E-2197,Donna Beck,48,Male,Sales,Account Executive,6590.0,2012-12-17,,13,No,4.0,4.0,2.0,3.0,3.0
E-1657,Eric Thomas,29,Female,Engineering,Data Engineer,8240.0,2022-07-09,,4,No,3.0,3.0,4.0,2.0,4.0
E-2249,Theresa Torres,40,Male,Sales,Account Executive,6000.0,2016-03-10,,10,No,2.0,2.0,3.0,3.0,3.0
E-1176,Alex Hernandez,45,Male,Engineering,Software Engineer,6400.0,2021-12-25,,4,No,2.0,2.0,2.0,,3.0
E-1350,Theodore Jones Jr.,46,Male,Engineering,QA Analyst,,2021-11-30,,4,No,1.0,3.0,3.0,3.0,2.0
E-2494,Mario White,48,Male,Sales,Sales Manager,7180.0,2023-12-07,,2,No,3.0,2.0,3.0,,3.0
E-1754,Jennifer Porter,58,Female,Engineering,Support Engineer,6980.0,2020-10-17,,5,No,3.0,3.0,3.0,3.0,3.0
E-1220,Bailey Duran Dds,60,Male,Engineering,Software Engineer,4300.0,2024-01-01,,2,No,3.0,3.0,3.0,3.0,3.0
E-1458,Brenda Thornton,29,Male,Engineering,QA Analyst,8940.0,2026-02-26,,0,No,3.0,2.0,3.0,2.0,2.0
E-1036,Jeffrey Chavez,24,Male,Human Resources,HR Partner,4380.0,2020-09-24,,5,No,3.0,2.0,3.0,2.0,3.0
E-1257,Susan Murray Md,48,Male,Engineering,Software Engineer,8030.0,2025-09-07,,1,No,3.0,2.0,2.0,2.0,3.0
E-1889,Chris Velazquez,53,Male,Engineering,Engineering Lead,7320.0,2021-10-14,,4,No,3.0,4.0,2.0,3.0,3.0
E-1053,Crystal Robinson,21,Female,Human Resources,HR Manager,4860.0,2026-03-04,2026-04-03,0,Yes,,3.0,2.0,1.0,3.0
E-2374,William Prince Phd,59,Female,Sales,Sales Development Rep,7130.0,2022-10-19,,3,No,1.0,1.0,,4.0,3.0
E-1499,Meghan Rush,40,Male,Engineering,QA Analyst,5000.0,2025-11-18,2025-12-23,0,Yes,3.0,3.0,3.0,3.0,3.0
E-1158,Jason Stein,33,Male,Engineering,Software Engineer,9470.0,2015-11-20,,10,No,2.0,2.0,2.0,3.0,3.0
E-1138,Courtney Gonzalez,26,Female,Engineering,Software Engineer,,2015-12-23,,10,No,3.0,2.0,4.0,2.0,3.0
E-1528,Michelle Jacobs,21,Male,Engineering,QA Analyst,,2024-10-02,2025-09-02,1,Yes,3.0,3.0,3.0,3.0,3.0
E-2031,Douglas Vasquez,40,Female,Sales,Account Executive,6500.0,2020-08-13,,6,No,3.0,3.0,2.0,3.0,2.0
E-2034,Debra Butler,60,Female,Sales,Account Executive,6120.0,2023-02-13,,3,No,3.0,3.0,3.0,3.0,3.0
E-2326,Dawn Wyatt,28,Male,Sales,Account Executive,4570.0,2022-07-22,,4,No,3.0,2.0,3.0,4.0,
E-2285,Mrs. Michele Boyd,46,Male,Sales,Account Executive,7550.0,2025-07-10,,1,No,2.0,3.0,3.0,2.0,3.0
E-2475,Cody Smith,34,Male,Sales,Sales Manager,5490.0,2026-06-17,,0,No,2.0,3.0,4.0,2.0,3.0
E-1422,Maria Jones,35,Male,Engineering,QA Analyst,5090.0,2019-09-24,,6,No,2.0,3.0,3.0,3.0,1.0
E-1983,Joshua Garcia,49,Female,Engineering,Engineering Manager,7770.0,2020-05-21,,6,No,3.0,2.0,3.0,3.0,4.0
E-1461,Kelsey Rodriguez,28,Female,Engineering,QA Analyst,6610.0,2021-03-06,,5,No,3.0,3.0,2.0,,3.0
E-1751,Krista Benton,42,Male,Engineering,Support Engineer,8650.0,2012-03-07,,14,No,2.0,2.0,2.0,2.0,3.0
E-1234,Laura Roberts,21,Female,Engineering,Software Engineer,7570.0,2024-07-20,,2,No,3.0,3.0,,2.0,2.0
E-2043,Kathy Reid,30,Female,Sales,Account Executive,4980.0,2024-05-26,,2,No,2.0,3.0,2.0,3.0,2.0
E-1876,Patrick Yang,57,Female,Engineering,Engineering Lead,,2015-04-14,,11,No,2.0,2.0,2.0,2.0,4.0
E-2304,Carolyn Greer,55,Female,Sales,Account Executive,7110.0,2010-02-08,2026-02-21,16,Yes,3.0,2.0,2.0,3.0,3.0
E-1649,Jennifer Miranda,34,Male,Engineering,Data Engineer,7350.0,2016-03-15,,10,No,4.0,2.0,3.0,1.0,3.0
E-1939,Amy Ramirez,31,Male,Engineering,Engineering Lead,7330.0,2026-07-27,,0,No,3.0,4.0,2.0,2.0,2.0
E-1597,Victor Morris,26,Male,Engineering,Data Engineer,8490.0,2017-08-26,,9,No,4.0,1.0,2.0,2.0,
E-2450,Jessica Rojas,38,Male,Sales,Sales Development Rep,4960.0,2023-02-12,,3,No,3.0,3.0,3.0,3.0,3.0
E-1599,Kimberly Sharp,63,Male,Engineering,Data Engineer,7520.0,2026-02-22,,0,No,3.0,2.0,3.0,2.0,3.0
E-2141,Patricia Ray,55,Female,Sales,Account Executive,,2016-08-28,,10,No,2.0,1.0,3.0,3.0,3.0
E-1445,Mrs. Diane Reyes,40,Male,Engineering,QA Analyst,7900.0,2012-10-26,,13,No,3.0,2.0,3.0,3.0,3.0
E-2154,Matthew Garcia Md,47,Male,Sales,Account Executive,5440.0,2019-11-03,,6,No,2.0,3.0,3.0,3.0,3.0
E-2454,Amanda Pineda,49,Female,Sales,Sales Manager,6700.0,2022-10-19,,3,No,3.0,3.0,4.0,2.0,3.0
E-1998,Christina Johnson,57,Female,Engineering,Engineering Manager,8370.0,2019-02-07,,7,No,3.0,4.0,4.0,3.0,2.0
E-2463,Yolanda Garrett,25,Female,Sales,Sales Manager,5590.0,2018-09-23,,7,No,3.0,3.0,4.0,3.0,4.0
E-2268,Deborah Mercado,42,Female,Sales,Account Executive,6080.0,2021-07-28,,5,No,2.0,3.0,3.0,2.0,1.0
E-1986,Elizabeth Flores,64,Male,Engineering,Engineering Manager,7710.0,2022-04-24,,4,No,2.0,3.0,2.0,3.0,2.0
E-1191,Debra Morton,22,Male,Engineering,Software Engineer,5740.0,2016-10-26,,9,No,3.0,2.0,3.0,3.0,3.0
E-1102,Cameron Parker,39,Male,Engineering,Software Engineer,8030.0,2014-01-02,,12,No,3.0,3.0,3.0,3.0,3.0
E-1729,Aaron Parker,54,Male,Engineering,Data Engineer,4980.0,2026-01-22,2026-03-13,0,Yes,3.0,2.0,3.0,4.0,2.0
E-1126,Erin Edwards,37,Male,Engineering,Software Engineer,6270.0,2021-02-27,,5,No,3.0,3.0,3.0,2.0,2.0
E-1169,Joel Williams,49,Male,Engineering,Software Engineer,3770.0,2023-11-20,2025-12-13,2,Yes,3.0,4.0,3.0,2.0,2.0
E-1226,Benjamin Smith,32,Male,Engineering,Software Engineer,6910.0,2019-11-06,2025-10-27,6,Yes,3.0,2.0,4.0,3.0,2.0
E-2187,Jennifer Adkins,41,Male,Sales,Account Executive,,2020-12-15,,5,No,3.0,1.0,3.0,3.0,3.0
E-2116,Michael Phillips,24,Male,Sales,Account Executive,5900.0,2019-09-10,2026-09-13,7,Yes,1.0,2.0,3.0,3.0,2.0
E-1338,Charles Lester,50,Male,Engineering,Software Engineer,5880.0,2018-09-29,,7,No,,3.0,3.0,2.0,2.0
E-2196,Cynthia Mueller,28,Male,Sales,Account Executive,6490.0,2023-07-14,,3,No,3.0,2.0,2.0,3.0,2.0
E-1697,Joseph Hill,47,Male,Engineering,Data Engineer,6350.0,2017-09-15,,9,No,2.0,3.0,3.0,3.0,3.0
E-1329,Jeremy Sampson,59,Female,Engineering,Software Engineer,6800.0,2016-06-12,,10,No,2.0,3.0,3.0,3.0,3.0
E-1344,Nichole Alvarez,28,Male,Engineering,QA Analyst,6620.0,2011-06-05,,15,No,2.0,2.0,3.0,2.0,4.0
E-1508,Emma Reed,38,Male,Engineering,QA Analyst,8390.0,2025-08-15,,1,No,3.0,2.0,,2.0,3.0
E-2063,Stephanie Evans,26,Male,Sales,Account Executive,4910.0,2025-09-28,2025-10-28,0,Yes,2.0,2.0,3.0,2.0,3.0
E-1477,Robin Brown,36,Male,Engineering,QA Analyst,7670.0,2017-07-30,2026-06-09,9,Yes,1.0,2.0,2.0,2.0,3.0
E-2281,Daniel Freeman,27,Female,Sales,Account Executive,4800.0,2024-07-20,2026-09-02,2,Yes,3.0,2.0,3.0,3.0,3.0
E-1281,Amanda Jones,64,Male,Engineering,Software Engineer,6680.0,2018-05-07,,8,No,2.0,2.0,2.0,3.0,2.0
E-2096,James Chapman,43,Female,Sales,Account Executive,5960.0,2018-06-22,,8,No,3.0,3.0,3.0,3.0,3.0
E-1635,Amber Cooper,49,Male,Engineering,Data Engineer,6630.0,2018-05-06,,8,No,3.0,3.0,3.0,2.0,3.0
E-1831,Mr. Michael Williams,29,Male,Engineering,Support Engineer,6810.0,2021-09-06,,5,No,3.0,3.0,4.0,2.0,1.0
E-1807,Zachary Cole,28,Female,Engineering,Support Engineer,5780.0,2026-01-14,2026-02-13,0,Yes,,2.0,2.0,2.0,3.0
E-1265,Yvonne Burns,47,Female,Engineering,Software Engineer,7050.0,2023-04-14,,3,No,3.0,2.0,2.0,2.0,2.0
E-1586,Tina Ballard,35,Female,Engineering,QA Analyst,6010.0,2015-07-22,,11,No,2.0,3.0,2.0,3.0,2.0
E-2471,Denise Guerra,31,Female,Sales,Sales Manager,7770.0,2018-10-15,,7,No,3.0,3.0,2.0,4.0,2.0
E-1467,Jason Beck,25,Male,Engineering,QA Analyst,6290.0,2026-06-17,2026-08-02,0,Yes,4.0,4.0,3.0,1.0,3.0
E-1857,Elizabeth Holmes,42,Male,Engineering,Support Engineer,5740.0,2025-11-03,,0,No,3.0,2.0,4.0,4.0,2.0
E-1423,Michael Mitchell,45,Male,Engineering,QA Analyst,6520.0,2021-05-19,,5,No,3.0,3.0,3.0,2.0,2.0
E-1713,Timothy Edwards,25,Male,Engineering,Data Engineer,4980.0,2020-11-20,2025-11-01,5,Yes,3.0,2.0,3.0,2.0,3.0
E-2324,Matthew Watts,42,Male,Sales,Account Executive,,2022-03-09,,4,No,3.0,3.0,2.0,3.0,3.0
E-2307,Grace Chavez,25,Female,Sales,Account Executive,5940.0,2025-05-12,2026-04-23,1,Yes,3.0,2.0,3.0,2.0,4.0
E-1048,Shane Henderson,47,Female,Human Resources,HR Partner,3580.0,2019-07-07,,7,No,3.0,3.0,3.0,3.0,3.0
E-2410,Nicholas Stanley,45,Female,Sales,Sales Development Rep,6310.0,2022-02-21,,4,No,2.0,2.0,2.0,3.0,4.0
E-1723,Willie Henry,44,Male,Engineering,Data Engineer,6350.0,2011-09-09,,15,No,3.0,,3.0,1.0,1.0
E-1539,Emma Owens,36,Female,Engineering,QA Analyst,7040.0,2023-10-05,,2,No,3.0,3.0,3.0,2.0,2.0
E-1055,Shannon Jones,52,Male,Human Resources,HR Manager,4700.0,2022-10-08,,3,No,3.0,3.0,2.0,2.0,3.0
E-1525,Krista Martinez,24,Male,Engineering,QA Analyst,,2023-09-02,2026-09-14,3,Yes,3.0,3.0,3.0,4.0,3.0
E-2062,Shannon Green,20,Male,Sales,Account Executive,5770.0,2015-08-30,2026-09-14,11,Yes,3.0,1.0,2.0,3.0,4.0
E-1264,Diane Evans,61,Male,Engineering,Software Engineer,7390.0,2020-01-04,,6,No,3.0,3.0,3.0,3.0,2.0
E-1454,Cynthia Vang,46,Male,Engineering,QA Analyst,7180.0,2023-11-14,,2,No,4.0,3.0,3.0,2.0,2.0
E-1753,Michael Fuentes,55,Male,Engineering,Support Engineer,6120.0,2023-02-21,2026-04-06,3,Yes,3.0,3.0,,3.0,3.0
E-1247,Krista Gibson,27,Male,Engineering,Software Engineer,8100.0,2024-06-13,,2,No,3.0,2.0,3.0,3.0,3.0
E-1094,Christina Walters,46,Male,Engineering,Software Engineer,8020.0,2026-03-28,,0,No,2.0,4.0,3.0,3.0,2.0
E-1009,Gabrielle Davis,56,Female,Human Resources,HR Partner,4540.0,2016-01-05,,10,No,3.0,4.0,3.0,3.0,2.0
E-1238,David Davis,42,Female,Engineering,Software Engineer,8750.0,2023-12-19,,2,No,3.0,4.0,2.0,3.0,3.0
E-1205,Erin Warner,44,Male,Engineering,Software Engineer,5270.0,2023-12-30,,2,No,3.0,3.0,3.0,2.0,4.0
E-1347,Sharon Boyd,33,Male,Engineering,QA Analyst,,2026-03-03,,0,No,3.0,2.0,3.0,2.0,3.0
E-2372,Pamela Weaver,40,Female,Sales,Sales Development Rep,4950.0,2022-12-17,2026-02-12,3,Yes,3.0,3.0,2.0,3.0,3.0
E-2013,Peter Thompson,44,Female,Engineering,Engineering Manager,6960.0,2024-08-29,,2,No,4.0,3.0,3.0,3.0,3.0
E-1966,Travis Conner,41,Female,Engineering,Engineering Manager,8350.0,2020-09-08,,6,No,3.0,2.0,3.0,3.0,3.0
E-2164,Amber Martin,23,Female,Sales,Account Executive,,2026-01-11,2026-02-12,0,Yes,3.0,3.0,2.0,3.0,3.0
E-2015,William Graham,30,Male,Engineering,Engineering Manager,7250.0,2023-02-25,,3,No,2.0,,2.0,2.0,3.0
E-1172,Darlene Miller,47,Male,Engineering,Software Engineer,8660.0,2012-07-01,,14,No,3.0,2.0,3.0,2.0,2.0
E-1656,Kyle Chambers,33,Female,Engineering,Data Engineer,7680.0,2018-10-14,,7,No,3.0,1.0,3.0,3.0,3.0
E-1375,Charles Schultz,19,Male,Engineering,QA Analyst,7310.0,2019-05-03,,7,No,2.0,3.0,2.0,2.0,1.0
E-1651,Andrew Harper,35,Female,Engineering,Data Engineer,3700.0,2017-09-19,,9,No,3.0,,3.0,4.0,2.0
E-1543,Kenneth Edwards,43,Male,Engineering,QA Analyst,7690.0,2021-09-04,,5,No,2.0,2.0,3.0,3.0,2.0
E-2245,Michael Sloan,46,Male,Sales,Account Executive,5470.0,2021-09-08,,5,No,2.0,3.0,3.0,3.0,4.0
E-1946,Paula Brown,34,Female,Engineering,Engineering Lead,7040.0,2021-04-29,,5,No,2.0,3.0,,2.0,4.0
E-1705,Shannon Malone,21,Male,Engineering,Data Engineer,6180.0,2011-02-01,,15,No,3.0,3.0,2.0,3.0,2.0
E-1233,Christopher Parker,48,Male,Engineering,Software Engineer,6780.0,2023-04-07,,3,No,3.0,3.0,4.0,3.0,3.0
E-1696,Mr. Aaron Arnold,28,Male,Engineering,Data Engineer,6390.0,2023-10-06,,2,No,3.0,2.0,3.0,3.0,2.0
E-2479,Lisa Morris,21,Female,Sales,Sales Manager,7070.0,2020-07-06,,6,No,3.0,4.0,3.0,3.0,3.0
E-1989,Anna Wheeler,40,Male,Engineering,Engineering Manager,7970.0,2023-12-13,,2,No,3.0,2.0,2.0,3.0,3.0
E-1642,Martha Bailey,49,Male,Engineering,Data Engineer,6940.0,2012-11-11,,13,No,3.0,3.0,2.0,3.0,2.0
E-1092,Brian Rodriguez,54,Male,Engineering,Software Engineer,,2020-12-25,,5,No,2.0,3.0,2.0,2.0,2.0
E-1411,Angela Lin,26,Female,Engineering,QA Analyst,7510.0,2019-05-02,,7,No,3.0,3.0,2.0,3.0,2.0
E-1854,Donald Miller,19,Female,Engineering,Support Engineer,6240.0,2024-01-10,,2,No,4.0,3.0,3.0,4.0,3.0
E-2360,Austin Schultz,51,Female,Sales,Sales Development Rep,7060.0,2018-09-27,,7,No,3.0,3.0,2.0,3.0,2.0
E-1091,Matthew Mcmillan,22,Male,Engineering,Software Engineer,4940.0,2024-06-28,,2,No,3.0,3.0,3.0,3.0,3.0
E-1669,Nathaniel Lee,52,Male,Engineering,Data Engineer,6870.0,2023-10-11,,2,No,2.0,3.0,2.0,2.0,2.0
E-2377,Karen Fernandez,33,Male,Sales,Sales Development Rep,7080.0,2017-04-15,,9,No,2.0,2.0,2.0,2.0,4.0
E-1230,Lori Guerrero,43,Female,Engineering,Software Engineer,7120.0,2020-09-24,,5,No,2.0,3.0,2.0,3.0,3.0
E-2300,Christopher Mullen,29,Male,Sales,Account Executive,5370.0,2021-05-08,,5,No,3.0,3.0,3.0,3.0,4.0
E-1165,Michael Powell,41,Male,Engineering,Software Engineer,5730.0,2011-07-10,,15,No,3.0,3.0,3.0,,2.0
E-1475,Robin Thompson,23,Female,Engineering,QA Analyst,5720.0,2021-04-02,,5,No,2.0,3.0,3.0,2.0,3.0
E-1289,Lisa Allen,29,Female,Engineering,Software Engineer,5800.0,2021-10-20,,4,No,3.0,4.0,3.0,4.0,3.0
E-1327,Brett Burns,19,Male,Engineering,Software Engineer,5310.0,2011-11-05,2025-09-02,14,Yes,3.0,3.0,3.0,3.0,3.0
E-1523,Hannah Everett,43,Male,Engineering,QA Analyst,7720.0,2013-08-03,,13,No,3.0,3.0,2.0,3.0,2.0
E-1855,Lindsay Lawson,39,Female,Engineering,Support Engineer,6060.0,2024-09-17,,2,No,2.0,2.0,2.0,3.0,2.0
E-1990,Karen Johnson,36,Female,Engineering,Engineering Manager,4290.0,2020-11-20,,5,No,4.0,3.0,3.0,3.0,3.0
E-1278,Marie Christian,28,Male,Engineering,Software Engineer,7470.0,2020-07-06,,6,No,2.0,3.0,3.0,3.0,2.0
E-1415,Erica Alvarez,47,Male,Engineering,QA Analyst,5950.0,2019-10-04,2025-09-20,6,Yes,2.0,3.0,2.0,2.0,2.0
E-2016,Lori Flowers Md,64,Male,Engineering,Engineering Manager,7180.0,2019-11-18,,6,No,3.0,4.0,3.0,4.0,4.0
E-1652,Amber Yang,44,Female,Engineering,Data Engineer,8030.0,2022-07-02,,4,No,3.0,3.0,3.0,3.0,2.0
E-1284,Shelia Wallace,41,Female,Engineering,Software Engineer,,2015-02-04,,11,No,3.0,2.0,3.0,3.0,2.0
E-1388,James Padilla,49,Female,Engineering,QA Analyst,5100.0,2021-06-30,,5,No,3.0,3.0,3.0,4.0,3.0
E-2364,Samantha Jones,46,Male,Sales,Sales Development Rep,7350.0,2024-10-24,,1,No,3.0,2.0,2.0,2.0,2.0
E-2482,Christina Washington,46,Male,Sales,Sales Manager,5730.0,2020-02-14,,6,No,2.0,3.0,3.0,4.0,3.0
E-1099,Jessica Smith,34,Male,Engineering,Software Engineer,4830.0,2019-11-12,2025-10-11,6,Yes,4.0,3.0,3.0,3.0,2.0
E-1978,Margaret Tanner,47,Female,Engineering,Engineering Manager,7100.0,2020-09-05,,6,No,2.0,2.0,3.0,3.0,2.0
E-2144,Matthew Wright,42,Male,Sales,Account Executive,5210.0,2016-10-10,,9,No,2.0,2.0,1.0,2.0,3.0
E-2201,Sheila Greer,20,Female,Sales,Account Executive,4290.0,2024-01-13,2026-01-18,2,Yes,4.0,3.0,3.0,3.0,2.0
E-1803,Reginald Morrow,49,Male,Engineering,Support Engineer,6490.0,2017-09-01,,9,No,3.0,2.0,4.0,3.0,3.0
E-2361,Megan Hall Md,37,Male,Sales,Sales Development Rep,6500.0,2022-09-13,,4,No,2.0,2.0,3.0,3.0,2.0
E-1771,Jesse Clark,26,Female,Engineering,Support Engineer,8030.0,2023-01-04,,3,No,,2.0,3.0,3.0,3.0
E-1861,Vanessa Hatfield,31,Male,Engineering,Support Engineer,7890.0,2021-12-20,,4,No,3.0,2.0,4.0,3.0,4.0
E-1942,Virginia Casey,38,Male,Engineering,Engineering Lead,6680.0,2017-06-09,,9,No,3.0,3.0,3.0,4.0,2.0
E-2399,Mariah Thompson,35,Female,Sales,Sales Development Rep,,2024-11-10,,1,No,2.0,2.0,2.0,3.0,
E-2264,Nicholas Humphrey,56,Female,Sales,Account Executive,7130.0,2019-10-10,,6,No,3.0,3.0,2.0,2.0,4.0
E-2424,Emily Reed,46,Male,Sales,Sales Development Rep,4950.0,2021-05-26,,5,No,2.0,3.0,3.0,3.0,3.0
E-2269,Bernard Smith,40,Male,Sales,Account Executive,,2023-08-30,,3,No,3.0,2.0,3.0,4.0,
E-2020,Lisa Mills,41,Male,Engineering,Engineering Manager,6960.0,2022-10-28,,3,No,3.0,3.0,3.0,3.0,3.0
E-1682,Justin Walker,44,Male,Engineering,Data Engineer,7030.0,2017-02-18,,9,No,3.0,2.0,3.0,3.0,3.0
E-1890,Kristen Sloan,46,Female,Engineering,Engineering Lead,7000.0,2023-06-22,,3,No,2.0,3.0,3.0,3.0,2.0
E-1307,Edward Burgess,37,Female,Engineering,Software Engineer,7040.0,2021-02-02,,5,No,2.0,3.0,3.0,3.0,3.0
E-2091,Vincent Reyes,37,Male,Sales,Account Executive,5070.0,2016-02-07,,10,No,3.0,3.0,3.0,3.0,
E-1251,Isaiah Avila,48,Male,Engineering,Software Engineer,6400.0,2026-08-17,2026-09-16,0,Yes,3.0,3.0,4.0,3.0,3.0
E-1555,Robert Morgan,48,Male,Engineering,QA Analyst,5100.0,2026-04-19,,0,No,3.0,1.0,3.0,3.0,2.0
E-1485,Jasmine Beltran,32,Female,Engineering,QA Analyst,7140.0,2020-07-18,,6,No,3.0,2.0,3.0,3.0,2.0
E-2286,Sandy Baker,51,Male,Sales,Account Executive,6400.0,2021-08-23,,5,No,3.0,3.0,2.0,3.0,2.0
E-2441,Joseph Lopez,27,Male,Sales,Sales Development Rep,5460.0,2021-07-05,2026-05-17,5,Yes,2.0,2.0,2.0,2.0,2.0
E-1245,Shannon Rivera,35,Male,Engineering,Software Engineer,4990.0,2026-08-09,2026-09-18,0,Yes,3.0,3.0,2.0,2.0,2.0
E-1744,Valerie Taylor,57,Female,Engineering,Support Engineer,6510.0,2021-06-14,,5,No,2.0,,2.0,3.0,1.0
E-1554,Barbara Hester,41,Female,Engineering,QA Analyst,7490.0,2007-07-25,,19,No,3.0,2.0,3.0,4.0,3.0
E-2125,Emily Rodgers,49,Male,Sales,Account Executive,6320.0,2016-06-19,,10,No,3.0,3.0,3.0,3.0,
E-1721,Randy Friedman,44,Male,Engineering,Data Engineer,7110.0,2019-01-27,,7,No,3.0,2.0,4.0,4.0,4.0
E-2208,Dawn Rivera,40,Female,Sales,Account Executive,7780.0,2021-09-02,,5,No,2.0,3.0,2.0,2.0,3.0
E-2497,Sonya Jackson,57,Female,Sales,Sales Manager,6320.0,2023-11-23,,2,No,3.0,2.0,1.0,2.0,2.0
E-1107,Sharon Cherry,31,Male,Engineering,Software Engineer,7430.0,2016-03-19,,10,No,3.0,3.0,3.0,1.0,2.0
E-1018,Derek Zuniga,43,Male,Human Resources,HR Partner,6650.0,2024-08-23,,2,No,3.0,3.0,3.0,,3.0
E-1003,Angie Henderson,24,Male,Human Resources,HR Partner,4880.0,2025-09-05,,1,No,3.0,2.0,3.0,3.0,3.0
E-1637,Timothy Johnson,38,Female,Engineering,Data Engineer,6230.0,2007-04-12,,19,No,3.0,2.0,3.0,3.0,3.0
E-1694,Jonathan Brooks,36,Male,Engineering,Data Engineer,6960.0,2017-10-26,,8,No,2.0,3.0,3.0,,3.0
E-2468,Chad Roach,36,Male,Sales,Sales Manager,5810.0,2021-08-26,,5,No,3.0,2.0,3.0,2.0,3.0
E-2243,Brandy Myers,44,Male,Sales,Account Executive,,2021-07-26,,5,No,2.0,2.0,3.0,4.0,2.0
