subscriber_id,region,plan,onboarding_score,negative_ticket_pre_renewal,cancelled,total_spent,days_before_renewal_negative_ticket,cancellation_reason
S-13955,West,Quarterly Bundle,41.7,No,Yes,USD 1031.78,,no longer needed
S-16409,South,Monthly Plus,68.9,False,No,1388.17,,
S-11038,Midwest,Monthly Plus,52.6,Yes,1,63.18,5.5,poor quality
S-15755,West,Quarterly Bundle,72.6,False,No,929.30,,
S-13659,West,Monthly Essentials,36.1,False,No,$975.98,,
S-14982,Northeast,Quarterly Bundle,63.3,No,0,1267.04,,
S-10584,Northeast,Quarterly Bundle,40.1,1,Yes,628.33,9.1,moving/relocating
S-15542,Northeast,Quarterly Bundle,70.4,0,No,2793.54,,
S-10497,Northeast,Quarterly Bundle,36.9,Yes,False,2050.25,5.4,
S-10354,Midwest,Quarterly Bundle,42.2,1,True,USD 1751.46,7.5,no longer needed
S-14282,West,Quarterly Bundle,44.8,False,No,USD 921.07,,
S-18170,Midwest,Monthly Essentials,88.5,False,Yes,USD 896.58,,found alternative
S-13061,South,Monthly Essentials,80.5,True,No,42.08,1.8,
S-13653,Midwest,Monthly Essentials,36.5,No,No,781.16,,
S-12522,West,Monthly Plus,78.1,True,0,$313.42,13.4,
S-16803,Northeast,Monthly Essentials,82.1,False,False,236.99,,
S-10669,Northeast,Monthly Plus,36.4,True,Yes,USD 1146.84,5.1,shipping issues
S-13854,West,Monthly Essentials,45.7,No,Yes,$865.45,,
S-14123,Midwest,Monthly Essentials,41.8,0,False,834.96,,
S-10306,West,Quarterly Bundle,48.3,True,0,"$1,082.55",7.0,
S-11775,South,Quarterly Bundle,59.4,True,False,3303.07,5.1,
S-10504,Midwest,Monthly Essentials,49.6,Yes,Yes,582.60,0.8,found alternative
S-15132,South,Quarterly Bundle,68.8,No,No,1442.87,,
S-16431,Midwest,Monthly Essentials,60.4,False,False,770.39,,
S-14457,Northeast,Monthly Essentials,42.5,False,0,361.39,,
S-10303,Midwest,Monthly Essentials,36.0,Yes,True,$789.77,3.9,paused indefinitely
S-13634,West,Quarterly Bundle,47.3,No,True,161.52,,poor quality
S-16606,Midwest,Quarterly Bundle,65.7,False,No,1434.72,,
S-15735,Midwest,Monthly Essentials,66.2,No,No,185.15,,
S-15096,West,Monthly Essentials,63.6,No,0,672.08,,
S-10670,South,Monthly Essentials,54.4,Yes,True,652.06,6.8,paused indefinitely
S-15085,West,Monthly Essentials,57.2,False,No,179.48,,
S-10559,West,Quarterly Bundle,39.8,Yes,0,"$2,252.19",6.3,
S-12818,Northeast,Quarterly Bundle,83.3,True,No,"$3,216.90",10.4,
S-13696,South,Quarterly Bundle,54.6,False,No,USD 3064.97,,
S-16118,West,Quarterly Bundle,71.4,No,No,3560.95,,
S-11440,West,Quarterly Bundle,57.3,Yes,False,1990.95,2.8,
S-17132,South,Monthly Essentials,82.3,No,No,955.96,,
S-12058,South,Monthly Plus,60.7,True,Yes,$902.20,1.1,paused indefinitely
S-12058,South,Monthly Plus,60.7,True,Yes,$902.20,1.1,paused indefinitely
S-17015,South,Monthly Essentials,96.6,0,No,160.38,,
S-12136,Northeast,Monthly Plus,61.1,Yes,No,1273.73,4.8,
S-10892,Midwest,Monthly Plus,42.8,1,No,558.60,9.8,
S-12304,Midwest,Monthly Plus,82.3,1,Yes,572.46,10.9,found alternative
S-15913,Midwest,Quarterly Bundle,63.7,0,No,"$2,118.87",,
S-16905,South,Quarterly Bundle,84.8,0,False,281.74,,
S-12284,West,Monthly Plus,98.5,Yes,No,$902.75,0.0,
S-14045,West,Monthly Essentials,48.3,0,No,$116.85,,
S-12193,South,Monthly Plus,93.9,1,Yes,USD 336.16,2.8,
S-14955,South,Monthly Plus,45.3,No,No,755.43,,
S-12905,Midwest,Monthly Plus,93.9,Yes,No,USD 163.40,1.5,
S-17457,Midwest,Monthly Essentials,88.1,False,0,$718.90,,
S-13878,Northeast,Monthly Plus,49.0,False,False,$838.63,,
S-11848,West,Monthly Essentials,62.0,Yes,False,237.43,10.6,
S-10894,Midwest,Monthly Plus,52.8,True,Yes,1027.06,3.3,found alternative
S-15811,South,Monthly Essentials,67.9,No,False,$776.41,,
S-16579,South,Monthly Essentials,66.8,No,Yes,$671.14,,moving/relocating
S-16579,South,Monthly Essentials,66.8,No,Yes,$671.14,,moving/relocating
S-11479,Midwest,Quarterly Bundle,72.4,True,False,USD 2404.44,9.9,
S-16809,Northeast,Monthly Essentials,92.5,False,No,USD 792.69,,
S-12733,South,Quarterly Bundle,95.4,Yes,1,"$2,058.81",11.7,poor quality
S-17269,Northeast,Monthly Plus,82.9,False,False,346.42,,
S-10245,Northeast,Monthly Essentials,39.0,True,Yes,246.40,7.5,
S-10037,West,Monthly Plus,44.1,True,No,"$1,388.17",5.6,
S-16953,Midwest,Monthly Essentials,93.7,False,No,398.13,,
S-16039,Midwest,Monthly Essentials,71.5,No,False,459.45,,
S-18002,West,Monthly Essentials,79.2,No,No,316.20,,
S-16529,Northeast,Quarterly Bundle,64.5,No,No,1359.24,,
S-12928,Midwest,Quarterly Bundle,99.8,Yes,1,"$2,059.95",3.0,
S-14694,South,Monthly Essentials,50.5,No,No,$314.75,,
S-16230,West,Monthly Plus,55.6,No,False,USD 432.47,,
S-16770,Midwest,Quarterly Bundle,89.9,No,False,1603.55,,
S-10059,South,Quarterly Bundle,54.2,True,No,USD 720.41,3.8,
S-17574,South,Monthly Essentials,78.1,No,False,282.90,,
S-12828,South,Monthly Essentials,90.7,True,Yes,USD 37.31,5.0,moving/relocating
S-17743,South,Monthly Plus,99.4,No,0,"$1,069.78",,
S-12981,Midwest,Monthly Plus,95.8,1,Yes,USD 239.50,5.9,shipping issues
S-10363,West,Monthly Plus,50.4,Yes,Yes,USD 645.57,4.5,shipping issues
S-11017,Midwest,Quarterly Bundle,47.9,Yes,1,USD 3392.82,0.2,too expensive
S-12154,Midwest,Monthly Essentials,57.1,Yes,False,643.71,1.3,
S-13091,Midwest,Quarterly Bundle,85.4,1,1,"$1,801.81",0.3,bad support experience
S-12888,South,Quarterly Bundle,99.7,Yes,0,"$2,585.28",4.0,
S-13143,Midwest,Monthly Essentials,87.1,1,False,$729.55,13.6,
S-17658,Midwest,Monthly Essentials,85.9,0,No,942.60,,
S-17754,Midwest,Quarterly Bundle,79.4,No,No,2236.79,,
S-11727,South,Monthly Essentials,57.9,Yes,True,160.34,5.6,shipping issues
S-12862,Midwest,Monthly Essentials,84.3,True,No,$527.89,2.8,
S-13410,Midwest,Monthly Essentials,50.3,0,0,946.50,,
S-13606,South,Monthly Essentials,40.5,No,Yes,730.90,,bad support experience
S-13342,South,Monthly Plus,41.8,No,0,1328.73,,
S-13585,Midwest,Monthly Essentials,41.3,False,False,USD 369.45,,
S-16689,Midwest,Monthly Plus,94.1,No,No,USD 841.04,,
S-16060,West,Monthly Plus,69.7,False,False,$952.66,,
S-16060,West,Monthly Plus,69.7,False,False,$952.66,,
S-15652,West,Monthly Plus,56.3,No,0,$866.52,,
S-10231,West,Monthly Essentials,48.1,Yes,False,526.80,1.6,
S-17977,South,Monthly Plus,77.4,False,False,$517.44,,
S-15372,South,Monthly Plus,64.2,No,No,$564.94,,
S-11898,South,Quarterly Bundle,71.7,True,False,$443.45,5.1,
S-14189,Midwest,Quarterly Bundle,44.1,False,No,USD 2663.94,,
S-10843,Midwest,Monthly Plus,35.7,1,1,1466.46,12.4,bad support experience
S-14010,Northeast,Monthly Essentials,44.9,No,No,485.19,,
S-14958,West,Monthly Essentials,60.6,No,No,$639.18,,
S-13235,West,Quarterly Bundle,82.3,Yes,No,2603.26,7.6,
S-17446,West,Monthly Plus,85.6,False,No,678.18,,
S-14985,West,Monthly Essentials,55.5,No,No,487.05,,
S-15704,South,Monthly Plus,63.6,0,No,253.22,,
S-12883,Midwest,Quarterly Bundle,90.9,Yes,No,875.03,9.5,
S-18291,Midwest,Monthly Plus,79.2,False,No,USD 747.21,,
S-14036,Midwest,Monthly Essentials,50.0,0,No,$73.48,,
S-16650,West,Monthly Essentials,61.8,False,No,807.44,,
S-15551,South,Quarterly Bundle,72.6,0,No,837.76,,
S-10067,Midwest,Monthly Essentials,38.8,True,False,$214.02,2.5,
S-12499,Midwest,Monthly Plus,85.2,Yes,No,"$1,288.21",9.8,
S-10373,West,Monthly Plus,40.3,True,1,56.60,6.2,poor quality
S-14766,Northeast,Quarterly Bundle,49.6,0,No,3444.14,,
S-14766,Northeast,Quarterly Bundle,49.6,0,No,3444.14,,
S-16732,South,Monthly Essentials,99.5,No,No,631.99,,
S-12398,West,Monthly Plus,89.0,Yes,0,USD 634.73,2.3,
S-18162,Midwest,Monthly Plus,89.1,False,No,274.53,,
S-17968,Northeast,Monthly Plus,99.5,No,No,267.18,,
S-11639,South,Monthly Essentials,69.5,Yes,False,36.89,4.8,
S-17663,Northeast,Monthly Plus,94.4,No,False,USD 547.63,,
S-13131,West,Quarterly Bundle,76.8,True,False,"$2,312.95",0.4,
S-12885,South,Monthly Plus,92.9,True,False,56.03,3.8,
S-18276,West,Monthly Plus,79.3,0,False,1198.98,,
S-15090,West,Monthly Essentials,64.7,No,0,85.61,,
S-17453,Midwest,Quarterly Bundle,80.9,False,No,1228.52,,
S-11462,Midwest,Monthly Plus,65.4,Yes,No,439.27,2.6,
S-12379,South,Monthly Plus,81.4,1,False,$873.24,9.0,
S-11037,Northeast,Monthly Plus,51.3,Yes,Yes,220.92,5.1,
S-11037,Northeast,Monthly Plus,51.3,Yes,Yes,220.92,5.1,
S-11550,West,Monthly Plus,73.2,1,False,USD 315.02,7.2,
S-14214,West,Monthly Plus,35.6,No,False,"$1,143.22",,
S-11745,West,Quarterly Bundle,75.0,1,False,454.62,8.7,
S-10994,Northeast,Quarterly Bundle,43.1,Yes,Yes,2457.89,0.6,poor quality
S-17631,Midwest,Quarterly Bundle,92.0,No,No,1218.44,,
S-13890,South,Quarterly Bundle,51.5,False,0,"$1,236.47",,
S-11256,Northeast,Quarterly Bundle,60.4,Yes,No,3191.71,3.8,
S-11649,Midwest,Quarterly Bundle,57.8,True,False,1565.48,5.1,
S-18156,West,Monthly Plus,89.0,0,False,USD 514.86,,
S-16464,Northeast,Monthly Plus,74.2,False,No,USD 703.47,,
S-15963,West,Quarterly Bundle,73.1,False,No,USD 2666.40,,
S-15441,Northeast,Quarterly Bundle,61.8,0,False,$481.33,,
S-13765,West,Quarterly Bundle,44.2,No,No,$438.32,,
S-16998,Midwest,Monthly Essentials,96.2,0,Yes,632.46,,shipping issues
S-15243,Northeast,Quarterly Bundle,58.7,No,0,3401.33,,
S-15416,Midwest,Monthly Plus,59.9,False,False,567.63,,
S-12929,Midwest,Quarterly Bundle,81.7,Yes,No,729.70,2.1,
S-10569,South,Monthly Essentials,43.9,1,True,372.35,6.4,found alternative
S-13475,South,Monthly Plus,49.7,0,0,$679.89,,
S-12359,West,Quarterly Bundle,80.9,Yes,No,1074.93,8.4,
S-13524,Midwest,Monthly Essentials,45.3,False,1,$417.91,,
S-12665,West,Monthly Plus,97.2,Yes,Yes,USD 320.55,12.1,found alternative
S-10999,West,Monthly Essentials,35.7,True,Yes,365.21,5.6,poor quality
S-12878,South,Quarterly Bundle,79.0,True,0,3624.66,7.8,
S-11702,Northeast,Monthly Essentials,58.5,True,Yes,817.73,0.7,shipping issues
S-17479,South,Quarterly Bundle,87.2,False,False,469.74,,
S-16080,South,Monthly Essentials,61.4,No,False,856.55,,
S-17733,Midwest,Quarterly Bundle,96.6,No,0,1111.84,,
S-13801,South,Quarterly Bundle,54.9,No,No,USD 2831.62,,
S-15724,South,Monthly Essentials,66.5,No,False,USD 746.19,,
S-17196,South,Monthly Essentials,94.6,False,False,USD 813.69,,
S-13481,Northeast,Quarterly Bundle,52.0,False,No,2420.04,,
S-15979,West,Quarterly Bundle,63.2,False,False,USD 612.39,,
S-17435,Northeast,Monthly Plus,79.8,False,0,USD 631.76,,
S-18215,West,Quarterly Bundle,81.8,False,False,$689.76,,
S-13926,Northeast,Quarterly Bundle,51.6,False,No,2471.63,,
S-14547,Midwest,Quarterly Bundle,45.7,0,No,3376.22,,
S-18121,West,Monthly Plus,85.2,No,False,463.10,,
S-13100,West,Monthly Essentials,79.7,True,No,$486.08,13.4,
S-15859,Midwest,Quarterly Bundle,67.2,False,No,$295.09,,
S-15977,Midwest,Monthly Essentials,60.9,False,False,765.91,,
S-16015,South,Quarterly Bundle,59.6,No,No,2101.62,,
S-12525,Midwest,Monthly Plus,95.9,Yes,No,507.85,2.2,
S-15386,Midwest,Monthly Plus,65.3,No,False,$999.72,,
S-13222,West,Monthly Essentials,91.8,Yes,No,988.86,14.0,
S-12672,Northeast,Monthly Plus,82.5,Yes,0,"$1,234.36",9.5,
S-17245,South,Monthly Plus,89.9,No,False,1021.78,,
S-12420,West,Quarterly Bundle,81.5,Yes,No,"$1,863.61",6.6,
S-14479,South,Monthly Essentials,45.1,0,False,785.27,,
S-13060,West,Monthly Plus,81.7,Yes,0,$181.00,10.3,
S-10701,West,Quarterly Bundle,35.7,True,True,$490.62,9.6,paused indefinitely
S-10196,Midwest,Monthly Essentials,39.6,Yes,No,USD 128.69,7.6,
S-16829,Northeast,Monthly Essentials,75.0,False,0,USD 115.83,,
S-11453,West,Monthly Plus,59.6,True,Yes,277.12,9.4,no longer needed
S-16824,Northeast,Monthly Plus,91.7,No,1,757.93,,found alternative
S-13038,West,Monthly Plus,77.5,Yes,No,555.59,0.9,
S-11337,Northeast,Monthly Essentials,67.8,Yes,1,$38.42,5.0,no longer needed
S-15459,West,Quarterly Bundle,61.3,False,No,"$1,214.01",,
S-13484,West,Monthly Plus,39.0,0,False,$701.57,,
S-13822,West,Monthly Plus,54.2,False,No,USD 568.79,,
S-15491,Midwest,Monthly Plus,69.2,False,0,"$1,241.04",,
S-10292,Midwest,Monthly Essentials,44.3,True,Yes,426.81,2.6,no longer needed
S-17228,South,Quarterly Bundle,90.4,False,No,USD 2353.76,,
S-10263,Northeast,Monthly Essentials,50.9,True,False,$123.30,14.0,
S-13190,Midwest,Quarterly Bundle,81.9,True,True,"$1,926.34",5.4,too expensive
S-17967,Northeast,Monthly Plus,90.6,0,False,"$1,213.57",,
S-12481,West,Monthly Essentials,95.8,True,Yes,USD 110.57,10.4,shipping issues
S-11655,Midwest,Quarterly Bundle,63.3,Yes,False,USD 3266.77,3.4,
S-18167,West,Monthly Essentials,82.5,False,False,$450.97,,
S-11452,South,Monthly Plus,55.7,Yes,0,1048.67,1.4,
S-15194,Northeast,Monthly Essentials,55.7,No,0,795.70,,
S-14741,South,Monthly Plus,37.0,No,0,$407.34,,
S-17335,South,Monthly Essentials,89.1,False,No,80.34,,
S-16338,Midwest,Quarterly Bundle,58.4,No,False,USD 2583.40,,
S-14782,West,Monthly Essentials,45.4,No,0,$511.55,,
S-10281,Midwest,Monthly Essentials,37.8,True,Yes,289.27,10.0,too expensive
S-13436,Northeast,Quarterly Bundle,37.1,False,0,1861.77,,
S-13065,Midwest,Monthly Essentials,87.3,Yes,False,309.89,3.4,
S-11289,West,Monthly Essentials,70.1,1,No,401.95,12.9,
S-12089,Northeast,Monthly Essentials,66.7,True,0,$992.28,10.7,
S-17921,South,Monthly Plus,80.8,False,No,USD 801.31,,
S-17778,Midwest,Monthly Essentials,82.7,0,False,USD 270.51,,
S-16879,Midwest,Quarterly Bundle,79.8,0,False,3330.05,,
S-14882,West,Quarterly Bundle,40.6,False,No,"$3,357.75",,
S-15697,Northeast,Monthly Plus,64.0,False,False,1223.29,,
S-18178,Midwest,Monthly Essentials,95.7,0,False,699.27,,
S-10063,Northeast,Monthly Essentials,37.3,Yes,False,810.97,7.2,
S-16992,Northeast,Monthly Plus,80.3,False,False,"$1,087.02",,
S-14099,Midwest,Monthly Plus,35.0,No,False,1121.01,,
S-17595,Midwest,Quarterly Bundle,99.3,No,No,2523.09,,
S-11685,Northeast,Quarterly Bundle,66.9,1,True,"$1,050.66",4.6,shipping issues
S-14475,Northeast,Monthly Plus,47.3,0,No,USD 912.09,,
S-14475,Northeast,Monthly Plus,47.3,0,No,USD 912.09,,
S-15831,Midwest,Monthly Plus,56.7,No,No,"$1,204.91",,
S-12069,West,Monthly Essentials,69.5,1,False,965.62,14.0,
S-16604,South,Monthly Essentials,66.3,False,False,378.77,,
S-10624,Northeast,Monthly Essentials,37.0,Yes,No,406.80,0.2,
S-17780,Midwest,Monthly Plus,88.2,False,False,792.36,,
S-13422,Midwest,Monthly Essentials,44.3,0,False,USD 323.25,,
S-16479,Midwest,Quarterly Bundle,63.8,No,0,277.90,,
S-10458,Northeast,Monthly Plus,35.6,True,0,USD 372.68,8.9,
S-12463,Northeast,Quarterly Bundle,95.1,Yes,Yes,1282.03,2.3,paused indefinitely
S-15544,South,Quarterly Bundle,66.4,False,True,545.47,,shipping issues
S-10620,Midwest,Quarterly Bundle,52.1,Yes,Yes,2825.02,8.3,
S-16474,South,Monthly Plus,74.4,No,No,USD 535.71,,
S-18262,South,Quarterly Bundle,97.3,No,True,325.12,,shipping issues
S-15278,South,Monthly Plus,59.8,0,0,1095.25,,
S-13812,Midwest,Quarterly Bundle,39.3,No,True,"$2,817.56",,moving/relocating
S-13518,South,Monthly Plus,40.7,No,No,969.78,,
S-12016,West,Monthly Plus,62.2,Yes,No,1022.96,13.9,
S-13231,West,Quarterly Bundle,95.6,True,No,1605.30,7.1,
S-17931,West,Monthly Plus,82.7,0,0,1340.12,,
S-10545,Northeast,Monthly Plus,46.6,Yes,False,1462.53,5.8,
S-16719,Northeast,Monthly Essentials,91.7,False,No,USD 526.48,,
S-17560,West,Quarterly Bundle,95.7,No,False,2983.59,,
S-17085,Midwest,Quarterly Bundle,79.4,No,0,442.43,,
S-16159,Northeast,Quarterly Bundle,58.6,False,No,$270.13,,
S-18028,West,Monthly Essentials,75.8,0,False,543.32,,
S-17784,South,Monthly Essentials,82.7,No,0,$980.30,,
S-16332,South,Quarterly Bundle,74.2,False,No,USD 1203.73,,
S-13199,South,Monthly Essentials,81.8,True,False,589.44,1.0,
S-13512,Northeast,Quarterly Bundle,47.1,False,No,USD 1255.73,,
S-16382,South,Monthly Plus,70.2,No,False,325.69,,
S-11325,South,Monthly Plus,57.9,Yes,True,USD 123.17,3.9,found alternative
S-18377,Northeast,Monthly Plus,80.8,False,False,USD 586.65,,
S-13737,Northeast,Monthly Essentials,46.5,No,True,82.00,,shipping issues
S-14660,West,Quarterly Bundle,53.6,False,False,USD 162.15,,
S-10220,Northeast,Monthly Essentials,38.7,True,Yes,110.29,1.7,found alternative
S-12083,Midwest,Monthly Plus,58.0,True,No,1359.82,0.4,
S-14723,Midwest,Quarterly Bundle,35.9,False,0,USD 1861.23,,
S-10575,Midwest,Monthly Essentials,45.2,True,Yes,166.21,9.2,found alternative
S-14911,Midwest,Quarterly Bundle,35.7,False,No,2024.44,,
S-13906,South,Monthly Essentials,54.4,No,False,$773.26,,
S-15796,Northeast,Monthly Essentials,67.6,No,False,USD 150.40,,
S-18065,West,Monthly Essentials,78.5,0,Yes,USD 160.66,,shipping issues
S-12252,West,Monthly Plus,88.5,Yes,False,757.76,5.8,
S-18090,South,Quarterly Bundle,77.4,0,False,1059.56,,
S-17232,Midwest,Monthly Essentials,97.9,False,False,580.36,,
S-11288,Northeast,Quarterly Bundle,69.2,True,True,1909.36,12.0,poor quality
S-12831,South,Monthly Essentials,97.6,1,Yes,USD 790.57,13.7,found alternative
S-12532,Midwest,Quarterly Bundle,81.5,True,False,"$1,835.02",11.7,
S-14260,Northeast,Monthly Plus,46.5,False,False,USD 525.90,,
S-10782,West,Monthly Essentials,41.3,True,True,35.54,7.1,poor quality
S-14535,Midwest,Monthly Plus,44.3,0,False,1358.49,,
S-15294,Northeast,Quarterly Bundle,68.5,False,False,USD 2670.39,,
S-12500,West,Monthly Essentials,90.1,1,No,$757.39,10.2,
S-15599,Midwest,Monthly Plus,63.3,No,False,USD 248.71,,
S-13578,South,Monthly Plus,54.5,False,No,230.65,,
S-16681,West,Monthly Essentials,82.0,False,True,$429.20,,poor quality
S-12000,West,Monthly Plus,68.6,Yes,True,$417.14,4.6,paused indefinitely
S-13394,West,Monthly Essentials,41.7,0,No,$244.08,,
S-11444,South,Monthly Plus,73.5,Yes,False,USD 1043.48,2.3,
S-16528,South,Quarterly Bundle,72.9,No,No,USD 151.66,,
S-13444,South,Monthly Essentials,44.2,False,True,213.36,,shipping issues
S-12209,Midwest,Quarterly Bundle,80.4,True,No,USD 1664.74,7.6,
S-11918,Northeast,Quarterly Bundle,70.7,True,False,USD 2234.28,5.3,
S-11665,South,Monthly Essentials,65.0,True,No,$317.78,8.5,
S-12820,Northeast,Monthly Essentials,91.1,1,0,USD 367.28,8.6,
S-12429,West,Monthly Plus,80.1,True,False,794.39,11.3,
S-12312,West,Monthly Plus,98.8,1,False,$445.93,2.0,
S-11538,Midwest,Monthly Plus,64.1,1,No,268.05,5.9,
S-13294,South,Quarterly Bundle,48.1,No,0,824.56,,
S-17779,Northeast,Monthly Plus,87.2,False,False,USD 318.93,,
S-17044,Northeast,Monthly Essentials,86.8,No,No,$718.28,,
S-12384,Northeast,Quarterly Bundle,88.6,Yes,False,USD 2294.32,10.9,
S-12585,West,Quarterly Bundle,98.3,1,No,985.59,11.5,
S-12139,Midwest,Monthly Essentials,70.6,1,0,$117.97,9.0,
S-13069,Northeast,Monthly Essentials,82.2,Yes,0,376.19,4.0,
S-12538,South,Monthly Plus,81.9,1,0,$548.90,12.1,
S-16903,Midwest,Monthly Essentials,77.4,False,0,$504.92,,
S-17108,Midwest,Quarterly Bundle,86.8,False,No,3246.69,,
S-15354,Northeast,Monthly Essentials,55.1,False,False,362.42,,
S-11893,Midwest,Monthly Essentials,63.6,Yes,No,364.47,5.1,
S-13150,South,Monthly Essentials,84.5,Yes,Yes,$374.35,0.7,found alternative
S-16457,West,Quarterly Bundle,62.5,No,0,"$2,016.17",,
S-17167,Midwest,Monthly Plus,97.9,No,1,392.56,,moving/relocating
S-12998,South,Quarterly Bundle,93.3,1,No,3030.77,13.1,
S-10007,West,Quarterly Bundle,50.4,Yes,True,USD 3928.68,2.0,moving/relocating
S-15793,Northeast,Quarterly Bundle,58.0,False,No,$626.96,,
S-10515,South,Quarterly Bundle,54.0,True,True,"$1,660.86",13.0,moving/relocating
S-14734,South,Monthly Essentials,40.8,No,False,$869.56,,
S-16347,West,Monthly Essentials,59.8,No,False,484.81,,
S-16754,Midwest,Monthly Plus,96.8,False,False,221.84,,
S-10587,West,Quarterly Bundle,35.0,1,1,3077.44,8.8,paused indefinitely
S-15399,Northeast,Monthly Essentials,68.1,No,No,802.15,,
S-17501,South,Quarterly Bundle,93.5,False,0,USD 3079.68,,
S-15898,Midwest,Monthly Essentials,60.0,False,No,USD 779.29,,
S-14425,Northeast,Monthly Essentials,48.4,False,No,226.93,,
S-14047,Midwest,Monthly Plus,53.6,False,No,679.17,,
S-17000,South,Quarterly Bundle,96.3,No,No,"$1,521.62",,
S-11516,Midwest,Quarterly Bundle,71.6,Yes,No,418.88,7.6,
S-12793,Northeast,Quarterly Bundle,83.8,1,No,USD 2389.97,7.6,
S-12324,Midwest,Monthly Essentials,84.6,Yes,1,651.59,8.5,no longer needed
S-16540,South,Quarterly Bundle,74.2,0,False,3077.38,,
S-14706,South,Quarterly Bundle,48.9,False,No,"$1,085.18",,
S-10814,Midwest,Quarterly Bundle,39.6,1,Yes,3688.76,1.4,found alternative
S-16201,Midwest,Monthly Essentials,58.3,0,No,890.78,,
S-10913,Northeast,Monthly Plus,50.9,Yes,No,546.29,5.4,
S-13036,West,Monthly Plus,93.4,Yes,0,617.00,14.0,
S-14468,Northeast,Quarterly Bundle,35.6,0,0,USD 3763.00,,
S-16794,West,Quarterly Bundle,90.8,No,False,USD 2605.98,,
S-14575,South,Monthly Plus,36.7,False,False,640.13,,
S-17904,South,Monthly Plus,93.3,0,0,USD 876.83,,
S-12009,Northeast,Monthly Essentials,64.4,True,0,$269.83,7.3,
S-17710,West,Monthly Essentials,78.7,No,False,$498.36,,
S-13614,Northeast,Monthly Essentials,47.1,No,No,969.53,,
S-11735,Midwest,Monthly Essentials,72.1,Yes,False,752.52,3.3,
S-11561,Northeast,Quarterly Bundle,73.7,Yes,No,3527.02,3.2,
S-16569,West,Monthly Plus,59.5,False,0,974.64,,
S-17361,Midwest,Quarterly Bundle,96.9,False,0,USD 1994.37,,
S-11259,Northeast,Monthly Essentials,70.3,1,0,492.82,10.2,
S-12900,Northeast,Monthly Plus,83.4,True,False,$711.20,12.2,
S-16330,Midwest,Monthly Plus,55.5,False,False,USD 1187.45,,
S-14854,South,Monthly Essentials,36.0,No,No,395.47,,
S-15179,West,Monthly Plus,63.7,No,Yes,$109.94,,moving/relocating
S-16285,West,Quarterly Bundle,56.3,False,No,3394.28,,
S-17878,West,Monthly Essentials,92.7,False,No,$175.70,,
S-16887,Northeast,Monthly Plus,76.5,False,False,"$1,151.10",,
S-16120,Northeast,Monthly Essentials,61.0,False,0,267.89,,
S-16420,Northeast,Monthly Essentials,65.3,0,False,$910.00,,
S-14809,South,Monthly Plus,39.7,No,0,1158.86,,
S-14432,West,Monthly Plus,49.9,False,0,1145.06,,
S-13756,West,Monthly Plus,46.8,False,No,"$1,003.76",,
S-17112,West,Monthly Essentials,95.8,False,No,536.91,,
S-17719,Northeast,Monthly Plus,77.3,0,No,176.12,,
S-17178,West,Monthly Plus,97.2,No,No,60.10,,
S-17535,Midwest,Quarterly Bundle,77.1,0,True,USD 298.29,,shipping issues
S-10075,Midwest,Monthly Essentials,52.1,True,True,761.73,0.4,paused indefinitely
S-12746,West,Monthly Essentials,88.7,Yes,No,$266.19,13.1,
S-17182,Northeast,Quarterly Bundle,85.6,No,False,3465.45,,
S-15721,South,Monthly Essentials,63.8,0,No,USD 857.19,,
S-17280,South,Monthly Plus,89.2,No,False,$389.08,,
S-15431,South,Monthly Plus,61.0,No,0,$584.87,,
S-17079,Midwest,Monthly Essentials,78.6,False,False,$840.84,,
S-15642,South,Monthly Essentials,62.6,0,False,491.14,,
S-13688,South,Quarterly Bundle,51.7,False,No,$817.97,,
S-16553,West,Quarterly Bundle,70.7,False,0,2165.64,,
S-17782,South,Monthly Essentials,83.8,No,0,USD 632.81,,
S-18353,West,Monthly Essentials,93.7,False,False,533.37,,
S-15208,South,Monthly Essentials,71.7,False,No,890.16,,
S-17333,South,Quarterly Bundle,87.8,No,No,273.08,,
S-12168,Midwest,Monthly Essentials,76.3,True,No,USD 359.33,12.8,
S-10275,South,Quarterly Bundle,39.9,True,No,725.74,3.0,
S-10466,South,Monthly Essentials,48.8,True,False,204.57,8.0,
S-15924,Northeast,Monthly Plus,71.5,False,False,422.70,,
S-16816,Northeast,Monthly Essentials,78.4,No,No,849.99,,
S-18248,Northeast,Monthly Essentials,75.2,No,No,$612.42,,
S-12797,Midwest,Quarterly Bundle,76.2,Yes,Yes,1124.72,5.2,found alternative
S-14391,West,Monthly Plus,47.2,0,False,901.29,,
S-10926,West,Quarterly Bundle,37.6,Yes,False,USD 3801.02,13.3,
S-14048,Northeast,Monthly Plus,46.3,False,No,$975.19,,
S-15936,South,Monthly Essentials,69.6,False,True,USD 388.58,,
S-17700,Northeast,Monthly Plus,90.9,No,0,USD 1105.19,,
S-17550,West,Monthly Plus,85.5,False,No,854.30,,
S-16963,Northeast,Quarterly Bundle,80.6,0,False,2561.45,,
S-16389,West,Quarterly Bundle,70.8,False,No,"$1,979.96",,
S-15261,Northeast,Monthly Essentials,57.4,No,No,USD 737.16,,
S-13086,Midwest,Monthly Plus,92.5,Yes,No,570.49,8.6,
S-15767,Northeast,Monthly Plus,68.8,No,No,248.73,,
S-13953,Northeast,Quarterly Bundle,40.8,No,No,3836.15,,
S-10874,Midwest,Quarterly Bundle,50.1,True,Yes,2393.15,12.9,shipping issues
S-15772,West,Monthly Essentials,66.3,False,False,365.17,,
S-12656,Midwest,Quarterly Bundle,95.1,Yes,1,3011.37,2.1,too expensive
S-12656,Midwest,Quarterly Bundle,95.1,Yes,1,3011.37,2.1,too expensive
S-15902,South,Monthly Plus,72.8,False,No,62.25,,
S-14444,Northeast,Quarterly Bundle,35.5,0,False,USD 289.29,,
S-14843,West,Quarterly Bundle,43.2,False,No,2663.19,,
S-15282,Northeast,Monthly Plus,61.2,0,False,532.46,,
S-14510,Midwest,Quarterly Bundle,49.7,No,False,834.49,,
S-15325,South,Monthly Plus,62.1,False,0,USD 632.20,,
S-16278,Midwest,Monthly Essentials,60.6,False,False,$661.83,,
S-12178,Northeast,Quarterly Bundle,76.6,1,1,3174.94,0.6,paused indefinitely
S-10687,South,Quarterly Bundle,48.6,True,False,"$3,072.07",1.5,
S-16091,Midwest,Monthly Essentials,62.2,No,No,$623.29,,
S-14943,Midwest,Quarterly Bundle,48.9,False,True,2481.90,,no longer needed
S-17772,West,Monthly Plus,93.9,No,No,60.01,,
S-12946,West,Quarterly Bundle,92.0,Yes,False,"$1,581.25",6.5,
S-13296,Midwest,Quarterly Bundle,40.5,No,No,3113.82,,
S-13757,Northeast,Monthly Essentials,35.7,No,No,437.94,,
S-14068,Northeast,Monthly Plus,51.8,False,No,173.97,,
S-12015,West,Monthly Plus,64.8,Yes,No,$752.53,3.4,
S-15778,Northeast,Quarterly Bundle,74.6,No,No,2981.60,,
S-15366,West,Monthly Essentials,58.2,False,0,$233.82,,
S-16114,Midwest,Monthly Essentials,64.6,False,False,$893.51,,
S-17598,South,Quarterly Bundle,76.6,False,0,USD 3214.94,,
S-14015,Northeast,Quarterly Bundle,39.1,No,0,USD 2072.89,,
S-16876,South,Monthly Essentials,82.7,False,False,120.66,,
S-14966,Midwest,Monthly Plus,67.0,0,False,$556.94,,
S-12454,West,Monthly Plus,99.6,Yes,False,931.69,2.4,
S-16037,West,Quarterly Bundle,71.3,No,1,USD 2609.87,,no longer needed
S-10126,South,Monthly Essentials,38.3,Yes,False,USD 444.96,12.1,
S-15679,Northeast,Quarterly Bundle,64.3,No,No,432.02,,
S-12453,South,Monthly Plus,95.7,Yes,No,1360.11,10.7,
S-15624,West,Quarterly Bundle,66.7,No,0,"$2,002.27",,
S-14314,West,Quarterly Bundle,35.4,0,No,USD 2039.20,,
S-16345,South,Monthly Essentials,55.9,False,False,405.41,,
S-13236,Northeast,Monthly Essentials,83.2,Yes,False,366.51,2.7,
S-16004,Northeast,Monthly Essentials,60.9,No,False,USD 798.63,,
S-10240,Midwest,Quarterly Bundle,39.3,1,No,979.06,12.7,
S-16368,South,Quarterly Bundle,64.6,0,0,"$2,822.94",,
S-12060,West,Monthly Plus,64.1,Yes,No,162.59,13.6,
S-14303,Northeast,Monthly Plus,41.0,False,False,"$1,072.64",,
S-17049,South,Monthly Essentials,76.8,No,False,697.48,,
S-11002,West,Quarterly Bundle,43.7,1,No,818.34,0.4,
S-11281,South,Quarterly Bundle,58.6,Yes,False,USD 153.31,9.8,
S-17118,West,Monthly Plus,78.1,False,False,399.13,,
S-12721,South,Quarterly Bundle,98.2,True,False,299.62,12.3,
S-13177,South,Monthly Essentials,87.7,1,0,211.61,2.1,
S-13177,South,Monthly Essentials,87.7,1,0,211.61,2.1,
S-14483,South,Monthly Essentials,36.2,False,No,389.50,,
S-16852,South,Monthly Essentials,81.9,False,No,$109.36,,
S-13132,Northeast,Quarterly Bundle,96.3,Yes,No,2396.29,3.6,
S-17627,Northeast,Quarterly Bundle,91.2,False,No,3300.48,,
S-18362,Midwest,Monthly Plus,87.1,No,False,USD 425.39,,
S-17995,South,Quarterly Bundle,95.4,No,1,USD 2594.48,,moving/relocating
S-12098,Northeast,Monthly Plus,64.6,True,1,468.25,3.2,
S-11534,West,Monthly Essentials,55.9,True,True,$562.48,2.0,no longer needed
S-13135,West,Quarterly Bundle,78.2,True,False,297.95,4.2,
S-10328,Midwest,Monthly Plus,36.2,True,No,$450.56,0.9,
S-14124,West,Monthly Essentials,47.8,No,False,821.94,,
S-13379,West,Monthly Essentials,37.8,False,No,680.24,,
S-15379,West,Monthly Essentials,60.1,0,No,$591.61,,
S-13385,Northeast,Monthly Essentials,47.6,False,False,$882.79,,
S-17339,Northeast,Quarterly Bundle,83.1,No,False,USD 3275.75,,
S-15810,Midwest,Monthly Plus,55.8,No,False,162.84,,
S-10351,South,Quarterly Bundle,44.3,Yes,True,$162.51,7.8,moving/relocating
S-15417,South,Quarterly Bundle,73.6,No,False,$718.65,,
S-11048,South,Monthly Plus,44.9,Yes,1,$584.14,4.0,paused indefinitely
S-15966,South,Monthly Plus,62.0,0,No,$853.44,,
S-17258,West,Monthly Essentials,84.9,No,False,USD 758.17,,
S-10438,Midwest,Quarterly Bundle,37.6,True,False,3051.67,1.9,
S-13819,Northeast,Quarterly Bundle,35.2,0,Yes,2247.35,,
S-17004,Northeast,Monthly Essentials,95.4,No,False,$491.65,,
S-13836,South,Monthly Essentials,44.7,No,False,USD 121.42,,
S-15959,West,Monthly Plus,70.1,False,False,704.13,,
S-15753,Midwest,Quarterly Bundle,70.2,No,False,"$3,177.22",,
S-13782,Midwest,Monthly Essentials,46.4,0,False,USD 468.72,,
S-17605,Midwest,Quarterly Bundle,82.4,No,No,3240.11,,
S-18161,Northeast,Quarterly Bundle,97.6,False,False,2427.48,,
S-10477,Midwest,Monthly Plus,42.0,Yes,True,749.60,13.4,moving/relocating
S-11239,Midwest,Quarterly Bundle,59.9,Yes,Yes,"$2,030.27",0.8,moving/relocating
S-18169,South,Quarterly Bundle,90.7,False,No,"$2,454.69",,
S-11441,West,Monthly Plus,57.8,True,Yes,581.57,7.2,shipping issues
S-16202,Midwest,Quarterly Bundle,63.9,No,False,USD 139.59,,
S-17680,West,Monthly Essentials,79.7,0,No,404.68,,
S-17170,Midwest,Monthly Essentials,88.9,0,False,$729.74,,
S-14918,South,Monthly Plus,43.4,No,1,USD 485.60,,no longer needed
S-14564,South,Monthly Plus,40.9,False,False,USD 1012.77,,
S-14564,South,Monthly Plus,40.9,False,False,USD 1012.77,,
S-13375,South,Monthly Plus,44.5,False,Yes,USD 110.07,,
S-15761,Northeast,Quarterly Bundle,67.5,False,No,3466.48,,
S-18224,Midwest,Monthly Essentials,85.6,0,0,USD 831.95,,
S-10665,West,Monthly Plus,41.0,True,True,$573.70,5.2,too expensive
S-12433,Midwest,Monthly Plus,78.7,True,False,$59.57,13.5,
S-17588,South,Monthly Essentials,79.2,False,0,$338.89,,
S-17590,South,Monthly Essentials,89.7,No,No,604.70,,
S-13912,Midwest,Quarterly Bundle,48.6,No,0,$455.46,,
S-14748,Northeast,Monthly Plus,43.9,0,No,$608.64,,
S-14453,West,Quarterly Bundle,44.3,0,False,3274.17,,
S-16251,West,Monthly Plus,68.1,False,No,977.72,,
S-12527,Northeast,Monthly Plus,80.1,1,No,129.62,5.4,
S-11217,South,Monthly Plus,64.5,True,True,$430.02,11.4,
S-16267,Northeast,Monthly Plus,62.8,No,No,USD 1430.75,,
S-14201,Midwest,Monthly Plus,42.2,No,False,$841.65,,
S-17746,South,Monthly Plus,80.1,0,True,1193.32,,too expensive
S-14988,Northeast,Quarterly Bundle,65.5,No,False,"$2,951.73",,
S-16104,South,Quarterly Bundle,68.2,False,No,USD 3260.69,,
S-13005,Northeast,Monthly Essentials,90.8,1,No,674.37,2.0,
S-12976,Northeast,Monthly Essentials,89.9,1,True,228.34,4.6,no longer needed
S-12171,West,Monthly Plus,94.8,Yes,0,$108.26,5.2,
S-13704,Northeast,Quarterly Bundle,35.6,False,No,1771.01,,
S-15149,Northeast,Monthly Plus,56.7,No,No,274.38,,
S-14924,Midwest,Monthly Essentials,40.7,False,No,537.66,,
S-10849,South,Quarterly Bundle,48.4,Yes,False,1606.95,3.6,
S-16419,Northeast,Quarterly Bundle,70.5,No,No,"$1,122.97",,
S-15507,Midwest,Monthly Essentials,72.5,No,No,715.10,,
S-16808,Midwest,Monthly Essentials,81.7,False,0,509.17,,
S-11762,Midwest,Monthly Essentials,56.1,True,0,836.80,3.9,
S-14825,Midwest,Monthly Essentials,51.5,0,False,356.01,,
S-17094,Midwest,Monthly Essentials,97.9,No,0,$35.12,,
S-18059,Northeast,Monthly Plus,97.7,False,No,808.23,,
S-13859,West,Monthly Plus,51.3,False,No,$501.75,,
S-16867,West,Monthly Plus,96.6,No,False,701.84,,
S-12521,South,Monthly Plus,84.8,Yes,0,$258.77,11.5,
S-11821,South,Quarterly Bundle,65.2,True,False,802.03,9.7,
S-16286,Northeast,Monthly Essentials,71.1,False,No,455.77,,
S-17873,Midwest,Monthly Plus,77.4,False,No,1426.06,,
S-13051,South,Monthly Essentials,86.9,True,No,967.06,3.0,
S-10820,Midwest,Monthly Essentials,40.9,1,No,USD 871.92,10.2,
S-15935,West,Monthly Plus,67.7,No,False,USD 1057.18,,
S-11822,Midwest,Monthly Essentials,62.8,True,False,354.72,9.2,
S-12864,South,Quarterly Bundle,86.0,1,False,412.01,8.1,
S-16405,Midwest,Quarterly Bundle,67.8,False,Yes,1229.34,,found alternative
S-10966,Midwest,Quarterly Bundle,41.7,True,True,2614.34,2.1,poor quality
S-15065,South,Monthly Plus,59.8,No,No,$64.21,,
S-15995,Northeast,Quarterly Bundle,66.8,False,False,319.66,,
S-17142,South,Monthly Essentials,92.0,False,No,$772.64,,
S-17254,Northeast,Monthly Plus,75.8,No,False,190.89,,
S-16455,Midwest,Monthly Plus,60.5,0,0,832.64,,
S-10074,South,Quarterly Bundle,35.4,1,False,2334.74,6.9,
S-17412,Midwest,Quarterly Bundle,98.9,False,1,"$1,005.95",,bad support experience
S-12608,West,Monthly Plus,82.9,True,False,USD 510.58,10.2,
S-13908,South,Monthly Plus,35.4,No,No,USD 357.05,,
S-14324,Midwest,Monthly Plus,36.4,False,No,USD 448.02,,
S-11875,South,Monthly Plus,74.3,1,Yes,$887.07,2.0,no longer needed
S-11875,South,Monthly Plus,74.3,1,Yes,$887.07,2.0,no longer needed
S-11623,West,Monthly Plus,69.4,True,No,USD 1150.13,8.4,
S-17766,West,Monthly Essentials,79.1,False,0,288.80,,
S-16573,Midwest,Quarterly Bundle,59.7,No,No,USD 813.83,,
S-17300,Northeast,Quarterly Bundle,82.9,False,False,USD 3253.03,,
S-15087,Northeast,Monthly Essentials,73.4,No,0,369.34,,
S-13298,Northeast,Monthly Plus,43.2,0,No,USD 1301.76,,
S-12766,Midwest,Monthly Plus,90.0,Yes,Yes,1310.17,10.2,moving/relocating
S-16439,West,Monthly Plus,62.1,No,No,USD 531.68,,
S-15041,West,Monthly Plus,60.3,False,0,$542.88,,
S-16614,South,Monthly Plus,72.7,No,No,285.27,,
S-15991,West,Monthly Plus,73.1,False,False,$215.30,,
S-17886,West,Monthly Essentials,96.0,No,0,898.76,,
S-18270,West,Monthly Essentials,82.7,False,False,122.77,,
S-13916,Midwest,Monthly Plus,40.4,False,No,397.60,,
S-12855,South,Quarterly Bundle,89.8,1,0,2351.45,5.7,
S-11497,South,Monthly Essentials,74.3,True,No,USD 656.83,13.7,
S-11779,Midwest,Monthly Essentials,72.6,True,True,$839.65,4.4,moving/relocating
S-16393,West,Monthly Plus,62.2,False,False,1127.71,,
S-14879,Northeast,Monthly Plus,40.7,No,0,1209.59,,
S-12804,Northeast,Monthly Plus,85.9,True,False,USD 59.15,2.3,
S-12918,Northeast,Monthly Essentials,94.6,Yes,Yes,386.73,10.0,no longer needed
S-16893,West,Quarterly Bundle,99.3,No,False,3417.95,,
S-14636,Northeast,Monthly Plus,48.9,0,False,$624.14,,
S-13189,South,Monthly Plus,95.9,Yes,Yes,277.88,10.5,found alternative
S-14672,Midwest,Monthly Essentials,47.0,False,False,70.55,,
S-14028,South,Quarterly Bundle,47.2,0,No,"$1,401.24",,
S-15262,Northeast,Quarterly Bundle,61.6,False,0,792.03,,
S-17838,Northeast,Monthly Essentials,96.4,0,0,402.50,,
S-17964,Northeast,Monthly Essentials,97.2,No,No,340.83,,
S-18052,Midwest,Monthly Plus,95.6,No,False,USD 224.20,,
S-13898,Northeast,Monthly Essentials,39.6,0,No,120.16,,
S-11715,Northeast,Monthly Plus,55.9,Yes,0,699.74,9.0,
S-12556,Northeast,Monthly Essentials,98.2,1,Yes,933.36,9.7,too expensive
S-14612,Midwest,Monthly Essentials,49.8,No,False,606.98,,
S-10855,South,Monthly Plus,54.2,Yes,Yes,505.89,6.9,paused indefinitely
S-14644,Midwest,Monthly Essentials,48.5,False,False,757.99,,
S-16572,West,Monthly Essentials,68.6,0,No,155.21,,
S-15584,West,Monthly Plus,55.5,No,False,USD 980.02,,
S-17858,Midwest,Monthly Essentials,95.7,False,False,319.35,,
S-12216,Midwest,Monthly Essentials,82.0,True,True,USD 37.22,5.5,
S-13930,Northeast,Monthly Plus,51.0,False,False,"$1,105.98",,
S-12350,South,Monthly Plus,86.5,Yes,0,$968.99,2.8,
S-18286,Midwest,Monthly Essentials,78.3,False,0,474.60,,
S-14374,South,Monthly Plus,54.8,False,Yes,1354.32,,bad support experience
S-13261,Midwest,Quarterly Bundle,43.5,No,No,USD 3626.53,,
S-16185,West,Monthly Essentials,72.9,No,False,235.35,,
S-17337,West,Monthly Essentials,99.6,No,0,$512.87,,
S-14993,West,Quarterly Bundle,74.0,No,No,1185.73,,
S-13333,Midwest,Quarterly Bundle,35.7,False,False,1636.04,,
S-15715,Northeast,Monthly Essentials,64.0,No,False,976.44,,
S-10944,Northeast,Monthly Plus,48.9,True,Yes,599.71,7.0,bad support experience
S-14242,South,Monthly Essentials,46.8,False,False,$328.82,,
S-16222,South,Monthly Plus,62.3,False,False,$709.02,,
S-10484,Northeast,Monthly Essentials,44.4,1,Yes,583.72,1.3,poor quality
S-12075,Midwest,Monthly Plus,56.2,1,Yes,$908.77,9.1,too expensive
S-10992,West,Monthly Essentials,45.5,True,Yes,USD 126.01,3.5,shipping issues
S-16234,Northeast,Quarterly Bundle,69.3,False,No,$632.75,,
S-17887,Midwest,Monthly Plus,82.6,No,0,"$1,319.92",,
S-16993,South,Quarterly Bundle,86.2,No,False,"$2,684.67",,
S-13691,Midwest,Monthly Essentials,39.2,No,0,336.45,,
S-16287,Northeast,Quarterly Bundle,55.6,0,No,USD 309.19,,
S-10967,Northeast,Monthly Plus,43.7,True,True,USD 110.38,8.8,bad support experience
S-16554,Midwest,Monthly Essentials,59.7,False,No,445.83,,
S-15338,Midwest,Monthly Essentials,63.4,No,False,$249.31,,
S-13939,South,Monthly Essentials,54.6,No,No,998.39,,
S-12145,West,Monthly Plus,65.3,Yes,Yes,USD 1018.19,1.4,bad support experience
S-15198,South,Quarterly Bundle,61.6,0,No,"$2,824.19",,
S-16487,Northeast,Quarterly Bundle,71.7,No,False,149.38,,
S-10837,Midwest,Monthly Plus,49.8,Yes,Yes,387.79,11.5,bad support experience
S-12999,South,Quarterly Bundle,79.7,Yes,False,1921.86,0.4,
S-17542,Midwest,Quarterly Bundle,92.3,False,False,1638.89,,
S-12961,Midwest,Monthly Essentials,82.8,Yes,No,254.97,11.6,
S-18194,Northeast,Quarterly Bundle,86.0,0,False,429.39,,
S-17650,West,Quarterly Bundle,99.4,False,False,2255.90,,
S-11264,Midwest,Quarterly Bundle,62.5,1,True,USD 424.79,5.7,shipping issues
S-17739,Northeast,Quarterly Bundle,83.3,0,0,"$1,170.97",,
S-18011,Northeast,Monthly Essentials,76.3,0,No,$125.81,,
S-14963,West,Quarterly Bundle,72.3,False,Yes,273.08,,too expensive
S-12683,South,Quarterly Bundle,96.6,1,True,"$2,162.50",10.1,poor quality
S-16618,South,Monthly Plus,56.7,No,Yes,"$1,098.84",,bad support experience
S-16359,South,Monthly Plus,61.7,False,No,700.00,,
S-17492,South,Monthly Essentials,85.2,False,0,$916.41,,
S-18118,South,Quarterly Bundle,90.4,0,0,$979.69,,
S-12480,West,Monthly Plus,93.5,True,False,774.95,8.0,
S-18346,South,Quarterly Bundle,98.8,0,No,1128.65,,
S-11738,West,Monthly Plus,58.0,True,0,USD 396.94,11.1,
S-16661,South,Monthly Plus,67.5,No,No,1245.04,,
S-13821,West,Quarterly Bundle,47.3,No,False,979.66,,
S-13344,South,Quarterly Bundle,48.7,False,True,2634.49,,found alternative
S-18212,West,Monthly Plus,87.1,No,0,1078.87,,
S-14559,South,Monthly Plus,38.5,0,No,USD 578.07,,
S-10650,Northeast,Monthly Plus,48.0,True,False,477.37,4.4,
S-12430,Midwest,Quarterly Bundle,99.7,Yes,False,USD 2348.45,13.1,
S-14530,Northeast,Monthly Essentials,43.7,No,No,$628.85,,
S-11201,Northeast,Quarterly Bundle,72.7,True,False,"$1,456.87",9.2,
S-16031,West,Monthly Plus,71.2,No,False,USD 193.06,,
S-18132,Midwest,Monthly Plus,75.1,No,False,USD 1147.43,,
S-12211,South,Quarterly Bundle,87.3,True,False,2874.73,11.5,
S-11333,South,Monthly Plus,69.7,Yes,No,$722.52,1.2,
S-16837,South,Monthly Essentials,83.6,No,No,571.81,,
S-16874,South,Quarterly Bundle,88.1,No,1,1057.63,,no longer needed
S-17938,Northeast,Monthly Essentials,91.2,False,False,USD 983.05,,
S-14493,Northeast,Monthly Essentials,41.6,No,0,634.32,,
S-17450,South,Monthly Essentials,93.8,No,False,$372.53,,
S-10794,Northeast,Monthly Plus,44.6,1,Yes,231.60,0.9,moving/relocating
S-13369,West,Quarterly Bundle,53.8,False,No,"$3,093.26",,
S-12836,West,Quarterly Bundle,89.7,Yes,True,"$3,531.77",0.1,moving/relocating
S-18019,South,Monthly Plus,92.7,No,No,USD 178.29,,
S-12290,Midwest,Monthly Essentials,96.8,True,No,$186.86,10.9,
S-12576,West,Quarterly Bundle,84.1,Yes,False,USD 315.21,2.4,
S-12044,South,Monthly Plus,69.4,True,True,172.48,10.0,
S-11323,South,Quarterly Bundle,67.0,True,True,320.53,10.1,found alternative
S-16783,South,Quarterly Bundle,87.8,No,False,USD 2547.59,,
S-10173,Midwest,Quarterly Bundle,54.2,1,True,"$2,363.35",3.3,shipping issues
S-14643,Northeast,Monthly Plus,51.8,No,No,USD 847.11,,
S-10021,West,Monthly Essentials,37.8,Yes,True,267.66,1.3,no longer needed
S-14747,Northeast,Monthly Plus,46.9,False,False,$787.70,,
S-17933,West,Monthly Essentials,95.1,No,No,593.76,,
S-11252,West,Monthly Plus,62.2,Yes,0,"$1,054.23",11.5,
S-12584,South,Quarterly Bundle,93.4,True,No,USD 426.77,10.3,
S-14768,Northeast,Quarterly Bundle,35.4,0,False,1211.56,,
S-12478,Midwest,Monthly Essentials,91.8,True,1,$920.17,12.0,bad support experience
S-11952,South,Quarterly Bundle,61.9,True,No,815.78,5.0,
S-14385,Midwest,Monthly Plus,37.7,No,False,234.21,,
S-14707,Northeast,Monthly Plus,45.3,False,Yes,246.35,,paused indefinitely
S-10811,West,Monthly Plus,53.2,Yes,1,1450.75,9.5,found alternative
S-16310,Northeast,Monthly Plus,66.7,No,0,$535.24,,
S-17430,Midwest,Monthly Plus,77.3,False,0,1256.22,,
S-16836,South,Quarterly Bundle,97.2,False,No,"$2,825.12",,
S-10028,West,Monthly Plus,40.9,True,True,1147.60,1.4,poor quality
S-14430,Midwest,Monthly Plus,40.1,No,No,903.47,,
S-15555,South,Quarterly Bundle,62.8,False,No,USD 1565.31,,
S-15000,West,Monthly Plus,59.2,0,No,USD 691.26,,
S-15915,Northeast,Monthly Essentials,74.0,No,No,80.64,,
S-16047,Midwest,Monthly Essentials,55.1,0,0,$749.29,,
S-14912,Northeast,Quarterly Bundle,43.4,0,No,"$3,047.92",,
S-14263,West,Quarterly Bundle,46.1,0,False,USD 2661.88,,
S-11680,West,Monthly Essentials,67.7,True,Yes,867.31,5.9,paused indefinitely
S-11454,Midwest,Monthly Plus,57.9,True,False,$387.96,12.6,
S-16383,Northeast,Monthly Essentials,61.4,False,False,USD 412.05,,
S-17538,West,Quarterly Bundle,92.5,0,False,3742.17,,
S-15295,South,Monthly Essentials,57.1,False,False,110.72,,
S-15295,South,Monthly Essentials,57.1,False,False,110.72,,
S-14461,Midwest,Monthly Plus,41.6,No,0,USD 1180.04,,
S-13989,Midwest,Monthly Plus,40.0,False,No,453.90,,
S-10399,Midwest,Monthly Essentials,49.4,Yes,True,$327.29,0.7,no longer needed
S-14961,Northeast,Monthly Essentials,58.2,0,False,422.98,,
S-17354,West,Monthly Plus,94.4,0,No,775.46,,
S-10683,Midwest,Monthly Essentials,44.1,True,False,$395.47,14.0,
S-17452,Midwest,Quarterly Bundle,82.8,False,False,USD 697.50,,
S-14089,Northeast,Quarterly Bundle,51.6,No,0,USD 1715.81,,
S-17961,Midwest,Monthly Plus,86.2,False,False,"$1,141.23",,
S-10250,West,Monthly Plus,40.7,True,0,376.79,3.9,
S-11178,Midwest,Quarterly Bundle,57.6,1,False,"$2,433.09",0.9,
S-14738,West,Monthly Plus,41.4,No,No,"$1,170.36",,
S-16130,South,Monthly Essentials,66.5,No,0,$472.22,,
S-16999,South,Quarterly Bundle,87.6,0,No,2745.66,,
S-15503,South,Quarterly Bundle,66.0,False,False,"$2,806.88",,
S-10632,Northeast,Quarterly Bundle,43.0,True,No,"$2,009.62",1.7,
S-12681,West,Monthly Plus,75.8,Yes,False,USD 62.52,13.8,
S-17392,West,Monthly Essentials,89.4,No,1,477.12,,poor quality
S-13900,West,Quarterly Bundle,48.0,0,No,"$1,719.64",,
S-17089,West,Monthly Essentials,89.4,No,False,593.78,,
S-14449,Midwest,Monthly Essentials,52.6,False,No,427.30,,
S-18050,Northeast,Quarterly Bundle,80.5,False,False,"$2,028.32",,
S-10505,South,Monthly Plus,41.8,True,True,USD 250.47,1.5,poor quality
S-11943,South,Quarterly Bundle,59.4,True,1,$323.59,9.8,too expensive
S-13368,South,Monthly Essentials,45.3,No,False,USD 333.04,,
S-12596,West,Monthly Plus,99.3,Yes,No,1175.00,2.1,
S-15639,South,Monthly Essentials,67.0,No,False,655.19,,
S-12763,West,Quarterly Bundle,80.7,1,Yes,"$3,244.74",8.0,
S-12229,Midwest,Monthly Plus,89.8,Yes,False,USD 474.95,12.7,
S-13669,Northeast,Quarterly Bundle,51.4,No,No,2455.08,,
S-10797,West,Monthly Plus,53.3,1,0,1206.93,7.6,
S-17599,West,Quarterly Bundle,85.2,False,False,$405.58,,
S-15373,Northeast,Monthly Plus,65.2,False,False,USD 269.53,,
S-15492,Midwest,Monthly Plus,67.1,False,False,889.59,,
S-15274,Northeast,Quarterly Bundle,60.5,No,0,3578.50,,
S-14542,Midwest,Monthly Plus,49.2,0,False,"$1,306.10",,
S-10779,Northeast,Monthly Essentials,40.1,Yes,Yes,$264.48,4.1,moving/relocating
S-12520,West,Monthly Essentials,82.6,True,False,USD 466.36,4.7,
S-10445,Northeast,Monthly Essentials,45.9,Yes,No,$236.43,13.3,
S-11670,South,Monthly Essentials,64.7,True,1,$688.01,0.5,poor quality
S-17376,Midwest,Quarterly Bundle,80.4,False,False,3904.18,,
S-15131,South,Monthly Essentials,57.5,No,False,$823.05,,
S-14962,Midwest,Monthly Plus,66.0,False,No,$792.75,,
S-10695,South,Quarterly Bundle,35.8,Yes,False,USD 889.27,8.6,
S-12544,West,Monthly Plus,94.3,True,False,553.41,3.8,
S-14788,South,Monthly Essentials,40.6,No,0,40.27,,
S-17140,West,Quarterly Bundle,77.6,No,No,"$1,794.99",,
S-11450,Northeast,Monthly Plus,64.3,Yes,False,USD 170.34,2.1,
S-14118,Midwest,Monthly Plus,36.8,No,False,1383.29,,
S-13866,Northeast,Monthly Plus,41.7,0,0,$120.10,,
S-10380,South,Quarterly Bundle,50.0,True,Yes,2731.29,6.3,shipping issues
S-15738,Northeast,Monthly Essentials,69.6,0,0,$862.05,,
S-13544,South,Quarterly Bundle,41.3,0,No,1993.40,,
S-13242,West,Quarterly Bundle,38.1,No,No,1235.29,,
S-10473,South,Monthly Essentials,42.6,Yes,No,$942.93,2.2,
S-15910,South,Monthly Essentials,64.1,False,False,641.65,,
S-12932,West,Monthly Essentials,76.5,Yes,No,195.95,11.9,
S-16939,Midwest,Monthly Plus,93.7,No,No,1340.07,,
S-17704,Midwest,Quarterly Bundle,77.1,False,No,2183.80,,
S-17422,West,Monthly Plus,89.4,No,False,1327.09,,
S-18254,South,Monthly Plus,76.1,False,No,889.11,,
S-12204,South,Quarterly Bundle,87.7,1,No,"$1,590.35",11.9,
S-17233,West,Monthly Plus,75.4,No,False,$639.19,,
S-17119,Midwest,Monthly Essentials,82.0,False,0,USD 365.42,,
S-17706,South,Quarterly Bundle,95.1,No,False,1710.21,,
S-12153,West,Monthly Essentials,74.4,True,1,297.05,13.0,no longer needed
S-17277,West,Monthly Essentials,78.9,False,0,$450.88,,
S-13225,Midwest,Quarterly Bundle,98.4,Yes,1,"$1,738.92",2.3,too expensive
S-18155,West,Monthly Plus,79.6,No,False,218.34,,
S-12231,Northeast,Monthly Plus,77.1,1,False,"$1,079.56",12.1,
S-14927,Northeast,Monthly Essentials,41.7,No,False,935.30,,
S-13713,Northeast,Quarterly Bundle,49.3,No,Yes,2231.59,,paused indefinitely
S-16527,Northeast,Quarterly Bundle,64.5,False,False,2052.63,,
S-14939,South,Monthly Plus,36.2,No,False,USD 324.85,,
S-16703,Northeast,Quarterly Bundle,78.6,False,1,3209.60,,moving/relocating
S-17144,Midwest,Quarterly Bundle,98.4,No,False,USD 2908.45,,
S-10349,South,Quarterly Bundle,54.1,Yes,True,2283.46,4.6,too expensive
S-16695,West,Monthly Essentials,86.2,No,No,699.67,,
S-10088,Midwest,Monthly Essentials,39.3,True,False,529.34,5.3,
S-10340,South,Quarterly Bundle,45.1,True,True,USD 468.54,11.2,
S-17634,West,Monthly Plus,90.9,0,0,705.00,,
S-12785,Midwest,Monthly Plus,90.1,True,No,USD 1288.64,7.4,
S-13175,Midwest,Quarterly Bundle,76.2,Yes,0,USD 2559.56,9.8,
S-10423,Midwest,Monthly Plus,48.5,Yes,0,256.45,5.0,
S-10423,Midwest,Monthly Plus,48.5,Yes,0,256.45,5.0,
S-16928,South,Monthly Plus,82.3,False,No,62.49,,
S-15950,Midwest,Monthly Essentials,61.0,0,No,264.45,,
S-11131,West,Quarterly Bundle,57.1,1,No,USD 162.91,0.8,
S-16434,South,Monthly Essentials,71.6,No,False,$202.80,,
S-17301,South,Monthly Essentials,82.5,0,False,180.36,,
S-16349,South,Quarterly Bundle,73.2,No,False,$318.05,,
S-13363,Northeast,Monthly Plus,43.9,No,No,1478.20,,
S-15873,Northeast,Quarterly Bundle,60.7,0,No,USD 1550.10,,
S-10864,Northeast,Quarterly Bundle,50.0,True,0,1154.64,7.8,
S-14850,West,Quarterly Bundle,49.6,False,False,"$3,505.60",,
S-14750,Midwest,Monthly Essentials,54.4,False,False,USD 113.17,,
S-17515,Midwest,Monthly Plus,84.1,False,No,387.03,,
S-15292,South,Quarterly Bundle,62.8,0,No,712.61,,
S-16256,West,Monthly Plus,57.8,False,False,$251.50,,
S-15269,South,Monthly Plus,71.6,0,No,USD 363.94,,
S-15099,South,Quarterly Bundle,67.7,No,No,1719.35,,
S-11931,Northeast,Quarterly Bundle,64.0,Yes,False,2196.02,13.3,
S-12476,West,Monthly Essentials,80.4,True,No,$477.78,6.3,
S-14539,South,Quarterly Bundle,35.0,No,False,$137.31,,
S-14006,Northeast,Monthly Plus,48.1,No,0,642.94,,
S-13803,West,Monthly Plus,36.5,False,False,318.19,,
S-10502,South,Monthly Essentials,47.7,Yes,True,405.37,11.5,no longer needed
S-12594,South,Quarterly Bundle,86.0,1,Yes,USD 491.60,11.5,
S-12975,South,Monthly Plus,80.8,Yes,Yes,359.71,2.3,too expensive
S-10808,South,Monthly Essentials,36.6,Yes,0,$629.49,4.7,
S-13553,Northeast,Quarterly Bundle,41.5,No,No,1371.70,,
S-15340,Northeast,Quarterly Bundle,70.6,False,No,3213.25,,
S-17224,South,Monthly Plus,91.3,No,Yes,"$1,049.98",,poor quality
S-14567,Midwest,Monthly Plus,54.8,No,No,257.78,,
S-11693,West,Quarterly Bundle,71.0,True,False,"$2,297.59",6.2,
S-11781,Midwest,Quarterly Bundle,68.6,Yes,False,"$2,750.86",2.4,
S-13198,Northeast,Monthly Plus,85.1,True,No,1543.65,2.0,
S-11303,Midwest,Monthly Plus,58.6,True,Yes,643.14,1.0,
S-10672,South,Monthly Essentials,43.3,Yes,No,$352.95,13.4,
S-17157,South,Monthly Essentials,85.5,False,No,$615.50,,
S-17758,South,Monthly Essentials,82.7,No,No,USD 255.47,,
S-10658,Northeast,Quarterly Bundle,36.3,Yes,Yes,2167.79,12.1,paused indefinitely
S-11368,South,Monthly Plus,55.7,1,1,$56.46,1.0,bad support experience
S-16351,Midwest,Monthly Plus,58.0,No,False,USD 1040.74,,
S-11063,Midwest,Monthly Essentials,45.0,Yes,No,964.97,8.9,
S-12731,Northeast,Monthly Plus,88.5,1,Yes,USD 717.77,4.4,paused indefinitely
S-14849,Northeast,Quarterly Bundle,48.2,False,False,USD 1767.72,,
S-18005,South,Monthly Essentials,93.5,False,No,$36.21,,
S-13237,Northeast,Monthly Plus,38.6,0,False,"$1,088.11",,
S-11810,Northeast,Monthly Essentials,59.6,1,False,USD 537.43,12.4,
S-16007,Northeast,Quarterly Bundle,72.1,False,No,2788.99,,
S-13359,South,Quarterly Bundle,39.6,No,No,1799.62,,
S-15744,Midwest,Quarterly Bundle,71.8,No,False,3211.76,,
S-12159,West,Monthly Plus,93.5,True,0,1097.30,5.4,
S-12546,West,Monthly Essentials,79.3,1,0,USD 787.94,6.2,
S-13256,West,Monthly Essentials,53.3,No,No,$779.18,,
S-16622,Midwest,Monthly Essentials,60.4,False,0,153.43,,
S-13569,South,Monthly Essentials,52.6,False,No,USD 263.90,,
S-10391,South,Monthly Plus,40.0,1,0,USD 1350.05,9.7,
S-11845,Midwest,Monthly Essentials,71.6,True,False,USD 545.49,11.8,
S-10656,South,Monthly Plus,44.0,1,Yes,USD 801.13,10.7,shipping issues
S-12421,South,Monthly Plus,81.4,Yes,True,169.80,12.8,too expensive
S-15644,Midwest,Monthly Essentials,69.4,No,No,741.63,,
S-17050,South,Monthly Essentials,94.8,False,No,815.68,,
S-10539,West,Quarterly Bundle,41.4,True,No,"$3,257.82",9.3,
S-17959,South,Monthly Essentials,87.3,False,No,586.19,,
S-15109,South,Quarterly Bundle,73.4,False,No,USD 488.85,,
S-10977,West,Monthly Essentials,54.5,Yes,1,$219.85,13.5,shipping issues
S-10903,West,Monthly Plus,48.1,True,Yes,1071.66,6.9,moving/relocating
S-16106,South,Monthly Plus,65.7,False,1,USD 751.15,,bad support experience
S-10877,South,Monthly Plus,49.4,1,Yes,USD 1182.50,9.9,paused indefinitely
S-16748,Midwest,Monthly Plus,95.3,No,Yes,"$1,032.99",,no longer needed
S-13554,Midwest,Monthly Essentials,37.8,0,No,286.50,,
S-15197,Northeast,Quarterly Bundle,69.1,False,No,1271.12,,
S-12643,West,Quarterly Bundle,85.6,True,False,USD 1212.59,5.0,
S-16819,Midwest,Monthly Plus,80.8,No,No,620.87,,
S-16857,West,Monthly Plus,80.3,False,No,USD 1341.98,,
S-13080,South,Monthly Plus,95.6,Yes,0,385.04,10.2,
S-15124,South,Quarterly Bundle,57.7,0,0,293.20,,
S-11923,West,Monthly Essentials,59.1,1,Yes,689.10,2.6,paused indefinitely
S-17748,Northeast,Monthly Plus,88.5,False,No,$159.82,,
S-13007,South,Quarterly Bundle,93.1,Yes,False,1407.73,12.8,
S-18199,Northeast,Monthly Essentials,87.8,0,No,USD 656.22,,
S-16188,South,Monthly Essentials,57.8,No,No,661.33,,
S-14522,Northeast,Monthly Essentials,50.7,No,0,USD 770.34,,
S-10716,Northeast,Monthly Essentials,44.6,1,Yes,USD 769.82,13.9,bad support experience
S-14192,Midwest,Monthly Essentials,41.9,False,0,382.86,,
S-16087,West,Quarterly Bundle,70.3,False,False,USD 2839.31,,
S-13983,Midwest,Quarterly Bundle,51.0,False,0,"$3,401.37",,
S-17135,South,Monthly Essentials,86.5,False,False,$807.94,,
S-16075,Midwest,Quarterly Bundle,56.5,0,False,"$3,427.61",,
S-11455,Northeast,Quarterly Bundle,56.4,True,True,"$2,416.67",10.9,poor quality
S-14997,West,Monthly Plus,71.8,False,False,1043.65,,
S-16674,South,Monthly Essentials,74.5,0,0,USD 790.39,,
S-15361,West,Monthly Plus,55.8,False,False,629.52,,
S-10954,Midwest,Quarterly Bundle,49.8,True,True,2975.60,5.0,
S-13986,South,Quarterly Bundle,49.9,0,False,USD 142.05,,
S-16595,South,Monthly Plus,70.3,No,0,USD 464.26,,
S-15328,West,Quarterly Bundle,58.6,False,False,USD 2573.24,,
S-10659,West,Quarterly Bundle,53.9,Yes,Yes,"$2,900.77",6.5,
S-10410,Northeast,Quarterly Bundle,37.4,Yes,False,3085.30,5.8,
S-17046,West,Monthly Essentials,90.6,0,No,USD 475.14,,
S-15357,West,Quarterly Bundle,58.5,0,0,3441.32,,
S-12812,West,Monthly Plus,97.6,Yes,False,USD 869.49,5.5,
S-16447,Midwest,Monthly Plus,70.9,0,1,712.27,,
S-13219,South,Quarterly Bundle,83.1,1,No,582.77,13.1,
S-14837,Midwest,Monthly Essentials,43.6,0,No,430.41,,
S-14938,Northeast,Quarterly Bundle,36.4,False,False,542.69,,
S-17797,Midwest,Quarterly Bundle,88.3,No,False,"$2,082.63",,
S-17158,South,Monthly Plus,88.3,False,No,$318.36,,
S-14348,Midwest,Monthly Essentials,38.0,No,No,$637.97,,
S-14383,West,Quarterly Bundle,47.1,0,False,294.24,,
S-16299,West,Quarterly Bundle,72.8,False,False,146.11,,
S-17126,South,Monthly Essentials,99.9,No,False,$453.74,,
S-13573,Northeast,Monthly Essentials,43.6,False,No,$178.65,,
S-16797,Midwest,Monthly Plus,83.2,0,0,USD 424.98,,
S-17078,Midwest,Quarterly Bundle,92.4,0,No,2882.89,,
S-12945,Northeast,Quarterly Bundle,78.4,True,No,"$2,166.21",0.4,
S-16984,Northeast,Quarterly Bundle,92.2,No,No,1110.44,,
S-11879,Northeast,Monthly Plus,66.3,Yes,No,544.66,1.9,
S-13755,Midwest,Quarterly Bundle,43.2,No,False,139.69,,
S-15430,South,Monthly Plus,71.6,No,No,USD 1193.70,,
S-17314,West,Monthly Essentials,82.3,No,No,481.12,,
S-17499,Northeast,Monthly Essentials,79.7,0,0,506.35,,
S-14484,Northeast,Quarterly Bundle,42.7,No,False,"$3,341.72",,
S-10297,Northeast,Monthly Essentials,53.4,True,0,713.74,10.7,
S-14001,South,Monthly Plus,38.9,No,False,1471.35,,
S-18187,West,Quarterly Bundle,76.8,No,No,2049.16,,
S-17839,South,Quarterly Bundle,88.6,No,No,3137.20,,
S-13315,South,Monthly Essentials,35.6,No,False,413.94,,
S-16537,West,Monthly Plus,67.2,0,False,USD 740.39,,
S-14576,South,Monthly Essentials,52.5,0,0,USD 421.47,,
S-16711,Midwest,Monthly Essentials,92.4,False,No,$524.94,,
S-10859,West,Monthly Plus,40.0,Yes,True,USD 1008.92,0.0,bad support experience
S-17080,Northeast,Monthly Essentials,97.5,False,No,USD 476.00,,
S-15314,South,Quarterly Bundle,70.2,No,False,1088.46,,
S-11378,West,Quarterly Bundle,67.5,Yes,No,"$1,181.59",13.8,
S-13781,South,Monthly Essentials,52.5,No,False,$537.91,,
S-10050,South,Quarterly Bundle,38.3,Yes,False,644.09,9.1,
S-11258,West,Quarterly Bundle,56.6,True,No,"$2,570.44",13.0,
S-11518,Midwest,Monthly Essentials,66.8,Yes,1,USD 106.89,12.4,bad support experience
S-15505,West,Monthly Essentials,62.3,No,False,$952.26,,
S-17682,West,Quarterly Bundle,82.4,0,No,$159.02,,
S-10360,Northeast,Monthly Essentials,39.5,True,No,$895.04,3.1,
S-15442,Northeast,Quarterly Bundle,60.4,False,False,3408.41,,
S-14946,West,Quarterly Bundle,43.2,False,1,USD 147.03,,poor quality
S-10590,Midwest,Monthly Plus,48.3,1,Yes,315.44,3.4,
S-14759,Midwest,Quarterly Bundle,53.4,False,False,"$1,171.28",,
S-11272,Northeast,Quarterly Bundle,62.2,Yes,False,$271.46,11.3,
S-12405,Midwest,Quarterly Bundle,89.0,True,False,"$1,813.23",10.8,
S-16944,Midwest,Monthly Plus,79.6,No,0,124.79,,
S-15235,South,Monthly Essentials,58.1,No,No,USD 201.52,,
S-16539,South,Quarterly Bundle,72.4,False,0,1966.29,,
S-13233,South,Quarterly Bundle,77.3,True,No,$476.24,10.0,
S-12897,Northeast,Monthly Plus,80.4,True,False,968.60,1.6,
S-16970,Northeast,Monthly Plus,79.6,No,No,USD 1242.71,,
S-11916,Northeast,Quarterly Bundle,66.6,Yes,False,$560.68,8.1,
S-10917,Northeast,Quarterly Bundle,48.0,True,No,"$2,596.27",11.8,
S-10746,South,Monthly Essentials,51.1,True,True,$407.01,11.4,no longer needed
S-10599,West,Monthly Plus,42.5,True,No,323.44,6.1,
S-15115,Northeast,Quarterly Bundle,68.5,False,False,"$3,533.16",,
S-13732,West,Monthly Essentials,54.5,False,No,$112.62,,
S-11114,West,Monthly Essentials,70.1,1,False,$846.52,7.0,
S-16847,West,Quarterly Bundle,75.4,0,No,1837.36,,
S-16631,West,Monthly Plus,65.6,No,No,$686.84,,
S-17322,West,Monthly Plus,78.1,No,No,241.03,,
S-17207,Northeast,Quarterly Bundle,76.2,False,False,"$1,333.61",,
S-11371,South,Monthly Plus,69.0,Yes,Yes,1311.00,5.3,bad support experience
S-13589,South,Monthly Plus,46.7,False,False,$174.04,,
S-16560,South,Quarterly Bundle,68.6,0,No,"$1,384.20",,
S-12800,South,Monthly Essentials,83.6,True,True,576.66,8.5,no longer needed
S-15300,West,Quarterly Bundle,62.9,No,False,$577.81,,
S-17885,Midwest,Quarterly Bundle,80.6,No,False,"$1,927.84",,
S-11536,West,Monthly Plus,55.0,1,Yes,754.68,0.1,poor quality
S-12914,Midwest,Quarterly Bundle,78.5,1,False,594.16,13.9,
S-14574,Northeast,Monthly Plus,42.3,False,No,"$1,163.75",,
S-16122,Northeast,Monthly Plus,68.4,No,No,"$1,194.40",,
S-13467,South,Monthly Plus,42.9,No,False,1469.45,,
S-15032,Northeast,Monthly Essentials,70.0,False,False,USD 799.20,,
S-15748,South,Quarterly Bundle,61.2,0,Yes,USD 2445.66,,
S-12780,West,Monthly Essentials,97.5,Yes,True,$217.84,1.3,poor quality
S-11897,West,Monthly Essentials,68.1,1,False,USD 571.13,3.1,
S-14132,Northeast,Monthly Essentials,52.0,False,No,USD 660.49,,
S-17072,Northeast,Quarterly Bundle,88.5,False,False,1627.21,,
S-12100,Midwest,Monthly Plus,66.8,True,No,1233.82,13.3,
S-16656,Midwest,Monthly Plus,63.8,0,No,973.53,,
S-17356,Northeast,Monthly Essentials,87.3,No,False,USD 531.53,,
S-12730,Northeast,Monthly Plus,87.2,1,Yes,547.80,3.4,bad support experience
S-12378,Northeast,Monthly Plus,82.6,Yes,False,USD 180.80,11.6,
S-10006,South,Quarterly Bundle,44.0,Yes,No,878.94,3.5,
S-12649,West,Quarterly Bundle,96.7,True,No,598.66,9.3,
S-13932,Northeast,Monthly Essentials,48.5,0,No,$158.86,,
S-16482,West,Quarterly Bundle,73.8,No,0,"$2,877.97",,
S-13500,Midwest,Quarterly Bundle,54.8,No,No,1840.45,,
S-12162,West,Monthly Plus,84.7,Yes,Yes,518.58,13.1,found alternative
S-15869,South,Monthly Essentials,69.7,No,False,653.02,,
S-15889,South,Monthly Essentials,58.8,0,1,407.69,,no longer needed
S-15392,Midwest,Quarterly Bundle,56.0,False,No,1299.74,,
S-15369,Midwest,Monthly Plus,57.6,False,0,"$1,037.36",,
S-14053,Midwest,Monthly Essentials,45.5,No,False,$547.14,,
S-18113,West,Quarterly Bundle,95.4,0,No,$291.80,,
S-18207,Northeast,Monthly Essentials,94.4,0,False,458.44,,
S-17309,West,Quarterly Bundle,84.4,False,No,USD 2974.73,,
S-16845,Midwest,Monthly Essentials,94.8,No,No,110.95,,
S-10305,South,Monthly Essentials,53.9,Yes,True,375.65,6.9,found alternative
S-10522,Northeast,Quarterly Bundle,49.1,True,Yes,867.94,2.4,moving/relocating
S-17005,Northeast,Monthly Essentials,82.0,No,No,$728.11,,
S-10821,Northeast,Quarterly Bundle,54.7,Yes,Yes,3488.61,5.3,found alternative
S-15043,Midwest,Monthly Essentials,59.7,No,False,596.64,,
S-17473,West,Monthly Essentials,82.6,0,False,USD 267.58,,
S-15605,South,Monthly Plus,62.2,No,0,USD 1080.69,,
S-10273,Northeast,Quarterly Bundle,39.6,1,True,3364.57,4.2,found alternative
S-16354,West,Quarterly Bundle,71.7,No,False,USD 965.71,,
S-17943,South,Monthly Plus,82.3,0,0,346.56,,
S-15320,West,Quarterly Bundle,63.1,No,No,958.69,,
S-13843,West,Monthly Essentials,39.7,False,No,USD 865.42,,
S-13843,West,Monthly Essentials,39.7,False,No,USD 865.42,,
S-16408,South,Quarterly Bundle,63.1,False,False,2850.99,,
S-12591,South,Monthly Plus,76.2,Yes,False,253.56,9.2,
S-10187,West,Monthly Plus,36.6,True,False,720.78,9.1,
S-15716,Northeast,Monthly Essentials,63.3,False,No,515.22,,
S-15428,Midwest,Quarterly Bundle,74.2,No,False,2548.62,,
S-15297,West,Monthly Essentials,56.6,No,False,763.06,,
S-10334,South,Quarterly Bundle,39.2,Yes,1,"$1,778.68",3.4,poor quality
S-16081,Northeast,Monthly Essentials,56.7,No,0,456.16,,
S-10655,Northeast,Quarterly Bundle,39.5,Yes,No,"$3,560.23",4.7,
S-16709,Midwest,Monthly Essentials,93.5,0,No,$423.24,,
S-16959,West,Monthly Plus,86.6,False,No,635.92,,
S-14856,Northeast,Monthly Essentials,48.8,No,True,USD 662.93,,paused indefinitely
S-12222,West,Monthly Plus,89.6,True,Yes,254.61,5.2,paused indefinitely
S-16402,West,Monthly Essentials,64.9,0,False,287.55,,
S-11157,Midwest,Quarterly Bundle,62.0,Yes,No,2058.31,8.6,
S-13723,Midwest,Quarterly Bundle,44.0,No,False,1902.78,,
S-16017,West,Monthly Plus,61.5,No,False,USD 941.76,,
S-10207,Midwest,Monthly Plus,43.1,Yes,True,55.80,8.6,too expensive
S-12093,Northeast,Monthly Essentials,55.2,Yes,0,609.06,0.6,
S-17426,South,Monthly Essentials,99.9,False,False,$429.35,,
S-15563,West,Quarterly Bundle,74.0,False,No,3245.44,,
S-15014,South,Monthly Plus,59.2,No,No,602.73,,
S-14862,West,Monthly Essentials,50.7,False,False,USD 799.87,,
S-16764,West,Quarterly Bundle,96.2,0,False,$773.74,,
S-11268,Northeast,Monthly Essentials,61.0,Yes,Yes,428.44,7.0,paused indefinitely
S-12745,West,Monthly Essentials,88.5,Yes,False,USD 385.92,9.1,
S-16499,South,Monthly Essentials,73.5,No,No,767.79,,
S-10636,Northeast,Quarterly Bundle,48.7,True,True,3156.27,6.0,too expensive
S-15016,West,Quarterly Bundle,68.3,No,No,"$2,272.28",,
S-16335,Midwest,Monthly Essentials,64.5,0,False,$36.85,,
S-18133,South,Monthly Essentials,88.7,0,No,274.48,,
S-17811,Midwest,Monthly Essentials,82.1,False,0,$39.49,,
S-18151,Midwest,Monthly Essentials,85.8,No,False,564.27,,
S-17235,South,Monthly Essentials,77.5,False,False,638.66,,
S-10798,Northeast,Monthly Plus,37.6,Yes,1,923.99,12.4,no longer needed
S-17315,Midwest,Monthly Essentials,83.1,False,No,$827.94,,
S-17150,Midwest,Quarterly Bundle,88.0,No,0,"$3,189.31",,
S-14611,Northeast,Quarterly Bundle,40.7,No,False,"$2,491.78",,
S-13125,Northeast,Quarterly Bundle,90.0,True,Yes,1802.36,10.2,found alternative
S-11106,West,Quarterly Bundle,66.0,1,No,2402.10,1.9,
S-10960,Northeast,Quarterly Bundle,47.8,1,True,3435.65,4.0,paused indefinitely
S-12552,South,Quarterly Bundle,76.1,True,0,"$1,810.27",5.7,
S-11460,Northeast,Monthly Plus,70.0,Yes,No,$904.37,4.7,
S-12972,Northeast,Monthly Plus,83.1,True,0,$885.50,4.2,
S-14058,West,Monthly Essentials,42.0,No,No,859.87,,
S-10816,Northeast,Quarterly Bundle,42.8,True,0,"$1,766.54",8.3,
S-10089,West,Monthly Plus,38.7,True,False,404.76,7.7,
S-10236,South,Monthly Plus,38.3,1,No,1140.91,4.9,
S-15211,West,Monthly Essentials,67.6,False,No,801.73,,
S-18026,Northeast,Monthly Plus,94.6,No,0,$835.69,,
S-12306,Northeast,Monthly Plus,93.0,Yes,False,$832.28,9.3,
S-10084,Northeast,Monthly Essentials,49.7,True,True,751.89,3.2,poor quality
S-14863,Midwest,Monthly Plus,42.2,No,False,"$1,495.85",,
S-14441,South,Monthly Plus,39.6,No,0,$781.25,,
S-16411,West,Quarterly Bundle,57.4,0,0,290.29,,
S-14657,Midwest,Monthly Plus,35.9,False,0,726.80,,
S-17287,West,Monthly Plus,77.5,No,False,USD 532.12,,
S-13448,South,Monthly Essentials,38.2,0,False,692.30,,
S-11901,Midwest,Quarterly Bundle,65.7,Yes,False,2513.20,9.4,
S-14868,Midwest,Quarterly Bundle,47.8,0,False,978.91,,
S-14868,Midwest,Quarterly Bundle,47.8,0,False,978.91,,
S-18211,West,Monthly Essentials,79.3,No,False,$749.17,,
S-11970,West,Monthly Essentials,67.6,True,No,418.10,8.2,
S-14930,Northeast,Monthly Essentials,40.2,No,False,$556.42,,
S-11800,Northeast,Monthly Plus,74.7,True,0,567.32,1.4,
S-10054,South,Monthly Plus,39.6,1,True,569.27,4.3,found alternative
S-17319,South,Monthly Essentials,82.4,False,0,USD 266.14,,
S-12727,South,Monthly Plus,96.3,Yes,No,817.35,3.7,
S-16193,Northeast,Quarterly Bundle,60.9,No,False,USD 1574.48,,
S-15118,South,Quarterly Bundle,66.5,0,0,814.10,,
S-15107,West,Monthly Essentials,71.1,0,False,$35.96,,
S-17428,Northeast,Quarterly Bundle,83.2,False,No,USD 566.87,,
S-10178,Northeast,Quarterly Bundle,48.0,Yes,No,1055.51,7.5,
S-17421,Midwest,Monthly Plus,83.3,0,False,$279.27,,
S-16825,West,Quarterly Bundle,91.7,No,False,1553.10,,
S-13886,Midwest,Quarterly Bundle,52.7,False,False,"$2,788.23",,
S-12768,Northeast,Monthly Plus,92.0,Yes,False,$311.88,8.4,
S-10866,West,Monthly Essentials,45.2,True,Yes,USD 564.89,4.1,too expensive
S-13806,Northeast,Quarterly Bundle,36.6,No,Yes,2236.10,,moving/relocating
S-18393,West,Monthly Plus,92.3,No,No,"$1,454.51",,
S-14937,Midwest,Monthly Plus,51.6,No,0,765.25,,
S-10550,Northeast,Monthly Plus,43.3,True,True,$415.68,7.7,
S-12796,West,Monthly Plus,80.4,True,No,1163.91,13.1,
S-16634,West,Monthly Essentials,58.2,False,No,$713.08,,
S-15792,South,Monthly Plus,73.1,False,No,$884.72,,
S-11724,South,Monthly Plus,59.6,True,No,$824.06,13.7,
S-17848,South,Monthly Plus,81.8,False,0,$187.46,,
S-13850,Northeast,Monthly Plus,35.2,No,False,$114.89,,
S-13970,South,Monthly Essentials,40.7,No,0,$123.70,,
S-13818,Northeast,Monthly Plus,52.4,No,False,$374.16,,
S-17166,West,Monthly Essentials,78.0,No,False,USD 110.04,,
S-14999,Midwest,Quarterly Bundle,59.5,0,False,USD 1016.41,,
S-17853,South,Monthly Plus,90.8,0,No,1279.37,,
S-12341,Midwest,Monthly Essentials,88.8,Yes,No,605.37,1.5,
S-10491,Northeast,Quarterly Bundle,50.5,1,No,"$1,460.17",4.3,
S-17512,West,Quarterly Bundle,84.4,0,No,"$1,618.19",,
S-18141,Northeast,Monthly Essentials,95.0,False,No,$803.48,,
S-11679,West,Monthly Plus,64.9,True,No,$635.10,9.2,
S-13928,South,Monthly Plus,37.0,No,False,992.83,,
S-11755,Northeast,Monthly Essentials,59.5,True,No,315.54,2.8,
S-17001,West,Quarterly Bundle,86.6,No,0,USD 1772.27,,
S-11385,Midwest,Quarterly Bundle,69.3,True,1,582.67,4.5,bad support experience
S-12729,Midwest,Monthly Plus,90.7,Yes,No,USD 769.41,9.9,
S-12620,Northeast,Monthly Essentials,91.6,True,No,277.97,7.8,
S-14227,South,Monthly Essentials,45.8,No,No,$540.37,,
S-13825,South,Quarterly Bundle,38.0,False,0,2763.21,,
S-12697,Northeast,Quarterly Bundle,96.3,True,0,"$3,102.90",1.5,
S-13055,South,Monthly Plus,78.2,True,0,USD 891.71,10.0,
S-11598,Northeast,Quarterly Bundle,65.0,True,False,273.71,10.1,
S-17818,South,Monthly Essentials,88.6,0,No,531.59,,
S-17664,South,Quarterly Bundle,91.7,False,No,"$1,240.49",,
S-12227,Midwest,Monthly Essentials,76.3,Yes,No,892.94,6.5,
S-10437,Midwest,Monthly Essentials,42.7,Yes,True,233.20,12.8,moving/relocating
S-17787,West,Monthly Plus,93.5,0,No,$238.33,,
S-14160,Northeast,Quarterly Bundle,38.7,No,True,"$3,034.96",,paused indefinitely
S-15568,Midwest,Monthly Essentials,70.6,False,False,$73.96,,
S-17265,Midwest,Quarterly Bundle,88.6,False,0,1463.54,,
S-14090,Midwest,Monthly Essentials,54.1,False,Yes,415.27,,found alternative
S-15854,South,Quarterly Bundle,60.4,False,False,"$2,209.73",,
S-14873,South,Quarterly Bundle,38.4,No,True,2825.44,,found alternative
S-13685,South,Monthly Plus,41.0,No,No,248.70,,
S-14852,Midwest,Monthly Plus,54.0,No,No,163.31,,
S-13729,South,Monthly Plus,40.9,False,0,168.81,,
S-12325,Northeast,Monthly Essentials,78.6,1,No,USD 495.11,10.0,
S-17759,South,Monthly Plus,89.8,No,False,872.26,,
S-15018,Northeast,Monthly Plus,64.8,0,No,1145.84,,
S-11834,South,Monthly Essentials,64.6,Yes,Yes,716.17,10.8,poor quality
S-15900,West,Quarterly Bundle,61.5,No,False,USD 3465.65,,
S-17571,Northeast,Monthly Plus,97.6,No,False,1250.34,,
S-12632,South,Quarterly Bundle,81.4,True,False,1833.73,5.2,
S-12632,South,Quarterly Bundle,81.4,True,False,1833.73,5.2,
S-12816,Northeast,Monthly Plus,87.2,True,False,220.67,0.9,
S-15101,South,Quarterly Bundle,65.2,False,False,1253.25,,
S-12848,West,Quarterly Bundle,84.7,True,No,1396.44,1.9,
S-17755,Northeast,Monthly Essentials,84.3,No,No,$923.18,,
S-13418,South,Monthly Plus,42.4,False,No,1098.72,,
S-16068,South,Quarterly Bundle,70.0,False,No,USD 2425.82,,
S-14973,South,Monthly Plus,68.0,No,1,USD 382.85,,bad support experience
S-12013,West,Quarterly Bundle,56.4,1,False,USD 819.42,11.0,
S-12985,West,Monthly Plus,92.3,Yes,No,"$1,041.59",2.9,
S-17399,West,Monthly Essentials,83.1,No,No,$842.84,,
S-16501,Northeast,Quarterly Bundle,61.7,False,0,2421.16,,
S-15575,Northeast,Quarterly Bundle,62.8,False,False,"$1,844.34",,
S-16666,West,Monthly Plus,60.1,No,No,234.15,,
S-18087,Midwest,Monthly Essentials,90.1,No,False,783.38,,
S-18087,Midwest,Monthly Essentials,90.1,No,False,783.38,,
S-12239,South,Monthly Essentials,89.8,True,False,$282.59,12.9,
S-14489,Midwest,Monthly Plus,45.2,False,0,1218.59,,
S-15842,South,Monthly Plus,60.6,0,False,1221.08,,
S-17924,Northeast,Monthly Essentials,85.6,False,0,426.53,,
S-16105,South,Monthly Plus,60.4,0,Yes,792.27,,bad support experience
S-17238,Midwest,Quarterly Bundle,95.3,No,No,$651.41,,
S-14042,Midwest,Quarterly Bundle,46.9,False,No,2221.96,,
S-14183,Northeast,Monthly Plus,42.3,No,False,$316.69,,
S-17278,Midwest,Monthly Essentials,90.8,0,False,$685.67,,
S-17284,South,Monthly Plus,81.8,False,False,$385.68,,
S-15034,Midwest,Monthly Essentials,56.0,False,No,236.49,,
S-16473,Northeast,Monthly Plus,63.3,0,No,$785.90,,
S-10424,Northeast,Quarterly Bundle,37.8,1,Yes,USD 1353.82,9.5,no longer needed
S-15549,West,Monthly Essentials,58.6,No,False,865.97,,
S-10834,Northeast,Monthly Essentials,35.2,Yes,No,280.05,4.5,
S-17972,Midwest,Quarterly Bundle,91.5,False,No,"$2,597.38",,
S-16574,South,Quarterly Bundle,63.8,False,True,"$1,419.07",,poor quality
S-11476,Northeast,Monthly Essentials,72.8,Yes,1,113.98,8.3,bad support experience
S-17488,West,Monthly Plus,99.7,False,No,829.59,,
S-14802,Midwest,Quarterly Bundle,54.6,No,No,USD 135.14,,
S-11093,Northeast,Monthly Essentials,72.1,Yes,Yes,$39.85,5.4,too expensive
S-17025,South,Quarterly Bundle,94.1,False,False,$276.29,,
S-14776,Northeast,Monthly Plus,48.2,No,0,1263.17,,
S-12826,Northeast,Quarterly Bundle,84.4,Yes,True,USD 2013.43,1.4,found alternative
S-13945,West,Quarterly Bundle,44.6,No,False,461.81,,
S-10507,West,Quarterly Bundle,45.3,1,Yes,1621.18,7.3,found alternative
S-15808,South,Monthly Essentials,69.4,No,1,USD 974.31,,too expensive
S-15717,South,Monthly Essentials,56.5,False,False,605.08,,
S-17030,West,Monthly Plus,84.9,No,No,"$1,221.23",,
S-13913,South,Monthly Plus,36.2,0,0,$783.78,,
S-18256,Northeast,Monthly Essentials,99.4,False,No,$596.88,,
S-14652,West,Quarterly Bundle,53.0,No,True,USD 156.52,,
S-14986,West,Monthly Essentials,61.9,No,False,$965.62,,
S-14162,Northeast,Quarterly Bundle,41.9,0,0,2643.82,,
S-16506,Midwest,Monthly Essentials,55.9,0,0,391.71,,
S-11164,South,Monthly Plus,55.6,True,0,$473.85,8.6,
S-17806,Northeast,Monthly Plus,87.8,False,False,191.81,,
S-15956,Midwest,Monthly Plus,74.8,False,False,713.05,,
S-17583,South,Monthly Essentials,94.1,No,0,607.17,,
S-14702,Midwest,Quarterly Bundle,40.6,No,No,2616.59,,
S-16904,Northeast,Quarterly Bundle,81.8,No,No,3429.03,,
S-14025,Northeast,Monthly Plus,35.4,False,No,1351.45,,
S-17973,South,Quarterly Bundle,94.4,False,False,1355.93,,
S-16316,West,Monthly Plus,67.4,False,No,$754.80,,
S-15690,South,Monthly Plus,64.7,No,No,"$1,283.06",,
S-15733,South,Quarterly Bundle,58.4,False,False,$273.27,,
S-10635,Northeast,Quarterly Bundle,52.6,Yes,0,2497.93,0.2,
S-10527,West,Monthly Plus,35.7,1,True,"$1,213.42",8.4,found alternative
S-12696,West,Monthly Essentials,86.0,True,No,310.01,9.6,
S-14586,Midwest,Monthly Plus,47.9,No,0,$856.04,,
S-13254,South,Monthly Essentials,36.8,False,0,USD 782.39,,
S-14102,South,Quarterly Bundle,46.1,0,No,2723.96,,
S-11073,South,Monthly Plus,46.8,Yes,True,400.64,1.1,found alternative
S-18272,South,Quarterly Bundle,95.0,False,Yes,2272.13,,shipping issues
S-10747,Midwest,Quarterly Bundle,40.0,True,Yes,"$2,740.10",7.0,poor quality
S-13324,Midwest,Quarterly Bundle,48.3,0,No,"$1,545.68",,
S-15891,Midwest,Quarterly Bundle,69.2,False,False,"$2,245.24",,
S-10471,Northeast,Monthly Essentials,39.1,True,Yes,$852.13,6.5,too expensive
S-13551,South,Quarterly Bundle,49.0,No,No,"$2,763.60",,
S-15702,Northeast,Monthly Plus,66.4,No,0,USD 1075.28,,
S-10408,Midwest,Quarterly Bundle,40.9,1,1,3879.78,3.4,no longer needed
S-13889,Midwest,Quarterly Bundle,47.1,No,0,1996.17,,
S-11148,South,Quarterly Bundle,72.5,True,False,USD 2964.66,5.8,
S-16174,West,Monthly Essentials,64.7,0,No,586.31,,
S-12653,South,Monthly Plus,77.9,Yes,False,$369.01,13.4,
S-15276,South,Monthly Essentials,59.6,No,No,636.61,,
S-16005,Northeast,Quarterly Bundle,67.6,False,1,3224.09,,moving/relocating
S-17670,South,Monthly Essentials,85.9,0,False,$42.44,,
S-18206,South,Quarterly Bundle,94.0,False,False,2840.93,,
S-17155,West,Quarterly Bundle,97.4,No,No,3180.02,,
S-11807,West,Quarterly Bundle,59.2,True,False,2420.92,13.1,
S-13591,Midwest,Quarterly Bundle,50.9,0,0,2809.58,,
S-10276,South,Monthly Essentials,42.1,True,No,$577.63,12.8,
S-18119,Midwest,Quarterly Bundle,78.7,No,No,USD 3450.78,,
S-12983,Midwest,Quarterly Bundle,84.2,True,No,"$2,878.81",9.3,
S-11319,South,Monthly Plus,64.5,True,False,674.49,8.8,
S-17231,West,Monthly Essentials,98.2,False,No,594.69,,
S-12393,Midwest,Quarterly Bundle,90.3,Yes,No,2319.06,2.3,
S-11509,Midwest,Monthly Plus,55.7,True,0,"$1,123.31",6.7,
S-16648,West,Quarterly Bundle,71.3,False,No,769.00,,
S-15123,South,Monthly Plus,60.6,False,No,1036.36,,
S-17316,Midwest,Monthly Essentials,99.3,False,No,USD 145.59,,
S-13367,Midwest,Monthly Plus,35.3,0,False,$481.38,,
S-16503,South,Monthly Plus,55.1,False,No,$168.88,,
S-17168,South,Quarterly Bundle,85.5,No,False,$411.44,,
S-14681,South,Quarterly Bundle,52.2,False,False,977.32,,
S-17686,South,Quarterly Bundle,92.5,False,False,USD 3038.94,,
S-15825,Midwest,Monthly Essentials,70.2,No,False,$475.44,,
S-11987,South,Monthly Plus,56.8,Yes,Yes,1291.91,12.3,no longer needed
S-11937,West,Monthly Plus,68.1,1,False,$574.21,6.4,
S-13652,West,Monthly Essentials,38.7,No,0,521.24,,
S-14728,South,Quarterly Bundle,41.7,0,0,"$1,779.79",,
S-17661,Midwest,Monthly Essentials,87.7,No,False,$619.61,,
S-15170,South,Quarterly Bundle,69.5,No,False,"$1,506.63",,
S-16989,Midwest,Monthly Essentials,81.9,False,No,$36.20,,
S-13354,West,Quarterly Bundle,45.7,No,No,1645.33,,
S-18020,Northeast,Monthly Plus,80.8,0,No,1293.61,,
S-14000,Midwest,Monthly Essentials,46.5,False,No,149.99,,
S-11035,South,Quarterly Bundle,40.8,Yes,1,1992.58,6.3,poor quality
S-12571,West,Monthly Essentials,89.3,True,False,885.06,10.6,
S-16864,Midwest,Monthly Essentials,81.2,No,False,169.73,,
S-17390,South,Quarterly Bundle,85.3,False,False,941.74,,
S-13622,West,Monthly Plus,47.3,No,No,USD 175.16,,
S-11889,Northeast,Monthly Plus,67.8,1,False,227.16,7.6,
S-10772,West,Monthly Essentials,47.9,True,1,331.92,5.9,no longer needed
S-10602,Northeast,Quarterly Bundle,51.8,True,1,2557.93,9.4,
S-13433,South,Monthly Essentials,52.6,False,False,770.50,,
S-16051,South,Monthly Plus,71.0,False,0,USD 126.99,,
S-15424,Midwest,Monthly Plus,71.1,No,No,USD 237.29,,
S-12752,Northeast,Monthly Plus,92.6,True,1,$719.36,6.2,paused indefinitely
S-15171,Northeast,Monthly Plus,72.4,False,False,1041.55,,
S-15046,South,Quarterly Bundle,59.3,False,False,"$1,953.90",,
S-16292,West,Quarterly Bundle,70.3,No,False,2364.08,,
S-15719,Northeast,Monthly Plus,69.5,False,No,"$1,125.66",,
S-12827,West,Monthly Essentials,93.2,True,Yes,$760.24,13.2,bad support experience
S-12302,South,Monthly Essentials,90.8,Yes,False,126.32,5.6,
S-10924,Midwest,Quarterly Bundle,35.3,Yes,True,"$3,050.27",5.5,shipping issues
S-17198,Northeast,Monthly Essentials,75.5,No,False,$78.45,,
S-13054,Midwest,Monthly Plus,88.6,True,No,1282.57,8.7,
S-16432,West,Monthly Plus,65.3,False,False,USD 1372.10,,
S-10053,South,Monthly Essentials,43.8,1,Yes,486.00,6.3,moving/relocating
S-15907,Midwest,Monthly Essentials,73.6,No,False,193.85,,
S-11661,South,Quarterly Bundle,71.4,Yes,True,USD 276.75,1.7,poor quality
S-15390,South,Quarterly Bundle,61.9,No,No,"$1,565.94",,
S-12255,South,Monthly Plus,77.4,1,Yes,USD 129.59,1.9,no longer needed
S-12761,West,Quarterly Bundle,91.1,True,No,1502.03,3.5,
S-10601,West,Monthly Plus,35.3,Yes,1,1412.12,8.3,shipping issues
S-12815,Northeast,Quarterly Bundle,87.6,Yes,0,3521.07,5.8,
S-14399,South,Quarterly Bundle,43.2,0,False,USD 1459.11,,
S-10110,Midwest,Monthly Plus,36.3,True,True,1009.48,5.7,bad support experience
S-18041,South,Monthly Essentials,87.5,False,No,USD 79.03,,
S-15259,Northeast,Quarterly Bundle,67.8,0,0,"$2,006.14",,
S-13571,South,Monthly Plus,49.3,No,0,473.71,,
S-13052,Northeast,Quarterly Bundle,93.3,Yes,False,1426.45,10.5,
S-12163,Northeast,Quarterly Bundle,94.7,True,0,647.08,2.9,
S-16094,Northeast,Monthly Plus,66.0,False,No,1394.00,,
S-16865,West,Monthly Plus,79.4,0,0,$413.96,,
S-17659,Northeast,Quarterly Bundle,85.7,False,False,USD 3572.16,,
S-11951,West,Quarterly Bundle,70.8,Yes,False,USD 2723.27,1.0,
S-13884,Northeast,Monthly Plus,50.7,No,No,1063.29,,
S-12248,West,Monthly Essentials,96.9,Yes,True,$117.01,0.4,no longer needed
S-15033,Northeast,Quarterly Bundle,56.0,False,No,USD 1711.25,,
S-15840,South,Quarterly Bundle,66.8,No,No,3268.15,,
S-12609,Midwest,Monthly Plus,99.3,1,False,729.02,4.9,
S-12682,West,Monthly Plus,77.2,1,Yes,$250.28,8.0,moving/relocating
S-13545,South,Monthly Essentials,42.2,No,False,$281.23,,
S-17384,Northeast,Monthly Plus,78.9,False,No,USD 298.35,,
S-15783,Midwest,Monthly Essentials,63.6,False,0,$82.66,,
S-10154,Northeast,Quarterly Bundle,42.1,1,No,567.94,3.9,
S-15246,South,Monthly Essentials,72.5,False,False,961.85,,
S-16892,West,Quarterly Bundle,96.0,0,False,2551.63,,
S-10839,West,Quarterly Bundle,50.1,Yes,Yes,"$1,832.00",2.3,shipping issues
S-16762,South,Monthly Plus,92.9,No,True,USD 173.95,,
S-16636,South,Quarterly Bundle,60.6,No,No,3918.85,,
S-10829,Northeast,Monthly Essentials,53.5,Yes,1,USD 947.21,11.8,paused indefinitely
S-17917,Northeast,Monthly Plus,79.2,False,Yes,1205.23,,bad support experience
S-15247,Northeast,Monthly Plus,68.7,No,False,USD 319.37,,
S-12303,Northeast,Quarterly Bundle,85.6,True,False,$629.54,5.6,
S-12452,South,Monthly Essentials,75.0,Yes,0,USD 170.82,3.0,
S-18016,South,Monthly Plus,95.6,No,False,USD 535.69,,
S-15119,South,Quarterly Bundle,66.3,0,False,2106.39,,
S-12646,West,Monthly Essentials,89.6,1,False,37.87,10.6,
S-17136,Midwest,Monthly Plus,93.2,False,0,749.90,,
S-13102,West,Monthly Essentials,81.3,True,True,36.81,2.3,poor quality
S-15196,Midwest,Quarterly Bundle,71.5,False,No,2014.02,,
S-17039,Northeast,Quarterly Bundle,83.5,No,No,406.76,,
S-13209,South,Quarterly Bundle,79.7,Yes,0,"$2,576.88",4.0,
S-12802,West,Monthly Plus,79.5,1,True,991.66,1.4,bad support experience
S-11279,Northeast,Quarterly Bundle,63.9,1,False,3032.11,0.7,
S-16647,South,Quarterly Bundle,58.1,No,0,"$3,113.77",,
S-17519,West,Monthly Essentials,98.1,No,No,USD 491.02,,
S-16791,Northeast,Monthly Essentials,82.8,No,False,USD 263.81,,
S-11312,South,Quarterly Bundle,68.5,True,Yes,USD 274.39,3.6,shipping issues
S-17847,Midwest,Quarterly Bundle,93.8,0,0,806.10,,
S-16436,South,Monthly Plus,57.3,0,No,"$1,460.85",,
S-16436,South,Monthly Plus,57.3,0,No,"$1,460.85",,
S-14098,West,Monthly Essentials,47.6,No,False,$423.75,,
S-14196,Northeast,Monthly Essentials,49.8,0,False,186.47,,
S-10225,Midwest,Quarterly Bundle,53.5,Yes,1,3443.69,8.9,too expensive
S-16755,South,Quarterly Bundle,83.4,False,False,3649.62,,
S-18032,West,Monthly Essentials,92.5,No,False,736.57,,
S-16899,Midwest,Quarterly Bundle,89.3,No,False,2872.49,,
S-18231,Midwest,Monthly Plus,78.3,False,No,458.29,,
S-13715,South,Monthly Essentials,41.5,0,No,USD 511.49,,
S-18227,Northeast,Monthly Plus,94.8,No,No,"$1,090.62",,
S-10726,West,Quarterly Bundle,47.7,True,False,757.80,7.9,
S-11940,West,Monthly Essentials,73.6,True,No,$498.63,12.2,
S-11717,South,Monthly Essentials,69.2,True,Yes,230.59,4.1,moving/relocating
S-18045,South,Monthly Plus,90.6,0,No,$912.89,,
S-17891,South,Quarterly Bundle,81.4,No,False,2876.50,,
S-16799,West,Quarterly Bundle,96.3,False,False,USD 304.72,,
S-12323,South,Quarterly Bundle,76.7,True,True,1653.84,1.9,shipping issues
S-16625,Midwest,Monthly Essentials,63.3,No,No,830.05,,
S-18022,South,Monthly Essentials,89.2,No,No,527.87,,
S-12592,Northeast,Monthly Plus,87.9,Yes,False,975.41,0.0,
S-15142,South,Quarterly Bundle,60.4,No,False,USD 1423.54,,
S-11390,West,Monthly Plus,73.2,True,False,1521.53,1.5,
S-14634,Midwest,Monthly Plus,36.0,0,False,USD 184.53,,
S-13896,South,Monthly Plus,49.6,0,True,"$1,294.70",,no longer needed
S-13454,West,Monthly Essentials,53.2,False,No,598.07,,
S-11242,South,Monthly Essentials,63.3,Yes,No,USD 289.18,8.6,
S-14800,West,Monthly Essentials,49.7,False,False,USD 978.54,,
S-18179,West,Quarterly Bundle,82.0,False,Yes,"$2,424.30",,
S-13301,Midwest,Monthly Essentials,48.2,No,No,166.11,,
S-13348,Northeast,Monthly Plus,42.5,No,No,1202.00,,
S-17641,Northeast,Monthly Essentials,96.0,No,0,662.75,,
S-13181,South,Monthly Plus,77.5,True,No,876.90,6.4,
S-11955,West,Quarterly Bundle,71.2,True,No,1005.19,5.2,
S-16712,Northeast,Monthly Plus,76.7,No,No,$219.76,,
S-10278,Midwest,Monthly Essentials,53.9,True,1,$565.71,1.0,
S-12073,South,Quarterly Bundle,59.6,True,Yes,2586.83,9.8,moving/relocating
S-12217,West,Quarterly Bundle,79.1,Yes,False,"$1,295.50",3.4,
S-10802,Midwest,Quarterly Bundle,54.1,True,1,USD 2172.47,11.1,too expensive
S-13738,Midwest,Monthly Plus,52.3,No,No,1363.78,,
S-15318,West,Quarterly Bundle,59.3,False,No,2178.64,,
S-17843,Northeast,Quarterly Bundle,76.5,False,No,"$1,447.70",,
S-13158,Northeast,Monthly Essentials,90.9,True,False,535.27,4.2,
S-13288,Midwest,Monthly Essentials,50.4,No,No,631.90,,
S-12291,South,Monthly Plus,93.6,Yes,False,689.63,2.8,
S-13740,Midwest,Monthly Plus,43.9,No,False,USD 110.98,,
S-14328,Northeast,Quarterly Bundle,52.8,False,No,1446.10,,
S-13335,South,Quarterly Bundle,47.4,No,No,"$1,547.03",,
S-11974,West,Monthly Plus,65.4,True,No,USD 64.08,0.8,
S-14949,Northeast,Monthly Essentials,40.1,No,False,475.56,,
S-18100,Midwest,Monthly Essentials,96.0,No,0,$207.32,,
S-12979,West,Quarterly Bundle,99.3,Yes,False,3004.57,13.6,
S-14633,Midwest,Quarterly Bundle,37.9,No,False,577.41,,
S-14033,South,Monthly Essentials,36.6,False,True,148.17,,found alternative
S-11986,South,Monthly Essentials,62.2,True,Yes,$464.62,13.2,
S-12693,West,Monthly Plus,78.3,True,False,USD 1402.93,12.6,
S-13597,Northeast,Monthly Essentials,54.8,0,False,USD 156.69,,
S-12156,West,Monthly Plus,69.4,True,0,244.79,7.4,
S-11296,Northeast,Monthly Essentials,72.1,1,0,USD 106.79,9.7,
S-17696,Northeast,Monthly Plus,93.6,False,False,367.63,,
S-14110,West,Quarterly Bundle,54.5,False,No,3129.92,,
S-15998,South,Quarterly Bundle,73.1,No,True,"$2,166.27",,too expensive
S-14698,West,Monthly Essentials,45.6,False,Yes,$588.61,,found alternative
S-14258,South,Quarterly Bundle,43.1,False,False,817.93,,
S-13504,West,Monthly Plus,52.1,No,False,USD 1192.57,,
S-10163,South,Quarterly Bundle,47.3,1,True,"$3,071.53",12.4,no longer needed
S-10335,Midwest,Monthly Essentials,47.8,1,No,937.65,4.7,
S-10020,Northeast,Monthly Plus,53.9,Yes,True,$704.45,7.9,shipping issues
S-12666,Northeast,Monthly Plus,97.6,1,No,1285.24,11.9,
S-16705,West,Monthly Essentials,87.5,False,False,$847.45,,
S-13147,West,Monthly Plus,96.8,Yes,0,"$1,037.66",2.9,
S-14785,Northeast,Quarterly Bundle,47.9,No,False,USD 2825.67,,
S-12622,Northeast,Monthly Essentials,82.4,Yes,No,753.80,6.4,
S-14775,South,Monthly Essentials,54.7,0,False,USD 461.09,,
S-14890,Midwest,Monthly Essentials,41.7,No,False,USD 208.23,,
S-18283,South,Monthly Plus,94.4,No,False,749.63,,
S-18283,South,Monthly Plus,94.4,No,False,749.63,,
S-13785,Northeast,Monthly Essentials,45.4,False,No,639.11,,
S-15067,West,Monthly Plus,66.3,False,0,USD 868.64,,
S-16664,Northeast,Monthly Plus,72.1,No,No,189.79,,
S-16247,West,Monthly Plus,55.8,False,False,$897.47,,
S-13460,South,Monthly Essentials,48.1,0,No,$224.90,,
S-16972,West,Monthly Essentials,99.4,False,False,817.84,,
S-16025,South,Monthly Essentials,56.4,False,False,575.38,,
S-13287,South,Monthly Essentials,51.5,False,1,$262.30,,too expensive
S-14253,West,Monthly Essentials,54.9,False,No,653.45,,
S-11925,West,Monthly Plus,65.9,Yes,Yes,$342.80,13.6,found alternative
S-11392,West,Monthly Plus,59.4,1,0,193.26,13.3,
S-17626,South,Quarterly Bundle,75.4,0,False,"$1,081.30",,
S-13399,Midwest,Monthly Plus,45.8,No,False,$932.48,,
S-11843,West,Quarterly Bundle,67.3,Yes,No,USD 1793.50,6.6,
S-12128,Midwest,Monthly Plus,61.2,True,No,$61.41,12.7,
S-10579,South,Quarterly Bundle,35.9,True,1,USD 1036.62,7.8,poor quality
S-16255,South,Quarterly Bundle,55.7,False,No,$269.90,,
S-10693,Midwest,Quarterly Bundle,44.1,1,No,2282.77,12.3,
S-13699,South,Monthly Plus,52.8,False,No,635.68,,
S-11310,South,Monthly Plus,61.0,Yes,False,$688.64,1.1,
S-10603,Midwest,Monthly Plus,52.2,True,True,1032.72,7.7,too expensive
S-12006,Midwest,Quarterly Bundle,61.7,1,0,$785.05,5.3,
S-18294,West,Quarterly Bundle,88.7,False,No,2596.78,,
S-17311,South,Quarterly Bundle,84.6,No,0,1636.81,,
S-17481,West,Quarterly Bundle,95.5,False,No,USD 136.59,,
S-11703,Midwest,Monthly Plus,55.6,True,True,USD 167.60,2.2,moving/relocating
S-12413,South,Monthly Plus,77.6,True,Yes,$293.07,10.7,poor quality
S-15650,Northeast,Monthly Essentials,59.0,0,False,931.53,,
S-18332,Midwest,Quarterly Bundle,87.6,False,0,1767.01,,
S-14440,South,Monthly Essentials,38.5,No,False,245.14,,
S-16024,Midwest,Monthly Essentials,57.4,0,True,$38.65,,found alternative
S-13630,Midwest,Monthly Plus,54.8,No,True,$189.91,,
S-15310,South,Monthly Essentials,64.4,0,No,USD 631.16,,
S-11963,South,Quarterly Bundle,74.4,1,Yes,USD 1697.63,11.6,poor quality
S-14026,Northeast,Quarterly Bundle,50.4,False,No,"$1,660.19",,
S-17846,West,Quarterly Bundle,78.5,No,False,3680.45,,
S-11976,South,Monthly Essentials,64.6,True,True,698.39,10.0,shipping issues
S-17726,South,Quarterly Bundle,82.6,No,No,"$1,392.50",,
S-14820,West,Monthly Plus,36.7,0,No,1010.90,,
S-10266,Midwest,Monthly Essentials,45.4,True,1,427.56,8.1,
S-12915,Northeast,Monthly Essentials,96.2,1,False,$916.53,6.0,
S-14308,Northeast,Quarterly Bundle,49.4,False,False,"$2,323.65",,
S-16620,Midwest,Monthly Essentials,64.4,No,No,933.83,,
S-14589,Northeast,Monthly Plus,37.2,No,Yes,USD 1294.45,,shipping issues
S-11397,West,Quarterly Bundle,63.2,Yes,False,1423.62,7.6,
S-13037,West,Monthly Essentials,82.7,Yes,True,$85.11,1.2,found alternative
S-12206,Midwest,Monthly Essentials,76.3,1,0,USD 39.68,4.9,
S-12140,Midwest,Monthly Plus,58.7,Yes,No,932.24,9.5,
S-16842,South,Quarterly Bundle,94.4,0,False,1530.34,,
S-18144,South,Monthly Essentials,86.9,No,False,107.07,,
S-16644,Midwest,Monthly Essentials,64.1,False,False,$419.47,,
S-16644,Midwest,Monthly Essentials,64.1,False,False,$419.47,,
S-16440,Midwest,Monthly Plus,56.7,No,0,1102.99,,
S-18201,Northeast,Monthly Essentials,97.3,False,False,724.87,,
S-16460,South,Quarterly Bundle,71.5,False,False,456.69,,
S-12174,West,Monthly Plus,96.6,Yes,0,1152.61,6.8,
S-10719,West,Monthly Essentials,47.5,1,No,$883.89,1.8,
S-10867,Northeast,Quarterly Bundle,41.3,1,True,"$2,784.40",2.7,too expensive
S-10867,Northeast,Quarterly Bundle,41.3,1,True,"$2,784.40",2.7,too expensive
S-12732,Northeast,Quarterly Bundle,77.9,1,False,1517.05,4.1,
S-15499,South,Quarterly Bundle,56.2,False,No,"$3,626.01",,
S-14464,Midwest,Quarterly Bundle,47.4,No,False,2177.18,,
S-14544,Midwest,Monthly Essentials,40.2,0,False,126.96,,
S-14544,Midwest,Monthly Essentials,40.2,0,False,126.96,,
S-14561,South,Quarterly Bundle,35.6,No,No,"$3,411.75",,
S-17257,Northeast,Monthly Plus,82.3,0,No,335.30,,
S-13371,South,Quarterly Bundle,45.5,No,No,USD 3535.81,,
S-15680,Northeast,Quarterly Bundle,70.3,No,False,$274.97,,
S-10348,Midwest,Monthly Plus,46.7,Yes,1,1085.85,11.3,moving/relocating
S-10180,West,Quarterly Bundle,53.9,True,True,$976.39,9.2,
S-16078,South,Monthly Plus,56.5,0,False,"$1,197.31",,
S-16019,Midwest,Monthly Plus,64.8,False,0,1073.87,,
S-14313,Northeast,Quarterly Bundle,46.0,No,False,USD 2868.04,,
S-11140,Northeast,Monthly Essentials,67.0,Yes,False,$677.03,13.1,
S-15838,South,Monthly Essentials,62.3,No,No,152.05,,
S-17310,Midwest,Monthly Essentials,96.5,False,No,$726.91,,
S-17774,West,Quarterly Bundle,96.0,0,No,3673.86,,
S-13174,South,Quarterly Bundle,98.8,1,Yes,1030.83,4.3,moving/relocating
S-17026,South,Monthly Essentials,85.7,No,No,$777.71,,
S-16008,South,Quarterly Bundle,72.2,No,No,"$2,655.99",,
S-16303,West,Monthly Essentials,66.3,False,False,$848.69,,
S-15747,South,Monthly Plus,69.1,False,No,117.59,,
S-16098,West,Monthly Plus,67.5,No,True,63.19,,no longer needed
S-15641,Northeast,Quarterly Bundle,65.8,No,0,1763.88,,
S-15345,West,Quarterly Bundle,62.7,No,No,2986.59,,
S-15092,South,Quarterly Bundle,65.1,No,0,879.04,,
S-10902,Northeast,Quarterly Bundle,38.3,Yes,Yes,1506.51,3.2,
S-15849,Northeast,Monthly Essentials,59.6,False,False,$908.24,,
S-12986,Midwest,Monthly Essentials,94.1,1,False,USD 213.84,9.6,
S-12267,Northeast,Monthly Essentials,84.3,Yes,Yes,214.28,8.3,found alternative
S-17271,Northeast,Monthly Plus,83.0,False,False,955.87,,
S-15646,West,Monthly Plus,73.5,0,0,$750.74,,
S-15517,Northeast,Monthly Plus,75.0,0,No,170.37,,
S-15795,Northeast,Quarterly Bundle,62.9,No,No,317.39,,
S-12277,Northeast,Monthly Essentials,89.2,True,False,411.51,7.5,
S-11565,West,Monthly Essentials,59.0,True,No,$427.03,7.5,
S-10547,South,Monthly Essentials,37.0,Yes,No,581.98,1.3,
S-18185,Northeast,Monthly Essentials,75.7,No,False,USD 110.92,,
S-12432,West,Monthly Plus,79.3,Yes,No,1480.15,0.9,
S-12276,Northeast,Monthly Plus,85.0,Yes,0,1150.15,4.5,
S-17624,Northeast,Monthly Plus,80.7,0,False,345.48,,
S-17965,Northeast,Quarterly Bundle,83.5,No,False,USD 536.67,,
S-11020,West,Quarterly Bundle,51.5,True,False,3916.72,10.8,
S-14952,West,Monthly Essentials,46.4,No,0,USD 820.50,,
S-14113,Northeast,Quarterly Bundle,49.7,False,False,$424.74,,
S-16921,Midwest,Monthly Plus,97.5,No,False,651.88,,
S-14298,Northeast,Quarterly Bundle,46.4,False,False,1296.79,,
S-18126,West,Monthly Plus,77.4,No,No,"$1,261.85",,
S-14725,Midwest,Quarterly Bundle,39.6,False,No,2458.11,,
S-16071,South,Monthly Essentials,62.3,False,False,$42.34,,
S-15836,West,Quarterly Bundle,57.0,No,No,USD 2106.96,,
S-14607,South,Quarterly Bundle,40.1,0,False,"$2,568.50",,
S-13786,Northeast,Quarterly Bundle,37.8,False,No,610.45,,
S-16778,West,Monthly Plus,76.1,No,No,1067.96,,
S-15414,Midwest,Quarterly Bundle,68.4,False,No,$816.32,,
S-10832,South,Monthly Essentials,49.2,Yes,Yes,978.31,6.8,paused indefinitely
S-14458,West,Quarterly Bundle,50.9,No,False,USD 1790.03,,
S-11714,Northeast,Monthly Essentials,66.1,Yes,No,$761.74,1.5,
S-11714,Northeast,Monthly Essentials,66.1,Yes,No,$761.74,1.5,
S-10096,Midwest,Monthly Plus,52.6,Yes,1,USD 783.55,4.6,no longer needed
S-15007,Northeast,Monthly Essentials,60.1,No,0,852.55,,
S-17751,West,Quarterly Bundle,95.5,0,False,"$3,388.42",,
S-13210,Midwest,Monthly Essentials,76.2,True,No,38.02,0.5,
S-14729,South,Monthly Essentials,41.4,False,No,$756.03,,
S-14368,West,Monthly Plus,54.3,False,0,"$1,287.10",,
S-16580,Midwest,Monthly Plus,66.7,False,False,412.12,,
S-15443,Northeast,Quarterly Bundle,72.4,False,False,1220.65,,
S-17914,Midwest,Monthly Plus,96.0,False,No,243.48,,
S-14746,South,Quarterly Bundle,53.2,False,No,"$2,591.87",,
S-17802,Midwest,Monthly Plus,80.5,False,No,842.24,,
S-13316,Northeast,Quarterly Bundle,52.7,False,No,137.50,,
S-17090,Midwest,Monthly Essentials,98.8,No,No,868.96,,
S-11110,West,Quarterly Bundle,62.0,True,No,962.65,10.4,
S-16229,South,Monthly Plus,65.5,0,False,$707.30,,
S-14060,Northeast,Monthly Essentials,47.2,No,0,714.59,,
S-11586,West,Monthly Essentials,63.2,True,1,USD 127.39,5.9,found alternative
S-12954,West,Monthly Plus,83.0,Yes,No,559.45,8.5,
S-10742,Northeast,Monthly Essentials,35.1,True,1,$411.01,5.4,too expensive
S-16000,Midwest,Monthly Plus,70.0,False,False,"$1,065.84",,
S-16882,South,Monthly Essentials,87.4,False,False,$73.98,,
S-11906,South,Monthly Plus,60.0,True,True,1076.12,10.1,paused indefinitely
S-11059,West,Monthly Essentials,54.4,True,True,262.89,8.7,paused indefinitely
S-16800,Northeast,Quarterly Bundle,91.7,False,False,642.09,,
S-12980,West,Monthly Plus,88.9,1,No,USD 589.36,3.3,
S-16065,Midwest,Monthly Essentials,60.7,False,False,249.21,,
S-13775,West,Monthly Plus,43.1,False,False,1163.39,,
S-10161,West,Monthly Plus,54.0,Yes,False,USD 1101.19,4.5,
S-18300,Midwest,Monthly Essentials,91.0,False,0,USD 485.51,,
S-15970,South,Quarterly Bundle,57.6,No,No,$943.23,,
S-18146,West,Quarterly Bundle,90.1,False,False,"$1,298.11",,
S-17655,West,Monthly Plus,90.3,No,False,$747.30,,
S-18149,Midwest,Quarterly Bundle,91.9,False,False,3486.37,,
S-17591,South,Quarterly Bundle,83.2,No,True,1236.11,,found alternative
S-15308,Midwest,Quarterly Bundle,60.8,No,No,320.70,,
S-16881,Northeast,Monthly Plus,79.5,No,No,1242.08,,
S-10918,South,Monthly Essentials,39.5,True,Yes,USD 522.15,1.0,bad support experience
S-14795,Northeast,Monthly Plus,54.6,No,False,1380.61,,
S-12817,Midwest,Monthly Essentials,90.3,True,False,$214.82,7.9,
S-11067,Northeast,Monthly Plus,40.9,True,Yes,405.95,7.8,
S-13556,Northeast,Monthly Plus,49.5,False,0,$375.23,,
S-10567,West,Quarterly Bundle,43.0,True,Yes,3270.37,7.3,poor quality
S-14648,Northeast,Monthly Essentials,53.2,No,False,USD 796.74,,
S-11292,Northeast,Quarterly Bundle,61.3,Yes,0,$139.39,2.1,
S-15047,Northeast,Quarterly Bundle,62.2,False,False,843.65,,
S-12907,Northeast,Quarterly Bundle,94.3,True,No,USD 648.80,3.9,
S-17516,Northeast,Monthly Plus,81.7,False,False,241.12,,
S-10897,Northeast,Quarterly Bundle,49.5,True,Yes,USD 627.58,12.7,poor quality
S-15571,West,Quarterly Bundle,64.6,No,False,$158.96,,
S-13386,West,Quarterly Bundle,52.3,0,False,USD 1385.46,,
S-17580,Midwest,Quarterly Bundle,90.7,No,No,1460.06,,
S-14792,West,Quarterly Bundle,45.2,No,False,USD 280.36,,
S-14667,Northeast,Monthly Plus,49.9,False,False,"$1,323.58",,
S-12254,West,Monthly Plus,88.8,True,1,59.60,6.3,too expensive
S-11028,West,Monthly Plus,52.4,1,1,190.59,1.9,shipping issues
S-12127,Northeast,Monthly Essentials,57.3,True,False,288.69,8.2,
S-13797,Midwest,Monthly Essentials,37.1,No,No,829.38,,
S-11317,South,Monthly Plus,57.7,1,False,356.08,11.2,
S-15212,Midwest,Quarterly Bundle,59.8,False,False,2240.85,,
S-11095,Midwest,Monthly Plus,71.4,True,No,889.12,1.6,
S-12759,Midwest,Monthly Plus,96.6,True,No,1387.32,3.4,
S-11958,South,Quarterly Bundle,61.2,True,True,1592.51,3.7,shipping issues
S-14287,Midwest,Quarterly Bundle,49.0,False,No,430.82,,
S-15174,South,Quarterly Bundle,60.5,False,False,USD 2552.57,,
S-18226,Midwest,Quarterly Bundle,99.7,No,0,"$3,026.66",,
S-16163,Midwest,Monthly Essentials,71.7,False,No,731.35,,
S-16163,Midwest,Monthly Essentials,71.7,False,No,731.35,,
S-17665,Midwest,Monthly Plus,88.0,False,No,789.45,,
S-14329,West,Monthly Plus,40.7,0,No,USD 469.06,,
S-16184,South,Monthly Plus,71.3,No,No,$395.42,,
S-13596,Midwest,Monthly Essentials,42.3,No,No,USD 462.83,,
S-15864,Northeast,Monthly Plus,69.7,False,False,$344.28,,
S-11629,South,Quarterly Bundle,63.4,Yes,False,USD 299.57,2.7,
S-11647,Midwest,Monthly Plus,72.6,Yes,1,603.85,12.8,found alternative
S-13361,Midwest,Monthly Plus,47.9,0,0,$63.71,,
S-10362,Northeast,Quarterly Bundle,48.5,Yes,1,3322.94,2.4,
S-15050,West,Quarterly Bundle,68.3,0,Yes,2146.38,,poor quality
S-11614,South,Monthly Essentials,63.5,True,Yes,336.51,0.1,paused indefinitely
S-13121,West,Quarterly Bundle,82.1,True,False,$716.27,12.0,
S-18347,Northeast,Monthly Plus,96.9,False,No,1117.56,,
S-18309,South,Monthly Essentials,86.8,False,No,$668.07,,
S-14093,Midwest,Monthly Plus,50.2,0,False,USD 694.04,,
S-15400,Midwest,Quarterly Bundle,64.4,False,False,USD 2698.51,,
S-13826,West,Monthly Plus,43.9,False,No,USD 1126.09,,
S-15893,West,Monthly Plus,63.2,No,No,189.97,,
S-10190,South,Monthly Plus,48.4,1,No,USD 300.50,3.4,
S-17934,West,Monthly Plus,92.8,False,0,962.07,,
S-17239,South,Monthly Essentials,96.4,No,No,226.30,,
S-12208,West,Quarterly Bundle,88.7,True,No,"$2,437.46",7.2,
S-13987,South,Quarterly Bundle,46.2,No,False,883.53,,
S-13269,South,Monthly Essentials,53.4,False,True,514.39,,moving/relocating
S-11398,West,Quarterly Bundle,60.0,True,True,"$3,503.70",11.4,shipping issues
S-10301,South,Monthly Essentials,45.0,True,True,112.78,11.9,found alternative
S-10301,South,Monthly Essentials,45.0,True,True,112.78,11.9,found alternative
S-15683,West,Monthly Plus,72.5,False,False,"$1,215.93",,
S-13248,Midwest,Quarterly Bundle,49.5,0,False,1809.93,,
S-10946,Northeast,Monthly Plus,35.3,True,True,1165.56,12.1,found alternative
S-10253,West,Monthly Plus,50.6,Yes,True,917.96,9.1,moving/relocating
S-10684,Northeast,Monthly Plus,50.9,Yes,No,$498.57,5.5,
S-13735,West,Monthly Essentials,43.8,False,1,188.03,,bad support experience
S-12219,Midwest,Quarterly Bundle,99.7,1,No,"$2,822.01",0.4,
S-13668,West,Quarterly Bundle,46.3,0,False,135.04,,
S-10287,Midwest,Monthly Plus,38.2,True,True,999.28,4.6,moving/relocating
S-16519,South,Quarterly Bundle,57.7,No,1,3334.30,,paused indefinitely
S-14254,South,Monthly Essentials,47.7,False,1,282.61,,shipping issues
S-11034,Northeast,Monthly Essentials,55.0,Yes,Yes,$482.03,3.3,paused indefinitely
S-12505,Northeast,Quarterly Bundle,94.0,Yes,0,"$2,898.13",5.9,
S-17071,Midwest,Quarterly Bundle,89.1,False,No,USD 1167.78,,
S-11424,South,Quarterly Bundle,67.8,Yes,No,1633.37,9.6,
S-14744,Northeast,Monthly Essentials,42.6,False,Yes,USD 79.66,,bad support experience
S-10033,West,Quarterly Bundle,44.0,1,1,2706.75,10.2,
S-12346,South,Quarterly Bundle,85.3,Yes,0,1656.01,3.4,
S-14217,Northeast,Quarterly Bundle,51.3,0,0,$435.11,,
S-14756,Midwest,Quarterly Bundle,52.2,False,No,969.00,,
S-17077,Midwest,Quarterly Bundle,90.0,No,Yes,USD 1729.81,,too expensive
S-14684,Midwest,Monthly Essentials,39.7,No,1,USD 619.35,,bad support experience
S-18333,Northeast,Monthly Essentials,93.6,False,No,280.74,,
S-13305,Midwest,Monthly Plus,49.1,No,No,1295.04,,
S-15322,Midwest,Quarterly Bundle,59.7,False,0,1341.52,,
S-12436,South,Monthly Essentials,75.3,True,False,USD 932.49,1.9,
S-12199,Midwest,Monthly Essentials,85.3,True,No,496.35,1.2,
S-12619,Northeast,Monthly Essentials,93.2,Yes,No,36.08,2.2,
S-11663,Midwest,Quarterly Bundle,62.8,Yes,False,"$2,092.91",7.6,
S-14500,Midwest,Monthly Plus,52.1,False,0,USD 170.36,,
S-11377,Midwest,Monthly Essentials,56.0,1,No,550.99,11.2,
S-12124,Northeast,Quarterly Bundle,68.1,True,True,2128.32,9.4,
S-12406,Midwest,Monthly Essentials,97.0,Yes,False,855.89,1.1,
S-12226,South,Monthly Essentials,85.2,True,False,USD 763.06,13.2,
S-15882,Northeast,Monthly Essentials,64.3,0,0,$438.22,,
S-15455,Midwest,Quarterly Bundle,57.0,0,No,789.88,,
S-10496,Midwest,Monthly Plus,45.5,True,False,1094.63,0.3,
S-16782,Midwest,Quarterly Bundle,83.2,No,No,805.41,,
S-12753,Northeast,Monthly Essentials,90.2,True,No,$636.19,5.0,
S-11293,Midwest,Monthly Essentials,61.8,True,True,$998.07,3.2,
S-12408,Northeast,Monthly Essentials,81.8,True,False,891.18,0.5,
S-14511,West,Monthly Plus,46.3,False,False,1134.12,,
S-12931,West,Monthly Essentials,79.0,Yes,Yes,$384.66,13.9,paused indefinitely
S-11915,South,Monthly Essentials,60.0,Yes,No,$312.61,12.1,
S-16214,Midwest,Monthly Essentials,60.4,False,False,$464.35,,
S-15162,South,Quarterly Bundle,71.9,False,No,2772.37,,
S-11486,South,Monthly Plus,57.2,True,True,$367.76,10.0,found alternative
S-15298,West,Monthly Plus,55.4,No,No,USD 959.93,,
S-18220,South,Monthly Essentials,90.4,0,0,748.69,,
S-13948,South,Quarterly Bundle,49.3,No,False,"$3,195.75",,
S-10241,South,Monthly Essentials,53.2,1,No,292.42,6.4,
S-17441,Northeast,Quarterly Bundle,98.5,False,0,USD 3339.86,,
S-14806,Midwest,Monthly Plus,48.3,0,No,$705.62,,
S-12487,Midwest,Monthly Essentials,85.6,True,False,794.13,10.1,
S-13268,South,Quarterly Bundle,52.0,0,No,2831.90,,
S-14482,Northeast,Monthly Essentials,39.7,False,No,USD 708.89,,
S-16426,Midwest,Monthly Essentials,72.6,No,0,$606.69,,
S-16119,Northeast,Monthly Plus,68.5,No,False,"$1,081.38",,
S-17145,South,Monthly Essentials,91.4,0,No,772.89,,
S-12053,South,Quarterly Bundle,70.6,Yes,False,1374.73,5.6,
S-15411,Northeast,Quarterly Bundle,61.0,No,No,1751.83,,
S-13044,South,Monthly Plus,97.2,Yes,False,$775.70,9.0,
S-16940,Northeast,Quarterly Bundle,98.9,No,False,2366.40,,
S-16523,Midwest,Monthly Plus,61.0,0,False,388.06,,
S-13909,Northeast,Quarterly Bundle,36.8,0,Yes,$321.11,,
S-17640,Northeast,Monthly Plus,75.2,False,False,1245.69,,
S-16186,West,Quarterly Bundle,63.5,No,0,USD 1483.48,,
S-17468,South,Monthly Plus,80.4,No,No,705.33,,
S-15163,South,Monthly Plus,63.0,0,False,USD 509.37,,
S-11540,West,Monthly Essentials,59.8,1,No,779.92,11.0,
S-17781,South,Monthly Plus,98.3,No,False,109.34,,
S-11271,West,Monthly Essentials,57.5,Yes,1,USD 77.25,11.0,
S-16241,Northeast,Monthly Essentials,70.5,0,No,$496.34,,
S-17611,South,Monthly Plus,95.3,No,No,1534.01,,
S-14957,South,Monthly Essentials,44.6,No,True,USD 160.75,,shipping issues
S-10833,Midwest,Monthly Plus,52.8,Yes,True,USD 189.32,6.2,shipping issues
S-14188,Midwest,Quarterly Bundle,46.3,False,No,1931.72,,
S-13320,West,Monthly Plus,50.6,0,False,373.92,,
S-15384,South,Monthly Essentials,67.0,False,False,446.35,,
S-13240,South,Quarterly Bundle,50.2,No,1,2783.36,,moving/relocating
S-10038,Midwest,Monthly Essentials,53.1,True,False,268.20,8.6,
S-14277,South,Quarterly Bundle,50.9,No,No,"$3,349.25",,
S-16123,Midwest,Monthly Essentials,66.4,No,False,$900.50,,
S-12410,West,Monthly Essentials,93.0,True,False,111.28,9.6,
S-10734,South,Monthly Essentials,53.2,1,False,229.30,6.7,
S-15677,West,Monthly Plus,66.8,False,No,167.53,,
S-15942,Midwest,Monthly Essentials,73.3,0,1,USD 285.72,,found alternative
S-10265,Midwest,Monthly Essentials,54.1,True,0,242.82,0.3,
S-11228,South,Quarterly Bundle,60.1,True,False,"$1,156.77",12.3,
S-14804,South,Monthly Plus,41.4,No,False,USD 342.46,,
S-11701,West,Monthly Essentials,74.0,Yes,False,USD 764.51,12.0,
S-12315,Midwest,Monthly Plus,94.5,Yes,True,$453.87,9.8,
S-10474,West,Quarterly Bundle,51.4,True,True,579.97,13.1,found alternative
S-16190,Northeast,Monthly Plus,66.3,No,Yes,189.60,,bad support experience
S-15554,Northeast,Monthly Essentials,59.1,False,False,220.97,,
S-11012,Northeast,Quarterly Bundle,39.6,Yes,Yes,1278.50,0.5,found alternative
S-12109,South,Monthly Plus,73.9,Yes,0,1082.14,2.2,
S-16653,South,Monthly Plus,74.7,False,False,1408.72,,
S-12741,South,Monthly Plus,93.9,True,No,316.49,8.1,
S-17871,South,Quarterly Bundle,95.6,No,No,3187.98,,
S-14166,West,Monthly Plus,36.8,No,0,$916.66,,
S-13063,West,Monthly Essentials,84.4,Yes,False,USD 387.54,9.7,
S-16365,West,Monthly Plus,58.6,0,No,USD 828.60,,
S-12418,South,Monthly Essentials,83.8,True,False,80.76,13.3,
S-13749,West,Quarterly Bundle,53.3,False,False,"$3,661.64",,
S-16273,Northeast,Quarterly Bundle,64.8,No,False,2218.32,,
S-11041,Northeast,Monthly Plus,38.7,Yes,True,$924.89,3.9,found alternative
S-16158,West,Monthly Plus,71.6,No,No,$54.00,,
S-13952,South,Monthly Plus,38.0,No,0,701.51,,
S-13353,South,Monthly Plus,51.3,No,No,"$1,151.91",,
S-12437,West,Monthly Plus,77.5,1,False,$266.52,11.9,
S-16218,South,Monthly Essentials,59.7,No,No,$802.51,,
S-17304,Northeast,Monthly Essentials,91.2,No,False,121.83,,
S-11126,Northeast,Monthly Essentials,64.8,True,Yes,841.59,13.5,shipping issues
S-14577,South,Monthly Plus,39.1,False,False,$965.51,,
S-17703,Northeast,Quarterly Bundle,95.8,No,False,"$2,034.17",,
S-17212,South,Quarterly Bundle,92.6,False,False,611.05,,
S-12007,Northeast,Monthly Essentials,63.0,True,Yes,212.98,13.2,no longer needed
S-10451,Northeast,Monthly Essentials,42.5,1,Yes,USD 778.10,5.7,shipping issues
S-13520,West,Monthly Essentials,41.9,False,No,691.90,,
S-15223,Northeast,Quarterly Bundle,56.7,No,No,"$2,110.30",,
S-10043,South,Monthly Plus,44.3,True,Yes,239.11,12.7,paused indefinitely
S-13763,South,Quarterly Bundle,40.1,0,No,2065.58,,
S-14272,West,Monthly Essentials,48.7,No,0,495.06,,
S-15819,South,Quarterly Bundle,66.6,No,0,860.70,,
S-14994,South,Quarterly Bundle,68.5,No,False,$644.11,,
S-16566,West,Monthly Essentials,74.4,False,0,USD 620.78,,
S-15608,West,Quarterly Bundle,65.9,No,0,USD 642.56,,
S-11560,Midwest,Quarterly Bundle,58.3,True,No,USD 3612.91,5.8,
S-14893,Northeast,Monthly Essentials,52.8,False,No,873.89,,
S-13962,West,Monthly Essentials,40.4,0,Yes,$517.86,,poor quality
S-17945,West,Monthly Plus,79.9,0,No,USD 916.50,,
S-15449,Midwest,Quarterly Bundle,67.7,False,No,1129.33,,
S-17960,West,Quarterly Bundle,79.5,No,No,USD 675.01,,
S-16496,Northeast,Quarterly Bundle,58.3,False,No,"$2,764.42",,
S-14389,Northeast,Monthly Plus,53.3,No,No,119.54,,
S-13336,Northeast,Monthly Plus,37.4,False,No,$687.36,,
S-13870,Midwest,Monthly Plus,49.8,No,Yes,"$1,102.38",,no longer needed
S-13796,Midwest,Quarterly Bundle,43.4,No,0,1240.32,,
S-13117,West,Monthly Essentials,90.2,Yes,0,201.64,7.7,
S-11790,Northeast,Quarterly Bundle,62.7,True,False,"$3,283.10",5.3,
S-15777,Northeast,Monthly Essentials,58.0,False,False,$488.88,,
S-15368,South,Monthly Plus,56.8,False,0,$753.53,,
S-17511,South,Monthly Essentials,92.4,No,False,USD 144.09,,
S-11904,South,Monthly Essentials,62.9,Yes,No,USD 446.51,0.7,
S-18323,West,Quarterly Bundle,79.5,False,False,USD 2367.12,,
S-15616,Midwest,Monthly Essentials,67.9,0,False,USD 393.64,,
S-12790,South,Monthly Essentials,94.6,Yes,False,874.66,13.8,
S-13631,Northeast,Monthly Essentials,51.4,No,0,$652.19,,
S-14651,Midwest,Quarterly Bundle,44.0,0,No,596.72,,
S-13678,West,Monthly Essentials,46.4,No,No,$668.07,,
S-17164,Midwest,Monthly Essentials,78.8,No,False,755.27,,
S-14373,West,Monthly Essentials,50.3,No,True,585.52,,found alternative
S-15800,Northeast,Monthly Essentials,72.2,False,No,353.58,,
S-17462,West,Monthly Essentials,92.4,No,No,$460.82,,
S-13144,Midwest,Quarterly Bundle,97.8,1,0,789.96,10.7,
S-15250,Northeast,Quarterly Bundle,56.0,0,False,USD 2467.69,,
S-10188,Midwest,Monthly Plus,43.3,Yes,False,798.46,3.1,
S-12748,Midwest,Monthly Plus,98.6,True,False,1319.81,1.9,
S-10013,Northeast,Monthly Plus,45.5,1,Yes,578.84,2.2,paused indefinitely
S-13864,Northeast,Quarterly Bundle,36.9,False,No,2499.57,,
S-10055,South,Monthly Essentials,37.9,True,0,USD 261.83,10.9,
S-14043,West,Monthly Plus,38.8,No,False,$634.93,,
S-16592,Northeast,Monthly Plus,69.6,No,False,123.81,,
S-14414,West,Monthly Essentials,44.1,0,0,USD 294.74,,
S-16373,South,Monthly Essentials,56.4,0,No,$392.31,,
S-16667,Midwest,Quarterly Bundle,55.8,False,False,855.60,,
S-17946,Midwest,Quarterly Bundle,79.8,No,No,USD 1594.57,,
S-13009,Midwest,Monthly Essentials,94.1,1,False,$537.48,3.9,
S-16555,Northeast,Monthly Plus,66.7,No,0,940.47,,
S-10060,South,Monthly Essentials,54.1,Yes,0,221.05,10.9,
S-10929,Midwest,Monthly Plus,51.5,True,Yes,1091.00,2.5,too expensive
S-11200,Midwest,Monthly Essentials,67.3,Yes,0,$525.25,10.2,
S-18382,South,Quarterly Bundle,90.6,False,No,"$2,857.39",,
S-14186,West,Monthly Plus,50.9,False,No,"$1,194.17",,
S-12903,Midwest,Monthly Plus,95.9,Yes,False,USD 508.62,5.0,
S-14617,South,Monthly Essentials,51.2,No,False,USD 163.51,,
S-16692,West,Quarterly Bundle,87.0,False,No,$547.38,,
S-14367,Northeast,Monthly Plus,54.2,No,0,"$1,039.75",,
S-14335,Northeast,Monthly Plus,38.9,No,False,709.17,,
S-15172,West,Monthly Essentials,59.2,0,0,251.91,,
S-13800,West,Monthly Plus,40.0,No,No,USD 1023.78,,
S-14876,Northeast,Quarterly Bundle,35.1,No,0,543.83,,
S-14076,West,Monthly Plus,38.5,No,False,$708.31,,
S-10791,Midwest,Quarterly Bundle,49.9,1,True,USD 3656.66,7.0,too expensive
S-12477,Northeast,Monthly Plus,98.7,Yes,No,"$1,325.13",12.9,
S-14404,West,Monthly Plus,43.0,False,True,56.07,,moving/relocating
S-10014,Midwest,Monthly Plus,46.1,Yes,1,$183.62,14.0,bad support experience
S-14830,Northeast,Monthly Plus,35.9,0,False,$651.29,,
S-14830,Northeast,Monthly Plus,35.9,0,False,$651.29,,
S-10064,South,Monthly Essentials,37.7,True,0,USD 633.81,9.3,
S-10674,Midwest,Monthly Plus,48.4,True,1,1294.27,13.2,too expensive
S-17176,Northeast,Monthly Plus,85.4,No,0,574.16,,
S-13824,Northeast,Monthly Plus,45.4,No,No,$432.28,,
S-16260,West,Monthly Plus,58.2,False,0,$361.97,,
S-17091,Midwest,Monthly Plus,93.6,0,False,54.18,,
S-13657,West,Monthly Essentials,42.3,False,No,318.73,,
S-15451,South,Quarterly Bundle,71.4,False,No,USD 677.85,,
S-11820,Midwest,Monthly Plus,73.6,Yes,True,USD 1405.39,4.1,too expensive
S-11990,South,Monthly Essentials,68.5,True,No,552.57,3.0,
S-15759,West,Monthly Essentials,70.9,No,No,964.36,,
S-17716,West,Monthly Essentials,83.6,No,No,USD 422.05,,
S-12027,Midwest,Monthly Plus,60.5,True,0,USD 1438.46,10.1,
S-16610,Midwest,Monthly Plus,69.4,No,No,817.30,,
S-16610,Midwest,Monthly Plus,69.4,No,No,817.30,,
S-13105,West,Monthly Plus,93.5,1,False,1198.55,11.6,
S-17514,Northeast,Monthly Essentials,90.3,False,0,264.13,,
S-11172,South,Monthly Plus,57.2,Yes,False,$243.01,10.5,
S-18051,Northeast,Quarterly Bundle,82.8,False,0,USD 1220.06,,
S-12260,Northeast,Quarterly Bundle,90.4,True,True,2449.66,2.6,poor quality
S-17823,Midwest,Monthly Essentials,82.1,No,1,248.16,,found alternative
S-17783,Northeast,Monthly Essentials,75.5,0,No,837.28,,
S-13471,South,Monthly Plus,51.5,No,No,705.97,,
S-14230,West,Quarterly Bundle,43.1,No,No,452.40,,
S-12737,West,Monthly Plus,81.7,Yes,Yes,"$1,248.43",6.2,poor quality
S-18297,South,Monthly Plus,90.6,False,No,298.57,,
S-10878,Midwest,Quarterly Bundle,44.7,1,0,$423.28,1.0,
S-15073,Northeast,Quarterly Bundle,64.5,No,False,2313.78,,
S-13039,Midwest,Monthly Plus,81.3,Yes,No,"$1,144.00",0.7,
S-10789,Midwest,Monthly Essentials,54.7,Yes,False,936.71,8.6,
S-14711,West,Monthly Essentials,36.2,No,False,870.48,,
S-16066,West,Quarterly Bundle,57.3,False,No,3091.57,,
S-14663,West,Monthly Plus,49.4,False,No,481.95,,
S-13031,West,Quarterly Bundle,81.6,True,Yes,773.10,11.7,bad support experience
S-15192,West,Monthly Essentials,71.4,False,False,267.71,,
S-11175,West,Monthly Plus,62.7,True,True,USD 1232.62,11.7,too expensive
S-11036,South,Monthly Essentials,36.5,True,True,$70.53,2.5,no longer needed
S-10990,West,Monthly Essentials,35.8,Yes,Yes,105.96,7.9,poor quality
S-17213,Northeast,Quarterly Bundle,84.0,0,False,552.33,,
S-16059,Midwest,Monthly Plus,58.6,No,0,496.37,,
S-11044,Midwest,Quarterly Bundle,43.0,True,0,"$2,719.70",4.8,
S-14932,Northeast,Monthly Plus,36.7,No,No,55.15,,
S-15637,Northeast,Monthly Plus,58.8,0,0,118.71,,
S-16811,Northeast,Monthly Plus,88.0,No,False,63.24,,
S-12449,West,Monthly Plus,76.3,1,No,USD 486.61,5.2,
S-11617,Midwest,Monthly Essentials,62.6,True,Yes,USD 145.86,13.8,too expensive
S-10589,South,Monthly Essentials,40.7,True,False,"$1,005.72",13.9,
S-17268,Northeast,Monthly Plus,82.5,0,No,$966.01,,
S-10573,South,Monthly Essentials,52.1,Yes,No,158.18,6.4,
S-13590,West,Monthly Essentials,36.9,False,No,380.47,,
S-15110,Midwest,Quarterly Bundle,60.7,No,1,USD 2947.62,,poor quality
S-12377,Midwest,Monthly Essentials,89.9,Yes,No,484.74,10.2,
S-17956,South,Quarterly Bundle,95.0,No,False,2343.42,,
S-16920,South,Quarterly Bundle,95.5,0,No,1614.83,,
S-10239,Midwest,Monthly Plus,43.2,Yes,False,727.61,0.6,
S-16927,South,Quarterly Bundle,91.5,No,True,$154.47,,shipping issues
S-14899,South,Monthly Essentials,51.8,No,False,36.82,,
S-11877,Midwest,Monthly Essentials,74.3,Yes,1,315.94,2.0,moving/relocating
S-17911,West,Monthly Essentials,94.1,No,False,385.48,,
S-11863,West,Monthly Plus,61.2,True,True,1529.93,13.4,no longer needed
S-17410,West,Quarterly Bundle,93.1,0,False,"$2,294.45",,
S-10768,West,Quarterly Bundle,43.3,Yes,True,403.07,4.7,found alternative
S-17388,Midwest,Monthly Plus,88.4,No,0,USD 1263.84,,
S-14503,Northeast,Quarterly Bundle,49.5,No,False,1102.73,,
S-18216,Northeast,Monthly Plus,81.5,0,No,623.12,,
S-17935,Northeast,Monthly Plus,90.8,0,False,630.61,,
S-11628,West,Quarterly Bundle,61.1,True,False,2886.13,5.7,
S-10552,West,Monthly Essentials,41.4,True,Yes,$363.17,11.9,found alternative
S-15356,Northeast,Monthly Essentials,69.5,0,False,$766.15,,
S-11730,South,Monthly Essentials,72.0,1,1,$789.82,7.1,paused indefinitely
S-11734,Midwest,Monthly Essentials,55.0,True,1,126.85,7.5,bad support experience
S-16144,Midwest,Quarterly Bundle,59.6,False,0,2584.93,,
S-12332,South,Quarterly Bundle,77.0,1,No,691.98,4.3,
S-18200,Midwest,Monthly Essentials,89.4,No,No,$814.90,,
S-10243,South,Monthly Essentials,38.2,True,True,637.75,6.9,shipping issues
S-15182,South,Quarterly Bundle,55.2,0,False,"$2,333.84",,
S-18307,Midwest,Quarterly Bundle,90.2,No,False,2045.10,,
S-13224,South,Monthly Essentials,88.1,Yes,No,USD 556.08,2.4,
S-12055,West,Quarterly Bundle,66.5,Yes,True,160.10,6.0,
S-13295,West,Quarterly Bundle,47.7,False,No,685.05,,
S-16452,West,Monthly Essentials,55.9,No,False,$771.10,,
S-14565,West,Monthly Plus,45.2,No,No,786.32,,
S-15237,Northeast,Monthly Essentials,55.3,False,No,USD 787.94,,
S-14293,West,Monthly Plus,37.6,No,No,191.31,,
S-11248,West,Quarterly Bundle,72.0,1,False,2690.08,1.4,
S-12922,Midwest,Quarterly Bundle,91.9,True,1,403.63,13.9,no longer needed
S-18134,West,Monthly Essentials,79.6,No,No,849.59,,
S-17006,Northeast,Quarterly Bundle,90.5,False,False,2231.56,,
S-14592,South,Monthly Plus,44.2,False,Yes,720.81,,poor quality
S-11247,Northeast,Monthly Essentials,63.1,True,True,409.40,13.5,no longer needed
S-13381,South,Monthly Essentials,44.4,No,False,435.20,,
S-15938,West,Quarterly Bundle,67.3,False,False,USD 717.69,,
S-10464,Midwest,Monthly Plus,54.1,True,Yes,311.39,10.6,too expensive
S-12843,West,Monthly Essentials,79.6,Yes,False,112.06,0.0,
S-12890,South,Quarterly Bundle,87.0,Yes,No,USD 2251.22,5.2,
S-10318,Northeast,Quarterly Bundle,53.5,Yes,True,USD 2898.59,12.8,found alternative
S-13421,West,Monthly Essentials,45.5,0,False,$487.78,,
S-12123,West,Quarterly Bundle,56.3,True,No,$159.46,3.6,
S-11401,Midwest,Monthly Essentials,66.0,Yes,Yes,$211.39,4.0,paused indefinitely
S-12856,Midwest,Monthly Plus,85.8,True,0,1003.02,9.3,
S-12381,Northeast,Quarterly Bundle,87.1,1,No,"$1,645.12",10.3,
S-11257,South,Monthly Plus,59.1,Yes,True,1118.00,0.0,shipping issues
S-15057,West,Quarterly Bundle,66.8,0,False,"$1,998.95",,
S-12158,Midwest,Quarterly Bundle,93.3,Yes,Yes,296.57,6.3,paused indefinitely
S-11285,Midwest,Monthly Essentials,58.4,True,True,724.03,10.9,bad support experience
S-18081,Northeast,Monthly Essentials,81.8,False,False,523.72,,
S-16637,Midwest,Monthly Essentials,55.4,False,No,$297.68,,
S-17877,West,Monthly Plus,99.9,False,0,1267.70,,
S-15649,West,Monthly Plus,62.4,0,No,USD 516.12,,
S-13350,South,Monthly Essentials,49.6,No,No,$801.03,,
S-15152,Northeast,Monthly Essentials,64.3,0,False,920.77,,
S-10058,Midwest,Monthly Plus,54.0,Yes,No,1505.97,13.7,
S-16676,Northeast,Monthly Essentials,57.4,No,No,$116.17,,
S-10886,West,Quarterly Bundle,42.0,Yes,Yes,$590.41,1.7,found alternative
S-18304,Midwest,Monthly Essentials,88.7,0,No,85.54,,
S-11150,South,Monthly Essentials,63.4,Yes,Yes,228.03,12.9,found alternative
S-12677,Northeast,Monthly Essentials,79.6,Yes,True,$694.90,12.2,no longer needed
S-15718,West,Quarterly Bundle,57.9,False,No,"$1,226.34",,
S-10593,Midwest,Quarterly Bundle,37.1,True,1,USD 1944.11,13.1,no longer needed
S-17711,Midwest,Monthly Plus,94.3,0,False,$250.24,,
S-13134,Midwest,Monthly Plus,90.6,True,No,567.56,11.5,
S-11209,Northeast,Quarterly Bundle,59.5,Yes,False,USD 1187.08,7.0,
S-14717,South,Monthly Essentials,48.5,No,No,695.91,,
S-13397,Midwest,Monthly Essentials,42.9,No,No,$749.03,,
S-12977,South,Monthly Essentials,88.8,True,True,$342.44,13.3,bad support experience
S-14971,West,Monthly Essentials,68.9,False,0,USD 844.66,,
S-15364,Northeast,Monthly Plus,66.3,False,False,672.47,,
S-17217,West,Monthly Plus,96.7,No,Yes,$943.38,,bad support experience
S-18236,Midwest,Monthly Essentials,99.9,No,No,$434.50,,
S-13534,Midwest,Monthly Plus,37.3,No,True,512.05,,shipping issues
S-13478,South,Monthly Essentials,36.8,0,False,$298.10,,
S-12194,Midwest,Monthly Essentials,96.3,1,False,42.83,10.6,
S-16297,South,Monthly Essentials,65.1,False,False,117.19,,
S-11959,Northeast,Monthly Plus,64.6,1,False,1143.74,7.3,
S-11968,Northeast,Monthly Essentials,69.1,Yes,No,124.54,3.2,
S-10140,Midwest,Monthly Plus,43.7,True,No,"$1,136.43",2.1,
S-17701,South,Quarterly Bundle,91.9,0,False,3089.04,,
S-17834,Midwest,Quarterly Bundle,85.3,No,No,USD 1042.12,,
S-13777,Northeast,Quarterly Bundle,35.3,0,No,USD 1488.57,,
S-14401,Midwest,Monthly Plus,44.0,0,False,1297.21,,
S-13257,Midwest,Monthly Plus,46.0,False,False,USD 1358.38,,
S-12770,South,Quarterly Bundle,92.7,Yes,True,1663.61,12.2,moving/relocating
S-10708,Northeast,Quarterly Bundle,44.2,True,1,"$2,432.10",6.2,bad support experience
S-17883,West,Monthly Essentials,76.5,False,False,554.54,,
S-17642,Northeast,Quarterly Bundle,83.0,False,False,$593.01,,
S-14259,South,Monthly Essentials,41.0,0,0,813.08,,
S-14259,South,Monthly Essentials,41.0,0,0,813.08,,
S-18349,Northeast,Monthly Plus,83.6,0,0,1463.43,,
S-10761,Northeast,Monthly Plus,40.7,1,No,269.05,9.5,
S-16722,West,Monthly Essentials,98.7,0,No,$555.02,,
S-11684,Northeast,Monthly Plus,70.9,Yes,1,"$1,118.27",13.0,found alternative
S-16239,West,Monthly Essentials,71.8,False,False,USD 191.83,,
S-17027,South,Monthly Plus,76.2,0,0,280.64,,
S-10382,Northeast,Quarterly Bundle,39.3,True,False,USD 3200.73,6.3,
S-14512,South,Quarterly Bundle,50.9,False,No,1645.06,,
S-16948,Midwest,Monthly Plus,76.7,False,No,266.78,,
S-10752,South,Monthly Plus,49.4,Yes,False,178.46,4.9,
S-16265,Midwest,Quarterly Bundle,69.4,False,No,$781.26,,
S-17190,South,Monthly Plus,93.8,No,0,$848.91,,
S-12160,West,Monthly Plus,93.0,1,False,"$1,377.15",8.6,
S-15769,Midwest,Monthly Plus,68.0,No,0,USD 770.58,,
S-17220,Northeast,Quarterly Bundle,92.2,No,False,"$2,113.57",,
S-14812,South,Monthly Essentials,51.8,No,True,286.25,,too expensive
S-15937,South,Quarterly Bundle,66.7,False,False,163.51,,
S-11841,Northeast,Monthly Essentials,72.9,True,No,863.09,12.6,
S-11887,Northeast,Monthly Plus,61.4,True,False,1026.33,12.0,
S-16379,Northeast,Monthly Plus,68.8,False,No,$835.71,,
S-16117,Midwest,Monthly Plus,72.1,0,False,475.13,,
S-10865,Midwest,Quarterly Bundle,43.4,True,False,USD 1979.88,10.0,
S-13566,Midwest,Monthly Essentials,39.2,False,False,$394.68,,
S-18117,Northeast,Monthly Plus,95.1,No,No,63.31,,
S-15756,Midwest,Quarterly Bundle,60.9,0,False,USD 607.10,,
S-17073,Midwest,Monthly Essentials,79.2,False,True,582.13,,too expensive
S-11357,South,Monthly Essentials,59.3,True,Yes,$352.47,6.1,shipping issues
S-16466,South,Quarterly Bundle,71.8,No,0,"$1,419.52",,
S-15899,Midwest,Monthly Essentials,62.7,No,0,291.49,,
S-15200,Northeast,Monthly Essentials,55.3,False,False,USD 181.75,,
S-11210,Midwest,Quarterly Bundle,59.7,Yes,False,"$3,853.36",3.6,
S-11132,South,Monthly Essentials,70.0,True,False,193.89,1.7,
S-14445,West,Quarterly Bundle,42.5,No,0,3214.80,,
S-14770,South,Monthly Plus,49.9,0,No,1105.03,,
S-17250,Northeast,Monthly Plus,89.6,0,No,122.58,,
S-16135,West,Quarterly Bundle,61.9,No,No,2726.45,,
S-17244,Northeast,Monthly Plus,88.0,No,False,USD 1293.64,,
S-10955,South,Monthly Essentials,52.8,Yes,True,84.25,2.5,shipping issues
S-17639,Northeast,Monthly Essentials,98.3,False,No,$631.88,,
S-14161,South,Monthly Essentials,49.8,No,False,$399.71,,
S-13869,Midwest,Quarterly Bundle,38.3,False,0,966.84,,
S-16673,Northeast,Quarterly Bundle,71.8,0,False,USD 2886.42,,
S-10086,Midwest,Monthly Essentials,54.6,True,False,515.64,8.6,
S-13234,South,Monthly Essentials,92.8,True,True,618.76,0.4,too expensive
S-14248,Midwest,Monthly Essentials,43.7,No,True,765.04,,poor quality
S-13262,South,Monthly Essentials,36.7,False,False,576.41,,
S-16217,Midwest,Quarterly Bundle,63.3,0,False,2773.85,,
S-10884,Northeast,Monthly Essentials,42.4,1,1,489.90,0.5,no longer needed
S-14046,Midwest,Monthly Plus,54.4,No,1,$323.49,,shipping issues
S-11595,Midwest,Quarterly Bundle,57.7,Yes,False,"$2,307.88",4.6,
S-10453,Midwest,Monthly Plus,40.8,Yes,No,USD 738.68,9.5,
S-13351,West,Quarterly Bundle,51.5,False,False,2343.89,,
S-12495,Northeast,Monthly Plus,88.7,Yes,0,690.20,12.7,
S-11504,West,Quarterly Bundle,63.7,True,0,"$2,957.11",6.2,
S-18018,South,Monthly Plus,97.8,False,No,668.66,,
S-15347,Midwest,Monthly Plus,57.4,0,False,$128.91,,
S-17854,Northeast,Quarterly Bundle,78.3,0,False,USD 2165.76,,
S-13681,Northeast,Monthly Essentials,38.4,False,0,685.78,,
S-13681,Northeast,Monthly Essentials,38.4,False,0,685.78,,
S-17705,Midwest,Monthly Essentials,81.2,False,0,683.78,,
S-17876,West,Monthly Plus,86.6,False,0,775.76,,
S-13191,West,Monthly Plus,93.4,True,No,USD 908.51,6.2,
S-17777,Northeast,Quarterly Bundle,77.6,False,No,"$3,036.73",,
S-13839,South,Monthly Plus,40.8,No,No,943.87,,
S-14066,Midwest,Monthly Plus,43.0,No,No,USD 1372.10,,
S-16395,Northeast,Monthly Plus,55.4,False,0,322.97,,
S-15249,South,Monthly Plus,68.5,No,No,1348.17,,
S-11823,South,Quarterly Bundle,57.6,Yes,False,"$2,378.84",8.7,
S-12535,South,Monthly Essentials,87.6,True,No,107.72,2.9,
S-17134,Northeast,Quarterly Bundle,76.5,No,0,826.46,,
S-10191,Northeast,Monthly Plus,52.3,True,0,251.13,5.4,
S-10191,Northeast,Monthly Plus,52.3,True,0,251.13,5.4,
S-13226,South,Quarterly Bundle,89.6,Yes,False,"$3,233.98",0.8,
S-17922,Northeast,Monthly Essentials,93.5,False,0,$84.36,,
S-17922,Northeast,Monthly Essentials,93.5,False,0,$84.36,,
S-15611,Midwest,Monthly Essentials,55.5,0,0,624.48,,
S-16788,Midwest,Quarterly Bundle,78.1,0,Yes,USD 1412.65,,shipping issues
S-13665,Northeast,Monthly Plus,43.0,False,0,1105.10,,
S-13133,West,Quarterly Bundle,93.4,Yes,No,1114.01,8.0,
S-13582,Midwest,Monthly Essentials,41.8,False,No,72.47,,
S-15927,West,Monthly Plus,72.4,No,False,172.38,,
S-14525,Northeast,Monthly Plus,38.1,False,No,USD 633.47,,
S-17795,South,Monthly Plus,77.5,False,0,960.41,,
S-16427,South,Quarterly Bundle,57.4,0,0,1943.03,,
S-13447,Northeast,Quarterly Bundle,51.8,False,False,2264.85,,
S-11784,Northeast,Monthly Essentials,70.2,Yes,False,220.67,12.5,
S-11871,South,Monthly Essentials,64.7,True,0,499.83,5.5,
S-10078,Northeast,Monthly Essentials,51.4,True,Yes,233.85,2.4,bad support experience
S-10224,South,Quarterly Bundle,55.0,True,Yes,451.66,6.9,poor quality
S-10831,West,Monthly Plus,43.8,Yes,No,"$1,330.94",0.5,
S-18001,Northeast,Quarterly Bundle,86.8,False,False,581.00,,
S-14687,Midwest,Monthly Plus,42.0,False,False,$295.44,,
S-13860,Northeast,Monthly Essentials,43.3,False,0,514.37,,
S-16053,West,Monthly Plus,55.4,False,No,$632.90,,
S-11768,Midwest,Monthly Plus,59.6,Yes,False,$163.69,9.0,
S-14915,West,Quarterly Bundle,42.2,No,0,"$2,838.72",,
S-12680,Midwest,Quarterly Bundle,83.0,1,0,154.71,6.1,
S-13594,Midwest,Quarterly Bundle,37.9,0,Yes,$699.45,,moving/relocating
S-10841,South,Monthly Essentials,37.4,1,Yes,$601.91,9.8,poor quality
S-10331,West,Quarterly Bundle,39.9,True,True,"$2,925.68",11.4,poor quality
S-17343,South,Monthly Plus,75.9,0,False,USD 1187.68,,
S-17467,Northeast,Monthly Plus,94.8,No,0,"$1,300.88",,
S-17367,Northeast,Quarterly Bundle,83.3,No,True,3231.36,,no longer needed
S-16404,Northeast,Monthly Plus,60.0,False,0,571.20,,
S-13612,South,Monthly Plus,51.9,No,No,779.33,,
S-12442,South,Monthly Plus,98.5,1,True,$296.05,13.3,moving/relocating
S-16617,West,Monthly Essentials,74.0,0,False,544.95,,
S-14783,South,Monthly Plus,40.1,0,0,362.34,,
S-15360,Northeast,Monthly Essentials,58.8,No,False,$913.66,,
S-11100,South,Monthly Plus,73.6,True,1,$768.45,2.4,moving/relocating
S-16209,Midwest,Monthly Plus,67.9,False,0,$546.47,,
S-15987,South,Monthly Essentials,68.0,False,False,$243.47,,
S-16006,West,Quarterly Bundle,61.9,False,No,"$3,009.03",,
S-10108,South,Monthly Essentials,36.9,1,No,USD 634.31,4.8,
S-12125,South,Monthly Plus,69.8,Yes,Yes,$680.71,10.2,bad support experience
S-14870,Northeast,Quarterly Bundle,43.0,0,False,311.10,,
S-14690,West,Quarterly Bundle,41.3,No,No,$843.37,,
S-14834,Midwest,Quarterly Bundle,46.1,No,No,"$3,260.27",,
S-11373,South,Monthly Essentials,72.9,Yes,Yes,USD 936.27,4.5,shipping issues
S-12963,West,Quarterly Bundle,92.2,True,No,USD 3520.33,10.7,
S-15394,South,Monthly Essentials,74.4,No,No,USD 445.04,,
S-15852,South,Monthly Plus,61.0,No,False,662.34,,
S-15852,South,Monthly Plus,61.0,No,False,662.34,,
S-15385,Northeast,Monthly Essentials,55.3,0,No,699.16,,
S-17355,Midwest,Quarterly Bundle,88.3,No,False,"$2,260.69",,
S-18339,West,Monthly Essentials,75.2,False,0,39.37,,
S-16491,West,Quarterly Bundle,64.2,0,0,"$1,830.41",,
S-15248,Northeast,Quarterly Bundle,55.6,No,False,1170.71,,
S-11426,West,Quarterly Bundle,68.6,1,False,USD 1727.23,5.2,
S-10706,Midwest,Monthly Plus,40.4,Yes,Yes,239.12,1.1,paused indefinitely
S-15195,Midwest,Quarterly Bundle,70.1,False,0,"$2,307.19",,
S-10421,West,Monthly Essentials,45.8,Yes,No,795.44,8.7,
S-17773,Northeast,Monthly Plus,82.7,False,1,179.81,,moving/relocating
S-12218,Midwest,Monthly Plus,79.2,1,No,USD 636.28,3.2,
S-13438,South,Quarterly Bundle,48.3,No,False,321.87,,
S-13509,West,Monthly Essentials,47.4,0,False,556.82,,
S-17647,West,Monthly Essentials,80.9,False,No,399.10,,
S-11245,Northeast,Monthly Plus,64.8,Yes,No,USD 536.19,10.1,
S-13486,Midwest,Monthly Essentials,54.4,No,No,USD 429.43,,
S-12580,West,Monthly Essentials,86.0,Yes,No,$298.40,5.0,
S-14642,Northeast,Monthly Essentials,39.1,0,False,324.91,,
S-15091,West,Monthly Plus,69.7,0,False,"$1,146.67",,
S-15508,West,Quarterly Bundle,66.6,False,False,2473.53,,
S-15817,South,Monthly Plus,61.3,No,0,596.45,,
S-14031,West,Quarterly Bundle,50.9,No,False,1566.16,,
S-13552,Northeast,Quarterly Bundle,50.0,No,False,2674.71,,
S-11572,Midwest,Quarterly Bundle,56.0,True,Yes,2961.22,0.6,
S-15064,West,Monthly Plus,63.6,False,No,508.19,,
S-17720,Northeast,Monthly Essentials,84.9,0,No,USD 666.68,,
S-14412,Midwest,Quarterly Bundle,42.1,No,No,1574.98,,
S-15176,West,Monthly Plus,61.5,False,No,$124.38,,
S-16832,Northeast,Monthly Plus,75.6,False,No,USD 1120.53,,
S-13543,Northeast,Monthly Plus,44.4,False,No,657.75,,
S-15678,West,Monthly Plus,58.9,No,No,"$1,557.57",,
S-16396,West,Monthly Plus,61.4,No,No,USD 920.72,,
S-14275,South,Monthly Plus,36.6,False,False,1079.74,,
S-17926,Midwest,Quarterly Bundle,86.6,False,No,USD 3310.83,,
S-12367,Midwest,Monthly Essentials,86.3,Yes,No,USD 205.12,4.3,
S-11428,West,Monthly Plus,61.0,Yes,1,282.54,5.6,too expensive
S-11675,West,Monthly Essentials,67.4,True,0,$822.66,2.4,
S-10555,Midwest,Monthly Plus,35.0,Yes,True,$111.01,12.8,
S-13140,Midwest,Monthly Essentials,78.2,1,False,252.49,3.4,
S-14309,Northeast,Monthly Plus,47.9,No,False,1292.58,,
S-16941,West,Quarterly Bundle,85.9,False,False,2938.04,,
S-17874,Northeast,Quarterly Bundle,97.6,False,False,USD 2827.34,,
S-11316,West,Monthly Essentials,70.2,True,Yes,$125.31,11.2,
S-16713,West,Monthly Essentials,83.2,0,No,814.40,,
S-15153,Midwest,Monthly Plus,63.1,No,No,408.78,,
S-10183,Northeast,Monthly Plus,36.4,True,Yes,776.47,2.9,bad support experience
S-13899,Northeast,Quarterly Bundle,39.4,0,False,1954.66,,
S-11240,South,Monthly Essentials,67.2,Yes,No,USD 626.60,8.2,
S-13411,South,Monthly Essentials,39.3,False,False,240.46,,
S-12235,South,Monthly Essentials,83.9,1,No,$365.77,4.2,
S-14942,West,Monthly Plus,45.2,False,False,USD 869.39,,
S-17794,Northeast,Quarterly Bundle,98.2,No,No,140.73,,
S-11831,Northeast,Monthly Essentials,60.6,1,True,USD 211.97,11.5,
S-16716,Northeast,Quarterly Bundle,86.5,0,0,$162.11,,
S-12392,West,Monthly Essentials,87.4,1,True,458.93,11.9,too expensive
S-15184,Northeast,Monthly Essentials,71.9,No,No,246.24,,
S-16195,Midwest,Quarterly Bundle,57.4,False,False,USD 964.62,,
S-15609,South,Monthly Essentials,66.5,False,0,$672.26,,
S-18293,South,Monthly Essentials,99.0,No,False,537.14,,
S-15252,Midwest,Monthly Plus,59.2,False,No,446.13,,
S-16367,Midwest,Monthly Plus,61.6,No,0,USD 765.24,,
S-11282,South,Quarterly Bundle,71.4,Yes,1,1263.02,0.0,no longer needed
S-11579,Midwest,Monthly Plus,70.0,Yes,No,USD 624.19,11.1,
S-17024,West,Monthly Plus,85.0,0,False,$399.64,,
S-13862,Midwest,Monthly Essentials,50.7,No,No,593.44,,
S-11576,South,Monthly Essentials,66.6,True,0,$361.96,5.7,
S-17798,West,Quarterly Bundle,98.7,False,False,1159.00,,
S-12283,Northeast,Monthly Plus,97.4,1,Yes,677.87,1.3,
S-15137,South,Monthly Essentials,74.9,False,0,$326.33,,
S-10704,Midwest,Monthly Essentials,39.1,Yes,True,USD 470.06,10.5,poor quality
S-11559,Northeast,Quarterly Bundle,60.4,True,No,3170.69,10.3,
S-14605,South,Monthly Essentials,41.3,False,False,$415.58,,
S-16152,Midwest,Monthly Essentials,74.1,0,False,$802.54,,
S-12875,Midwest,Monthly Plus,95.1,Yes,0,1148.52,7.1,
S-15665,South,Quarterly Bundle,68.4,No,No,"$3,419.94",,
S-14100,South,Quarterly Bundle,45.7,False,False,710.33,,
S-11083,South,Monthly Essentials,66.9,True,True,USD 916.39,13.4,
S-18214,West,Monthly Plus,88.3,False,False,717.81,,
S-11084,South,Quarterly Bundle,68.1,Yes,Yes,"$2,869.34",2.9,
S-11084,South,Quarterly Bundle,68.1,Yes,Yes,"$2,869.34",2.9,
S-16896,South,Monthly Essentials,76.7,False,False,918.53,,
S-17369,South,Monthly Plus,92.1,False,0,61.20,,
S-11219,South,Monthly Essentials,71.4,Yes,No,486.72,12.9,
S-11007,Northeast,Monthly Essentials,53.6,True,True,$113.29,2.8,no longer needed
S-15689,Northeast,Monthly Plus,65.0,No,No,284.84,,
S-14742,West,Monthly Plus,50.3,False,False,USD 1156.74,,
S-16563,South,Monthly Essentials,65.2,0,False,578.67,,
S-16200,Midwest,Quarterly Bundle,70.0,No,No,1163.89,,
S-17957,Midwest,Monthly Essentials,90.7,No,False,231.02,,
S-12427,West,Monthly Plus,96.5,Yes,Yes,171.56,12.9,
S-13905,South,Monthly Plus,37.3,False,No,USD 1266.32,,
S-10784,West,Monthly Plus,37.6,True,Yes,USD 591.82,12.2,shipping issues
S-15232,Northeast,Quarterly Bundle,67.2,0,0,$147.39,,
S-13403,Midwest,Monthly Plus,53.5,No,0,497.04,,
S-14032,West,Quarterly Bundle,42.5,False,0,1110.58,,
S-14333,South,Monthly Essentials,42.7,0,No,$637.38,,
S-13472,Midwest,Quarterly Bundle,50.2,No,No,"$3,657.75",,
S-16923,Midwest,Monthly Plus,88.0,False,No,953.18,,
S-15672,Midwest,Monthly Essentials,59.9,No,0,112.55,,
S-17875,South,Monthly Plus,76.4,No,0,1059.35,,
S-11532,West,Quarterly Bundle,59.3,True,No,1526.75,12.5,
S-15880,Northeast,Quarterly Bundle,60.0,0,0,USD 443.48,,
S-10197,West,Quarterly Bundle,48.1,Yes,Yes,USD 2666.48,11.1,found alternative
S-15931,West,Monthly Plus,59.7,No,No,USD 1350.90,,
S-15958,Midwest,Monthly Essentials,64.5,False,Yes,826.26,,shipping issues
S-17892,Midwest,Monthly Essentials,89.0,No,No,USD 455.50,,
S-16082,South,Quarterly Bundle,59.1,No,0,"$2,524.72",,
S-12686,West,Monthly Plus,98.1,1,False,USD 175.22,5.7,
S-17683,West,Quarterly Bundle,90.5,0,False,USD 1104.08,,
S-17069,Northeast,Quarterly Bundle,75.6,0,False,"$3,049.27",,
S-18365,West,Monthly Essentials,85.3,No,No,431.74,,
S-14460,Midwest,Monthly Plus,42.5,False,False,124.90,,
S-17506,West,Quarterly Bundle,87.5,No,False,"$2,339.91",,
S-15463,West,Quarterly Bundle,65.0,No,No,3060.22,,
S-13477,Northeast,Monthly Essentials,35.6,False,0,856.17,,
S-14821,Midwest,Monthly Essentials,39.2,0,Yes,$591.08,,moving/relocating
S-13388,Midwest,Monthly Plus,47.6,0,0,123.67,,
S-15861,South,Quarterly Bundle,55.0,0,No,1929.91,,
S-13098,South,Quarterly Bundle,78.0,1,0,"$2,593.11",12.0,
S-16725,South,Monthly Plus,83.1,0,0,"$1,356.82",,
S-14439,Midwest,Quarterly Bundle,48.4,False,False,"$1,185.73",,
S-11305,Midwest,Monthly Essentials,59.3,1,False,USD 646.65,0.5,
S-14351,Northeast,Monthly Plus,51.9,No,No,"$1,012.36",,
S-13124,South,Quarterly Bundle,80.2,1,False,2884.42,6.4,
S-10254,Northeast,Quarterly Bundle,41.9,True,1,3467.83,3.0,no longer needed
S-13365,Northeast,Monthly Essentials,46.9,No,False,$889.97,,
S-11689,Northeast,Quarterly Bundle,71.4,True,No,1644.80,13.8,
S-15438,West,Monthly Essentials,58.5,False,False,313.76,,
S-11864,Northeast,Monthly Plus,57.2,Yes,False,USD 304.64,12.1,
S-10378,Northeast,Quarterly Bundle,45.3,Yes,1,1963.35,4.3,bad support experience
S-13555,Northeast,Monthly Plus,43.9,0,No,$169.68,,
S-15685,South,Monthly Essentials,73.2,False,No,315.58,,
S-11921,Midwest,Quarterly Bundle,60.7,Yes,No,"$1,648.48",10.3,
S-17637,Midwest,Quarterly Bundle,85.1,No,No,2013.34,,
S-11033,Northeast,Monthly Plus,40.3,1,No,USD 866.89,12.8,
S-17350,Midwest,Quarterly Bundle,82.0,False,0,"$1,389.31",,
S-17058,South,Monthly Essentials,89.6,0,No,USD 329.88,,
S-17289,Northeast,Monthly Essentials,89.8,No,No,680.60,,
S-14436,Northeast,Monthly Essentials,49.2,No,False,USD 787.24,,
S-18038,West,Monthly Plus,87.2,False,False,USD 591.33,,
S-17342,Midwest,Monthly Plus,98.6,False,False,565.30,,
S-12541,Midwest,Monthly Essentials,86.8,Yes,Yes,644.84,4.6,bad support experience
S-16317,South,Monthly Plus,66.6,No,False,966.44,,
S-11794,South,Monthly Plus,58.0,Yes,0,990.50,9.3,
S-10358,Northeast,Monthly Plus,39.2,1,Yes,441.56,9.8,found alternative
S-15060,West,Quarterly Bundle,71.4,0,False,3278.77,,
S-18338,South,Quarterly Bundle,97.0,False,No,1932.56,,
S-18063,Midwest,Monthly Plus,91.6,0,False,1139.92,,
S-13103,Midwest,Monthly Plus,79.4,True,0,968.19,9.5,
S-16100,West,Quarterly Bundle,68.1,No,No,USD 146.14,,
S-18030,West,Quarterly Bundle,88.0,No,No,$814.88,,
S-10691,South,Monthly Plus,54.4,Yes,1,USD 61.24,5.4,no longer needed
S-11602,West,Monthly Plus,74.2,True,No,508.49,10.0,
S-13395,Northeast,Monthly Plus,42.0,No,1,"$1,168.91",,moving/relocating
S-11127,Northeast,Monthly Plus,65.6,True,False,"$1,081.24",3.5,
S-18328,Midwest,Monthly Essentials,80.3,No,False,777.21,,
S-15066,Midwest,Quarterly Bundle,62.1,No,No,1679.19,,
S-15129,South,Monthly Essentials,59.9,No,No,$545.95,,
S-14578,West,Monthly Plus,41.0,0,Yes,$667.55,,too expensive
S-15640,Midwest,Monthly Essentials,71.2,No,No,233.47,,
S-17982,South,Monthly Essentials,78.1,False,0,877.74,,
S-17982,South,Monthly Essentials,78.1,False,0,877.74,,
S-13664,South,Monthly Plus,44.6,False,False,225.83,,
S-15712,South,Quarterly Bundle,73.2,False,0,3320.28,,
S-15888,Midwest,Monthly Essentials,70.0,False,No,$106.66,,
S-13119,Northeast,Quarterly Bundle,85.7,Yes,No,1030.65,2.6,
S-15201,South,Monthly Essentials,59.8,No,0,631.06,,
S-14878,Midwest,Monthly Plus,48.7,0,0,USD 572.32,,
S-10315,West,Monthly Plus,49.2,True,True,446.59,0.5,shipping issues
S-17424,South,Monthly Essentials,78.6,No,No,651.25,,
S-17717,South,Quarterly Bundle,94.6,No,No,"$2,537.13",,
S-16571,Midwest,Quarterly Bundle,64.6,No,0,"$2,074.49",,
S-12137,West,Monthly Plus,65.3,1,True,126.42,5.6,moving/relocating
S-13938,Northeast,Monthly Essentials,36.9,0,0,USD 144.90,,
S-18253,West,Monthly Essentials,79.6,False,No,465.13,,
S-16520,Midwest,Monthly Essentials,57.3,0,False,951.04,,
S-12428,South,Quarterly Bundle,76.3,True,No,2071.64,2.9,
S-13003,West,Monthly Essentials,78.0,Yes,No,$486.34,9.9,
S-12539,South,Monthly Plus,95.0,Yes,False,991.16,6.7,
S-10307,West,Quarterly Bundle,43.9,Yes,False,1262.91,4.2,
S-17461,Northeast,Monthly Plus,89.9,0,False,"$1,012.21",,
S-11824,South,Monthly Plus,71.8,Yes,True,713.98,3.3,
S-14169,Midwest,Quarterly Bundle,47.6,No,No,USD 677.50,,
S-15214,Northeast,Monthly Essentials,64.6,No,0,$554.04,,
S-15692,Midwest,Monthly Essentials,68.8,False,False,804.15,,
S-15692,Midwest,Monthly Essentials,68.8,False,False,804.15,,
S-18123,South,Monthly Plus,81.0,No,No,$967.04,,
S-18114,Midwest,Quarterly Bundle,87.0,False,No,1087.60,,
S-12714,West,Monthly Essentials,79.5,1,True,714.32,2.8,bad support experience
S-10546,Northeast,Monthly Essentials,42.0,True,True,295.87,10.8,moving/relocating
S-16444,Northeast,Monthly Essentials,58.2,False,No,$400.51,,
S-16309,West,Monthly Essentials,55.7,No,0,964.46,,
S-15103,South,Monthly Plus,64.8,False,False,USD 524.75,,
S-18335,West,Monthly Essentials,95.5,No,False,848.66,,
S-15990,South,Monthly Essentials,64.8,False,False,148.09,,
S-11091,West,Monthly Plus,57.1,1,No,"$1,164.84",7.1,
S-14532,West,Monthly Plus,41.3,No,False,$644.10,,
S-17383,West,Quarterly Bundle,78.3,0,0,USD 294.54,,
S-16356,Northeast,Monthly Plus,66.1,0,False,885.02,,
S-13772,West,Monthly Plus,55.0,0,False,USD 1321.07,,
S-13136,Midwest,Monthly Plus,89.6,True,True,944.04,8.0,shipping issues
S-12314,West,Monthly Essentials,98.4,Yes,Yes,286.81,10.7,paused indefinitely
S-17736,South,Monthly Essentials,81.9,False,0,$877.54,,
S-17346,South,Monthly Essentials,83.6,No,No,548.82,,
S-15635,Midwest,Quarterly Bundle,56.9,False,False,USD 2762.91,,
S-13774,South,Monthly Plus,40.6,No,False,USD 958.77,,
S-12956,West,Quarterly Bundle,78.0,Yes,Yes,"$2,780.64",8.3,moving/relocating
S-16907,South,Monthly Plus,84.1,False,False,1366.39,,
S-14656,Northeast,Quarterly Bundle,46.0,False,No,USD 2197.40,,
S-10827,West,Quarterly Bundle,35.1,Yes,0,939.46,3.2,
S-10959,Northeast,Monthly Plus,49.7,Yes,1,USD 384.83,6.0,bad support experience
S-10223,West,Monthly Plus,41.6,1,Yes,"$1,185.07",4.4,paused indefinitely
S-16154,Midwest,Quarterly Bundle,61.5,False,No,USD 288.37,,
S-14566,West,Quarterly Bundle,35.8,False,No,2312.33,,
S-18107,West,Quarterly Bundle,91.4,No,No,2158.89,,
S-14435,Northeast,Monthly Essentials,54.0,No,False,$943.81,,
S-17660,Northeast,Monthly Essentials,88.8,False,0,$209.81,,
S-11688,West,Quarterly Bundle,59.2,Yes,No,3495.44,2.3,
S-16027,West,Quarterly Bundle,72.1,False,No,USD 3309.55,,
S-11328,West,Quarterly Bundle,67.3,1,False,3111.58,3.9,
S-14434,South,Quarterly Bundle,45.9,No,Yes,1144.34,,shipping issues
S-15501,Northeast,Monthly Essentials,74.7,0,No,USD 691.96,,
S-15501,Northeast,Monthly Essentials,74.7,0,No,USD 691.96,,
S-16538,West,Monthly Essentials,68.7,No,False,$963.94,,
S-18060,South,Monthly Plus,95.8,0,False,$787.60,,
S-13207,Northeast,Monthly Plus,97.9,Yes,0,USD 598.58,12.7,
S-11928,Northeast,Monthly Essentials,70.9,Yes,1,123.05,0.7,too expensive
S-12774,South,Monthly Essentials,92.9,True,No,464.76,0.1,
S-14221,West,Monthly Plus,46.7,0,False,USD 565.68,,
S-16635,Northeast,Monthly Essentials,67.0,No,False,USD 966.77,,
S-11188,Northeast,Quarterly Bundle,57.2,Yes,1,1652.95,6.0,
S-16448,Midwest,Quarterly Bundle,67.8,0,False,USD 940.80,,
S-10018,Northeast,Monthly Plus,42.5,1,No,$775.53,7.6,
S-15375,Northeast,Quarterly Bundle,68.4,False,No,"$3,309.36",,
S-14274,West,Quarterly Bundle,46.1,False,No,USD 1118.77,,
S-15387,Midwest,Quarterly Bundle,65.2,False,No,2536.82,,
S-16804,Northeast,Monthly Essentials,88.2,No,No,79.44,,
S-16752,Midwest,Monthly Essentials,92.3,False,False,$37.09,,
S-16735,South,Monthly Essentials,88.4,0,False,655.85,,
S-11407,West,Monthly Essentials,59.1,True,0,USD 289.29,11.8,
S-16624,Northeast,Quarterly Bundle,70.4,No,No,USD 292.68,,
S-11081,Northeast,Monthly Plus,61.0,Yes,No,905.58,0.5,
S-16818,West,Quarterly Bundle,80.6,No,0,614.74,,
S-17864,West,Monthly Plus,90.5,No,0,418.24,,
S-12749,South,Quarterly Bundle,88.1,1,No,2853.63,4.2,
S-14035,Northeast,Quarterly Bundle,35.2,False,No,3658.46,,
S-13270,Midwest,Quarterly Bundle,42.8,False,No,2028.31,,
S-17722,Northeast,Monthly Essentials,94.6,0,False,$73.10,,
S-12182,Midwest,Monthly Plus,99.7,1,No,$345.20,2.1,
S-14038,Northeast,Monthly Essentials,35.6,False,No,$898.21,,
S-13420,West,Monthly Essentials,37.3,False,False,725.90,,
S-15583,Midwest,Monthly Plus,74.9,False,No,164.26,,
S-17589,Northeast,Monthly Essentials,85.5,False,False,USD 128.16,,
S-15960,Northeast,Monthly Plus,73.6,No,False,55.44,,
S-17038,Northeast,Monthly Essentials,79.7,No,False,814.90,,
S-11250,West,Monthly Plus,64.2,1,False,766.46,2.7,
S-15497,West,Quarterly Bundle,70.5,No,No,1638.87,,
S-11531,South,Monthly Plus,62.5,Yes,False,1260.92,11.4,
S-13002,West,Quarterly Bundle,85.7,True,No,2467.75,7.5,
S-17016,Midwest,Monthly Essentials,99.6,No,No,594.51,,
S-15804,Midwest,Monthly Plus,64.0,No,0,$565.05,,
S-12647,West,Monthly Plus,83.0,True,No,$935.42,2.7,
S-15352,Midwest,Monthly Plus,55.7,No,No,$776.26,,
S-14008,South,Monthly Essentials,39.7,0,True,$883.53,,bad support experience
S-10150,West,Quarterly Bundle,35.2,True,Yes,2335.97,7.4,poor quality
S-15052,Midwest,Quarterly Bundle,57.5,0,Yes,USD 925.90,,too expensive
S-15303,Midwest,Monthly Plus,68.6,False,0,$576.04,,
S-13918,West,Monthly Essentials,44.2,False,False,$639.62,,
S-10412,South,Monthly Plus,54.2,True,1,"$1,029.05",2.0,found alternative
S-18246,Midwest,Monthly Essentials,96.8,False,False,$368.59,,
S-10869,South,Monthly Plus,49.9,1,False,USD 528.91,5.9,
S-18218,Midwest,Monthly Plus,96.0,0,0,USD 356.39,,
S-11660,Midwest,Monthly Plus,59.5,Yes,False,USD 606.13,7.1,
S-17694,South,Monthly Plus,87.0,No,0,USD 175.02,,
S-12792,Midwest,Monthly Essentials,94.5,Yes,False,USD 332.70,13.0,
S-10653,Northeast,Monthly Plus,48.1,True,False,USD 1282.03,2.2,
S-11884,South,Monthly Essentials,60.9,True,0,$749.14,4.9,
S-11874,Northeast,Monthly Plus,58.6,True,False,"$1,271.99",9.8,
S-15006,South,Monthly Essentials,56.4,No,No,$755.52,,
S-10715,West,Quarterly Bundle,36.7,Yes,Yes,USD 2270.94,1.8,poor quality
S-12115,Midwest,Monthly Essentials,63.7,True,No,392.40,2.6,
S-16826,Northeast,Quarterly Bundle,93.0,False,0,"$2,481.41",,
S-15912,Northeast,Monthly Plus,72.9,False,0,$180.66,,
S-12805,Northeast,Monthly Plus,77.9,Yes,Yes,803.04,12.7,bad support experience
S-10736,West,Monthly Plus,36.5,Yes,1,383.52,6.4,shipping issues
S-11765,South,Monthly Essentials,70.2,Yes,No,520.83,9.1,
S-12996,Northeast,Monthly Plus,97.5,Yes,True,$437.53,12.7,found alternative
S-10002,South,Monthly Plus,53.2,Yes,False,"$1,017.14",13.1,
S-16274,Midwest,Quarterly Bundle,70.2,False,No,445.43,,
S-17306,West,Quarterly Bundle,89.6,False,False,"$1,752.63",,
S-11704,West,Monthly Plus,68.6,True,No,832.98,13.2,
S-14255,Midwest,Quarterly Bundle,47.1,False,No,$450.83,,
S-14476,West,Monthly Essentials,38.0,False,1,121.14,,poor quality
S-11838,West,Quarterly Bundle,57.2,True,No,3913.18,11.0,
S-11466,Northeast,Quarterly Bundle,67.8,Yes,False,USD 3258.17,2.1,
S-12953,West,Monthly Essentials,92.6,Yes,Yes,83.51,1.0,no longer needed
S-18259,Northeast,Monthly Plus,88.3,0,No,$120.55,,
S-17636,West,Monthly Plus,75.4,No,No,754.23,,
S-11477,South,Monthly Essentials,64.5,1,False,$73.14,2.3,
S-12361,Midwest,Quarterly Bundle,85.5,True,0,"$3,475.05",9.3,
S-12017,Midwest,Monthly Plus,71.3,Yes,Yes,USD 1292.82,0.9,moving/relocating
S-16237,Northeast,Monthly Essentials,66.5,False,No,$761.85,,
S-14964,West,Monthly Plus,71.4,False,0,715.89,,
S-12336,West,Monthly Plus,79.8,Yes,No,1227.40,8.3,
S-17020,Midwest,Monthly Essentials,96.8,No,No,$996.37,,
S-10077,Northeast,Quarterly Bundle,48.9,Yes,No,2187.79,11.5,
S-17353,South,Quarterly Bundle,77.0,No,0,679.08,,
S-11528,South,Monthly Essentials,56.4,Yes,Yes,395.68,1.1,moving/relocating
S-12603,West,Quarterly Bundle,82.0,Yes,No,"$3,375.27",7.8,
S-13959,West,Monthly Plus,38.5,False,True,USD 1421.91,,
S-12678,South,Monthly Essentials,98.6,1,False,199.62,6.6,
S-15628,Northeast,Monthly Plus,58.0,False,False,"$1,054.83",,
S-12703,West,Monthly Essentials,82.1,Yes,True,35.59,5.0,no longer needed
S-12275,South,Monthly Essentials,96.3,1,0,$150.47,5.8,
S-17161,Midwest,Monthly Plus,83.3,False,No,447.63,,
S-10259,South,Monthly Essentials,36.7,True,1,$825.55,9.7,paused indefinitely
S-17564,Northeast,Monthly Essentials,81.5,False,0,$827.22,,
S-12626,Midwest,Monthly Essentials,86.6,True,No,893.09,7.5,
S-10269,Northeast,Monthly Plus,45.5,Yes,1,"$1,173.18",4.7,shipping issues
S-10549,Midwest,Monthly Essentials,39.4,True,Yes,634.09,2.1,
S-18080,West,Monthly Essentials,77.3,False,True,608.82,,moving/relocating
S-16341,South,Monthly Plus,55.3,False,False,$281.70,,
S-11729,South,Monthly Plus,65.7,Yes,False,USD 961.11,10.6,
S-11802,Midwest,Monthly Essentials,58.0,True,0,84.48,1.4,
S-14755,Midwest,Quarterly Bundle,38.3,No,0,"$1,762.11",,
S-11004,West,Quarterly Bundle,51.9,True,1,853.72,13.5,paused indefinitely
S-13961,Northeast,Monthly Essentials,51.1,No,False,485.92,,
S-17986,West,Monthly Essentials,87.4,False,False,$733.04,,
S-15523,West,Quarterly Bundle,62.3,No,False,541.42,,
S-11295,Northeast,Monthly Plus,59.4,True,True,"$1,382.92",11.3,poor quality
S-18027,Midwest,Monthly Essentials,90.0,False,No,702.86,,
S-18085,Northeast,Monthly Plus,84.6,0,No,$54.47,,
S-11564,West,Monthly Plus,58.0,True,No,55.84,6.0,
S-11436,South,Quarterly Bundle,57.3,True,False,$424.07,11.0,
S-12363,South,Monthly Plus,97.3,Yes,False,$371.94,4.2,
S-12020,Northeast,Monthly Essentials,69.3,1,Yes,107.24,13.3,
S-18358,Northeast,Monthly Essentials,91.9,False,0,$852.51,,
S-10456,Midwest,Monthly Plus,44.8,Yes,1,"$1,349.79",1.3,
S-11527,South,Monthly Essentials,59.2,1,0,71.34,5.1,
S-16678,South,Quarterly Bundle,67.9,No,False,USD 2788.60,,
S-10738,West,Monthly Plus,47.0,1,Yes,"$1,453.39",7.6,too expensive
S-14037,Midwest,Monthly Plus,37.3,False,False,$698.96,,
S-14623,West,Monthly Essentials,51.5,False,True,$594.35,,no longer needed
S-14145,South,Monthly Essentials,38.2,No,False,105.52,,
S-16225,Midwest,Monthly Essentials,61.6,0,No,154.06,,
S-16611,West,Quarterly Bundle,55.9,0,0,1024.57,,
S-16611,West,Quarterly Bundle,55.9,0,0,1024.57,,
S-14842,West,Quarterly Bundle,54.3,0,No,USD 2955.31,,
S-14608,Midwest,Quarterly Bundle,40.1,0,0,2986.77,,
S-14811,Midwest,Quarterly Bundle,49.3,False,True,USD 1078.06,,found alternative
S-14596,Midwest,Monthly Plus,43.8,0,False,438.16,,
S-13887,West,Monthly Essentials,55.0,0,Yes,825.58,,poor quality
S-17328,Northeast,Quarterly Bundle,77.1,No,False,USD 1949.37,,
S-13113,West,Monthly Essentials,90.4,True,False,858.28,1.8,
S-10184,Northeast,Quarterly Bundle,36.4,Yes,True,USD 1993.90,3.7,shipping issues
S-17718,West,Quarterly Bundle,80.9,No,0,$727.78,,
S-12621,South,Monthly Essentials,89.8,1,False,$35.79,5.8,
S-17018,West,Quarterly Bundle,84.3,No,False,USD 2566.31,,
S-11668,South,Monthly Plus,58.8,True,False,1267.96,10.4,
S-15968,West,Quarterly Bundle,65.6,False,False,$319.39,,
S-14925,South,Monthly Plus,45.8,No,No,537.40,,
S-17859,Midwest,Monthly Essentials,76.9,False,False,USD 436.38,,
S-14606,South,Quarterly Bundle,48.8,False,False,USD 2626.52,,
S-10299,Midwest,Monthly Plus,35.1,Yes,True,1535.67,6.7,paused indefinitely
S-16823,Midwest,Quarterly Bundle,86.5,No,False,1991.31,,
S-17621,Northeast,Monthly Plus,92.9,No,False,$324.59,,
S-10678,South,Monthly Essentials,44.7,True,False,USD 385.05,7.5,
S-17256,West,Quarterly Bundle,91.1,False,False,619.86,,
S-13561,South,Quarterly Bundle,39.5,No,False,"$3,091.70",,
S-12483,Midwest,Monthly Essentials,90.8,True,True,41.52,13.1,moving/relocating
S-15008,Midwest,Quarterly Bundle,55.6,No,True,680.73,,no longer needed
S-15509,West,Monthly Plus,59.8,False,No,USD 1225.27,,
S-10923,West,Monthly Essentials,43.6,Yes,True,$432.08,12.4,moving/relocating
S-17991,Northeast,Quarterly Bundle,88.3,False,0,"$2,101.71",,
S-11374,Northeast,Monthly Essentials,61.6,1,False,121.70,7.2,
S-15603,South,Monthly Plus,62.1,No,False,"$1,470.53",,
S-15510,Northeast,Monthly Essentials,65.0,False,False,USD 158.75,,
S-17008,West,Monthly Plus,92.2,False,False,948.71,,
S-14541,South,Monthly Essentials,44.4,No,False,USD 161.08,,
S-11511,Midwest,Quarterly Bundle,61.0,Yes,False,2959.59,0.3,
S-11749,South,Monthly Plus,58.5,Yes,True,1202.25,13.7,shipping issues
S-10741,West,Monthly Plus,52.5,True,True,USD 1027.86,13.4,found alternative
S-17569,South,Monthly Plus,97.0,No,No,$381.98,,
S-11121,South,Quarterly Bundle,73.1,True,No,2858.05,9.6,
S-10511,Midwest,Monthly Plus,37.0,True,True,USD 977.55,1.7,poor quality
S-16828,Midwest,Monthly Plus,75.4,No,False,1241.65,,
S-13754,Midwest,Monthly Plus,43.0,No,No,$997.37,,
S-12352,West,Quarterly Bundle,91.6,True,False,$549.56,7.7,
S-15822,Northeast,Monthly Plus,71.3,No,No,934.72,,
S-14786,Northeast,Quarterly Bundle,40.6,False,No,USD 765.81,,
S-10044,South,Monthly Plus,53.1,True,1,$56.88,7.4,bad support experience
S-10949,South,Quarterly Bundle,51.9,Yes,False,3266.36,0.3,
S-12924,West,Quarterly Bundle,86.2,True,Yes,3264.46,11.9,paused indefinitely
S-16043,South,Monthly Essentials,70.0,0,False,759.60,,
S-18380,South,Monthly Plus,86.4,0,False,166.94,,
S-11836,South,Quarterly Bundle,60.4,True,Yes,"$2,783.62",9.1,found alternative
S-10562,South,Monthly Essentials,47.6,1,No,$213.54,6.5,
S-16512,Midwest,Monthly Essentials,72.7,False,No,681.24,,
S-15943,Midwest,Monthly Plus,70.0,0,No,459.81,,
S-13145,West,Monthly Essentials,77.8,True,1,$323.06,10.8,moving/relocating
S-12376,West,Quarterly Bundle,95.3,Yes,False,1212.76,3.6,
S-12469,South,Monthly Plus,82.5,True,Yes,$546.47,11.3,poor quality
S-13969,Midwest,Monthly Essentials,44.9,False,No,683.66,,
S-15495,Northeast,Monthly Plus,58.4,No,False,253.42,,
S-10106,Northeast,Monthly Essentials,41.6,True,True,253.91,7.0,too expensive
S-12600,West,Monthly Essentials,96.9,Yes,No,807.06,2.2,
S-12120,South,Quarterly Bundle,70.9,1,False,3213.90,4.8,
S-16909,Midwest,Quarterly Bundle,94.3,False,0,"$2,686.12",,
S-10353,West,Monthly Plus,38.4,1,1,"$1,295.56",5.1,found alternative
S-17476,South,Quarterly Bundle,94.6,False,No,2048.66,,
S-17476,South,Quarterly Bundle,94.6,False,No,2048.66,,
S-10345,South,Monthly Essentials,46.7,True,Yes,$811.80,11.5,moving/relocating
S-12234,Midwest,Quarterly Bundle,84.4,Yes,No,1562.73,4.3,
S-15812,Midwest,Quarterly Bundle,69.4,No,No,USD 2292.78,,
S-12791,Midwest,Monthly Essentials,81.7,1,No,246.36,7.3,
S-13128,Northeast,Monthly Essentials,87.3,Yes,No,311.95,2.5,
S-13040,Northeast,Quarterly Bundle,93.1,Yes,False,2152.12,3.1,
S-17240,West,Monthly Essentials,79.0,No,No,739.63,,
S-14928,West,Monthly Plus,37.2,False,0,233.75,,
S-11220,West,Monthly Essentials,64.0,Yes,False,USD 210.03,1.4,
S-10940,South,Monthly Plus,40.0,1,1,USD 1062.47,5.9,
S-10940,South,Monthly Plus,40.0,1,1,USD 1062.47,5.9,
S-13587,South,Monthly Plus,36.4,False,False,USD 516.49,,
S-10984,South,Quarterly Bundle,47.1,Yes,0,3328.65,5.9,
S-14745,West,Monthly Essentials,36.7,False,No,$805.67,,
S-14631,Midwest,Monthly Essentials,52.3,False,No,208.87,,
S-16704,Midwest,Monthly Plus,83.8,0,No,594.24,,
S-12863,West,Quarterly Bundle,92.0,True,False,1284.89,8.6,
S-16157,West,Monthly Plus,65.2,No,False,USD 162.37,,
S-11447,Midwest,Monthly Plus,55.7,1,Yes,$217.97,5.0,found alternative
S-10503,Northeast,Monthly Essentials,49.7,Yes,1,568.86,12.3,found alternative
S-17241,Midwest,Monthly Essentials,85.7,0,False,255.61,,
S-16838,West,Monthly Essentials,75.2,No,No,972.18,,
S-18210,South,Monthly Plus,92.3,False,No,314.76,,
S-10540,Midwest,Monthly Plus,51.5,True,True,$236.59,1.3,found alternative
S-11103,West,Monthly Essentials,69.7,Yes,False,896.36,10.1,
S-14084,Northeast,Quarterly Bundle,44.1,No,0,1289.21,,
S-12869,Midwest,Monthly Essentials,80.4,1,No,$263.70,7.1,
S-13355,South,Monthly Plus,47.4,False,No,1204.50,,
S-16414,South,Quarterly Bundle,56.3,0,False,"$3,144.80",,
S-14499,West,Monthly Plus,46.0,0,False,61.56,,
S-16633,Midwest,Quarterly Bundle,74.5,False,False,"$2,441.73",,
S-10168,West,Quarterly Bundle,40.1,Yes,False,2617.35,8.7,
S-17086,West,Quarterly Bundle,80.6,No,False,698.81,,
S-18023,West,Quarterly Bundle,86.0,False,0,$453.85,,
S-13384,Northeast,Quarterly Bundle,42.2,No,Yes,997.30,,bad support experience
S-16470,Northeast,Monthly Essentials,68.9,No,0,$341.10,,
S-12071,West,Monthly Essentials,66.0,True,Yes,724.99,2.1,found alternative
S-13808,West,Monthly Essentials,52.0,0,No,581.41,,
S-13966,South,Quarterly Bundle,43.7,False,0,3149.60,,
S-14423,Midwest,Quarterly Bundle,49.8,False,No,"$2,360.42",,
S-12357,Midwest,Quarterly Bundle,81.4,1,True,"$2,897.54",6.9,moving/relocating
S-14507,West,Quarterly Bundle,49.9,No,True,"$2,363.53",,
S-12391,Midwest,Quarterly Bundle,78.2,1,False,3016.75,0.7,
S-14945,South,Monthly Plus,47.0,False,0,USD 600.72,,
S-15606,Midwest,Monthly Essentials,64.0,False,No,732.49,,
S-13851,South,Monthly Essentials,40.7,False,True,$860.68,,too expensive
S-15504,Midwest,Quarterly Bundle,67.1,No,No,"$1,372.13",,
S-14141,Northeast,Monthly Essentials,47.1,False,False,USD 813.26,,
S-14109,West,Quarterly Bundle,38.5,No,No,"$3,672.36",,
S-14109,West,Quarterly Bundle,38.5,No,No,"$3,672.36",,
S-14004,West,Monthly Essentials,50.4,False,0,$509.21,,
S-10754,South,Monthly Plus,54.8,True,Yes,"$1,290.86",12.2,poor quality
S-13823,West,Monthly Essentials,47.0,False,No,590.33,,
S-14662,Midwest,Monthly Essentials,42.7,False,False,USD 386.88,,
S-18122,West,Quarterly Bundle,98.0,False,No,3020.66,,
S-14343,Northeast,Quarterly Bundle,37.4,0,0,"$2,219.65",,
S-11578,Midwest,Monthly Plus,56.0,Yes,True,524.42,12.8,bad support experience
S-14396,Midwest,Quarterly Bundle,46.9,No,False,"$1,414.68",,
S-12270,Northeast,Monthly Essentials,80.1,Yes,No,USD 932.04,7.6,
S-17288,South,Monthly Plus,84.8,False,0,$574.70,,
S-15334,South,Quarterly Bundle,67.2,False,No,"$1,637.86",,
S-18053,Northeast,Quarterly Bundle,92.1,False,No,2010.72,,
S-15601,South,Monthly Essentials,59.1,False,No,810.54,,
S-14150,South,Quarterly Bundle,35.8,No,No,1345.76,,
S-13311,Midwest,Monthly Essentials,44.4,False,0,229.34,,
S-10947,West,Monthly Plus,46.5,1,1,USD 61.57,4.0,moving/relocating
S-11182,West,Monthly Plus,64.8,Yes,Yes,$797.02,1.7,too expensive
S-17274,Midwest,Monthly Essentials,82.4,No,False,343.39,,
S-13888,Midwest,Monthly Plus,52.9,No,True,"$1,336.37",,no longer needed
S-16238,Northeast,Quarterly Bundle,74.6,No,False,3143.76,,
S-11366,Midwest,Quarterly Bundle,74.9,True,Yes,USD 2162.94,11.8,found alternative
S-18344,Midwest,Monthly Plus,75.5,No,False,$881.09,,
S-16733,Midwest,Monthly Plus,81.8,No,False,257.94,,
S-12084,Northeast,Monthly Essentials,64.8,Yes,0,683.27,10.8,
S-15875,Midwest,Quarterly Bundle,74.7,False,No,USD 1850.22,,
S-10416,West,Monthly Plus,38.8,True,True,"$1,084.88",11.9,poor quality
S-11588,West,Monthly Essentials,66.9,True,0,$533.26,9.0,
S-17454,Midwest,Monthly Plus,96.8,No,No,"$1,128.29",,
S-15846,West,Monthly Plus,73.7,False,0,977.48,,
S-15180,Midwest,Monthly Plus,62.6,False,0,542.89,,
S-17124,Midwest,Monthly Plus,77.8,0,0,759.01,,
S-17003,West,Monthly Plus,92.5,False,No,USD 639.95,,
S-16010,Midwest,Monthly Essentials,62.9,0,False,71.95,,
S-17999,West,Monthly Plus,75.4,0,No,993.01,,
S-10964,Midwest,Monthly Essentials,43.1,Yes,Yes,$413.64,1.6,
S-11215,South,Quarterly Bundle,72.6,True,True,"$1,117.80",7.2,
S-16774,West,Monthly Essentials,80.1,False,No,849.51,,
S-17646,Northeast,Monthly Essentials,89.3,False,False,831.71,,
S-16418,West,Monthly Plus,63.9,No,False,866.18,,
S-17741,West,Monthly Plus,99.8,0,False,749.44,,
S-14154,South,Quarterly Bundle,45.2,False,False,"$2,454.95",,
S-10174,South,Monthly Essentials,44.8,1,False,768.37,3.4,
S-16173,West,Monthly Plus,61.4,False,No,"$1,073.87",,
S-17326,Midwest,Monthly Essentials,91.2,No,False,358.42,,
S-15580,Northeast,Monthly Plus,59.4,False,0,USD 692.69,,
S-11605,Midwest,Quarterly Bundle,56.0,Yes,False,2765.99,0.8,
S-14591,Northeast,Monthly Plus,37.0,0,0,1343.90,,
S-16480,South,Monthly Essentials,59.8,No,False,158.55,,
S-11687,Northeast,Monthly Plus,74.8,Yes,No,$188.38,6.2,
S-12781,West,Monthly Essentials,77.4,1,No,336.70,2.4,
S-13798,West,Monthly Essentials,52.1,No,0,507.78,,
S-17788,South,Monthly Plus,80.0,No,False,$125.55,,
S-16453,West,Monthly Essentials,63.0,No,False,USD 484.69,,
S-11375,West,Monthly Plus,68.5,Yes,No,USD 399.41,5.0,
S-14443,Midwest,Monthly Essentials,45.0,No,1,USD 283.59,,poor quality
S-12040,Northeast,Monthly Plus,57.4,Yes,0,1053.40,6.5,
S-11470,South,Quarterly Bundle,73.2,Yes,No,$919.04,3.6,
S-16203,Northeast,Monthly Essentials,68.1,False,No,948.00,,
S-17662,West,Monthly Essentials,79.0,False,False,$298.71,,
S-17980,Northeast,Quarterly Bundle,99.0,No,No,$632.48,,
S-17962,Northeast,Monthly Essentials,87.9,0,No,824.24,,
S-13405,South,Monthly Essentials,54.8,0,False,35.23,,
S-16886,West,Quarterly Bundle,88.3,False,No,3738.83,,
S-14904,West,Monthly Essentials,41.7,0,Yes,USD 286.29,,no longer needed
S-12455,South,Quarterly Bundle,78.9,1,No,"$3,378.57",3.9,
S-15567,Midwest,Quarterly Bundle,58.8,False,No,3290.47,,
S-12064,Midwest,Monthly Essentials,63.5,True,Yes,$74.20,3.5,paused indefinitely
S-17021,South,Quarterly Bundle,86.5,No,No,162.83,,
S-12062,Midwest,Quarterly Bundle,68.8,True,No,USD 3882.41,9.9,
S-10729,West,Quarterly Bundle,39.3,True,No,3730.10,2.1,
S-11936,South,Monthly Plus,74.0,True,0,USD 1329.57,9.5,
S-16326,South,Quarterly Bundle,65.2,0,False,409.03,,
S-10406,Northeast,Quarterly Bundle,46.8,True,False,$694.41,5.5,
S-12409,South,Monthly Essentials,85.0,True,False,USD 783.04,3.4,
S-14641,Northeast,Monthly Plus,51.6,False,No,USD 214.86,,
S-14533,Midwest,Monthly Essentials,42.7,False,False,791.68,,
S-15311,South,Monthly Essentials,55.3,No,False,$707.54,,
S-15422,South,Monthly Plus,55.9,False,0,1384.94,,
S-11176,Northeast,Monthly Plus,63.2,Yes,False,"$1,208.51",3.0,
S-10800,West,Quarterly Bundle,53.9,True,No,1405.83,1.0,
S-16607,Midwest,Quarterly Bundle,55.7,0,No,3089.99,,
S-14226,South,Quarterly Bundle,53.0,No,Yes,2886.29,,shipping issues
S-18157,South,Quarterly Bundle,84.6,No,0,"$1,137.00",,
S-15281,South,Monthly Essentials,72.0,False,False,$169.06,,
S-11909,South,Monthly Plus,60.9,True,No,870.75,0.6,
S-17618,West,Monthly Plus,91.1,0,No,485.97,,
S-18093,South,Monthly Plus,75.2,False,Yes,"$1,287.24",,moving/relocating
S-12503,Midwest,Monthly Plus,83.4,True,No,$926.21,4.7,
S-11262,South,Monthly Plus,60.9,Yes,No,281.44,13.5,
S-13196,South,Monthly Essentials,84.3,True,No,USD 596.75,3.4,
S-14382,South,Monthly Plus,46.7,No,True,1378.30,,bad support experience
S-11469,Northeast,Monthly Plus,72.4,1,False,USD 454.49,9.4,
S-13171,West,Monthly Essentials,80.9,True,0,USD 329.65,3.7,
S-15518,Midwest,Quarterly Bundle,58.5,No,False,1212.68,,
S-14509,West,Monthly Plus,37.6,0,False,584.85,,
S-16415,Northeast,Monthly Plus,60.1,False,0,572.13,,
S-11599,West,Quarterly Bundle,66.4,True,No,$920.91,5.7,
S-13617,South,Monthly Plus,46.8,False,No,"$1,402.79",,
S-14649,Midwest,Quarterly Bundle,41.2,No,False,451.30,,
S-10838,West,Monthly Essentials,53.8,1,No,$250.42,10.5,
S-14801,South,Quarterly Bundle,35.7,No,False,"$1,213.58",,
S-14295,Northeast,Quarterly Bundle,52.3,False,True,1459.74,,no longer needed
S-13515,West,Monthly Essentials,37.0,False,No,$444.51,,
S-15474,Midwest,Monthly Plus,69.8,0,False,1425.55,,
S-11019,Midwest,Quarterly Bundle,48.3,True,1,"$3,186.58",9.6,moving/relocating
S-14209,Northeast,Monthly Plus,51.7,No,No,USD 127.41,,
S-11267,South,Monthly Essentials,55.5,1,False,USD 282.74,13.4,
S-11026,South,Monthly Essentials,39.4,True,True,140.95,11.2,moving/relocating
S-16331,Midwest,Monthly Plus,59.3,False,False,881.76,,
S-14751,South,Monthly Essentials,36.2,False,True,$741.41,,no longer needed
S-10690,Northeast,Quarterly Bundle,54.5,True,Yes,2670.20,13.6,no longer needed
S-15401,South,Monthly Essentials,55.4,False,False,180.66,,
S-11480,South,Monthly Essentials,69.8,True,True,$512.60,2.4,no longer needed
S-12353,Midwest,Monthly Plus,82.3,1,0,435.72,3.4,
S-18241,West,Monthly Essentials,80.0,False,False,398.36,,
S-18064,West,Quarterly Bundle,88.2,False,No,USD 819.32,,
S-10333,South,Quarterly Bundle,35.3,Yes,True,2288.22,1.0,too expensive
S-16545,Midwest,Monthly Plus,63.9,False,No,USD 582.21,,
S-16798,West,Monthly Plus,89.2,False,No,$453.23,,
S-17463,South,Quarterly Bundle,76.4,No,True,3902.91,,moving/relocating
S-10500,South,Monthly Essentials,53.2,True,Yes,$457.04,0.7,too expensive
S-17113,West,Quarterly Bundle,90.0,False,False,3644.63,,
S-12515,Northeast,Monthly Essentials,96.8,Yes,No,$169.11,7.0,
S-13700,West,Quarterly Bundle,48.4,No,True,3741.73,,no longer needed
S-16646,West,Monthly Essentials,58.7,False,True,$460.80,,found alternative
S-11393,South,Monthly Plus,59.7,True,Yes,"$1,344.81",3.2,
S-13412,West,Monthly Essentials,43.9,No,No,$289.98,,
S-10384,Midwest,Quarterly Bundle,41.2,True,True,$851.49,2.5,found alternative
S-12285,South,Monthly Essentials,77.2,True,0,75.84,3.0,
S-11988,West,Monthly Plus,61.8,True,No,$189.51,4.8,
S-15856,West,Monthly Plus,69.3,False,False,364.46,,
S-16143,South,Monthly Plus,59.9,False,Yes,$987.42,,too expensive
S-11432,Northeast,Quarterly Bundle,63.4,True,False,3363.91,12.5,
S-12274,Northeast,Quarterly Bundle,94.3,True,False,"$3,151.36",5.3,
S-12718,South,Monthly Essentials,81.2,Yes,False,574.59,1.7,
S-12674,West,Monthly Essentials,96.0,Yes,False,$291.83,5.7,
S-16212,Midwest,Monthly Essentials,58.1,False,0,$655.20,,
S-10057,West,Quarterly Bundle,35.3,True,Yes,"$2,963.92",8.9,no longer needed
S-13598,West,Monthly Essentials,35.6,False,0,$984.58,,
S-18175,South,Quarterly Bundle,81.9,False,No,USD 2825.50,,
S-17230,West,Monthly Essentials,79.0,False,No,USD 257.99,,
S-18148,Midwest,Quarterly Bundle,99.0,No,False,987.95,,
S-15757,Midwest,Monthly Essentials,66.6,No,0,83.42,,
S-13505,South,Quarterly Bundle,36.3,False,0,USD 1839.63,,
S-13505,South,Quarterly Bundle,36.3,False,0,USD 1839.63,,
S-10513,Northeast,Quarterly Bundle,53.2,1,Yes,2901.39,10.7,no longer needed
S-13459,West,Monthly Essentials,39.5,0,No,332.02,,
S-13430,Northeast,Monthly Plus,35.8,False,False,1175.37,,
S-17263,Midwest,Monthly Essentials,85.6,False,No,432.14,,
S-13746,Northeast,Monthly Essentials,45.2,0,No,USD 646.91,,
S-16058,South,Monthly Plus,65.2,False,False,$324.65,,
S-18004,South,Monthly Plus,90.6,0,No,USD 1295.75,,
S-12884,Northeast,Monthly Essentials,93.4,True,No,818.55,0.3,
S-10730,Midwest,Monthly Essentials,35.2,Yes,1,559.82,6.7,shipping issues
S-11457,South,Monthly Essentials,60.3,Yes,0,505.54,13.7,
S-17852,South,Monthly Plus,95.8,False,False,"$1,342.00",,
S-10350,West,Monthly Essentials,51.1,Yes,0,709.52,5.9,
S-10123,South,Monthly Essentials,40.7,Yes,1,777.94,10.5,shipping issues
S-12464,Midwest,Quarterly Bundle,78.9,Yes,No,945.70,4.3,
S-10047,Midwest,Monthly Plus,39.8,True,Yes,1249.90,12.2,paused indefinitely
S-12965,Northeast,Monthly Plus,92.9,Yes,No,1199.22,4.9,
S-15114,South,Monthly Essentials,72.5,No,False,253.78,,
S-15081,Northeast,Quarterly Bundle,55.5,No,False,USD 1132.63,,
S-12734,West,Monthly Plus,84.8,Yes,No,1246.87,12.9,
S-12472,West,Monthly Plus,86.7,True,0,USD 830.03,9.2,
S-18176,Northeast,Quarterly Bundle,75.3,No,False,"$2,140.99",,
S-16046,Midwest,Monthly Plus,69.3,0,No,120.43,,
S-10124,West,Monthly Essentials,41.5,1,1,$124.44,2.5,moving/relocating
S-14163,South,Monthly Plus,48.7,No,0,605.35,,
S-12566,South,Monthly Essentials,85.3,True,Yes,USD 454.87,3.4,paused indefinitely
S-13565,Midwest,Quarterly Bundle,38.3,0,No,3227.13,,
S-10976,West,Quarterly Bundle,45.0,Yes,Yes,"$3,212.70",7.0,shipping issues
S-10660,South,Monthly Essentials,47.0,1,Yes,531.53,3.7,moving/relocating
S-16913,Midwest,Monthly Essentials,91.6,No,No,105.71,,
S-12523,Northeast,Quarterly Bundle,89.2,True,False,$420.42,4.8,
S-14517,Northeast,Monthly Essentials,45.6,No,No,$392.28,,
S-10962,Northeast,Quarterly Bundle,43.9,Yes,1,2686.23,13.3,moving/relocating
S-17612,West,Monthly Essentials,90.0,No,False,$613.64,,
S-14126,Midwest,Quarterly Bundle,48.8,0,No,USD 3000.02,,
S-16370,Northeast,Monthly Essentials,69.4,False,No,535.85,,
S-16872,Midwest,Monthly Plus,77.6,False,0,USD 1207.52,,
S-12705,South,Quarterly Bundle,82.4,1,False,3923.71,5.3,
S-17983,West,Monthly Plus,85.2,No,No,722.79,,
S-11379,Midwest,Monthly Essentials,59.1,Yes,No,$228.72,5.9,
S-14506,South,Monthly Plus,39.0,False,No,857.15,,
S-14271,Northeast,Monthly Essentials,37.6,0,No,$285.23,,
S-12755,South,Quarterly Bundle,80.5,True,False,445.87,5.8,
S-11204,Midwest,Quarterly Bundle,70.8,Yes,1,2042.92,8.1,no longer needed
S-15025,Northeast,Monthly Plus,63.5,No,No,765.96,,
S-12598,South,Quarterly Bundle,94.4,True,Yes,"$3,594.83",2.0,bad support experience
S-16369,South,Quarterly Bundle,71.0,No,0,"$1,206.47",,
S-12424,West,Monthly Essentials,77.8,True,False,$855.42,1.8,
S-14142,South,Monthly Plus,37.1,No,No,1109.27,,
S-14838,Midwest,Monthly Plus,46.9,False,No,691.99,,
S-14840,Northeast,Monthly Essentials,49.0,False,0,$398.65,,
S-10392,South,Quarterly Bundle,54.6,True,0,"$1,636.86",9.4,
S-10392,South,Quarterly Bundle,54.6,True,0,"$1,636.86",9.4,
S-16665,Northeast,Quarterly Bundle,66.6,No,No,1914.26,,
S-14354,Northeast,Monthly Plus,52.2,No,0,860.81,,
S-17285,Midwest,Monthly Essentials,87.0,False,False,USD 634.71,,
S-10525,West,Quarterly Bundle,47.0,Yes,False,1739.13,8.4,
S-16505,Northeast,Monthly Essentials,72.7,False,No,840.78,,
S-10316,West,Quarterly Bundle,47.4,Yes,1,2009.22,1.6,too expensive
S-17761,West,Monthly Essentials,85.7,No,No,562.90,,
S-16073,South,Quarterly Bundle,65.2,No,No,"$1,809.86",,
S-13370,Northeast,Monthly Plus,35.9,False,Yes,1299.36,,no longer needed
S-18021,West,Quarterly Bundle,99.0,0,False,3078.58,,
S-11869,Northeast,Monthly Essentials,56.5,1,False,282.21,10.1,
S-14013,South,Monthly Essentials,42.5,False,False,75.07,,
S-10996,South,Monthly Essentials,48.5,Yes,True,774.44,5.1,too expensive
S-10700,Midwest,Monthly Essentials,50.0,Yes,Yes,$898.06,8.4,paused indefinitely
S-14620,South,Quarterly Bundle,41.2,No,False,966.32,,
S-11487,South,Monthly Plus,72.5,1,No,$877.23,7.1,
S-12403,Midwest,Monthly Plus,87.3,True,1,$696.54,4.9,poor quality
S-10085,West,Monthly Plus,43.4,Yes,True,570.77,1.2,poor quality
S-11696,Midwest,Monthly Plus,63.2,Yes,0,USD 60.96,6.0,
S-13435,West,Quarterly Bundle,44.3,False,No,1007.79,,
S-10403,South,Monthly Plus,38.4,Yes,Yes,287.81,2.4,
S-12282,South,Monthly Plus,79.1,True,0,"$1,089.88",2.1,
S-17378,South,Monthly Essentials,98.9,False,No,682.24,,
S-13791,Midwest,Monthly Plus,48.2,0,No,USD 53.12,,
S-15332,Northeast,Monthly Plus,64.6,False,False,USD 294.76,,
S-12895,West,Monthly Plus,76.6,True,False,USD 1346.14,13.2,
S-18068,Midwest,Monthly Plus,85.4,No,False,USD 55.74,,
S-12506,Northeast,Quarterly Bundle,91.4,Yes,No,"$2,463.31",0.3,
S-14301,Northeast,Quarterly Bundle,54.3,False,0,"$2,883.40",,
S-11101,Northeast,Monthly Essentials,64.1,True,True,638.92,9.9,too expensive
S-17146,South,Monthly Essentials,81.1,False,False,$438.47,,
S-14181,South,Monthly Essentials,53.2,False,No,$38.49,,
S-12329,South,Quarterly Bundle,96.6,True,False,USD 2183.27,0.1,
S-14133,Midwest,Quarterly Bundle,39.1,False,False,2669.04,,
S-16810,South,Monthly Plus,95.2,False,No,815.53,,
S-18367,West,Monthly Plus,76.8,False,No,704.71,,
S-10472,South,Monthly Essentials,46.0,True,1,291.31,8.3,shipping issues
S-13743,South,Monthly Essentials,36.7,False,0,$883.76,,
S-10459,Midwest,Monthly Essentials,43.4,1,Yes,581.18,1.2,no longer needed
S-10737,West,Monthly Essentials,40.1,True,True,731.95,8.8,
S-15037,Northeast,Quarterly Bundle,64.8,No,False,892.35,,
S-16038,South,Quarterly Bundle,74.6,No,False,3084.73,,
S-17520,Midwest,Monthly Plus,85.4,No,No,USD 606.13,,
S-13957,Midwest,Monthly Essentials,48.3,0,0,$450.08,,
S-12031,West,Monthly Plus,69.3,Yes,1,1136.07,4.3,shipping issues
S-17693,Northeast,Quarterly Bundle,88.5,0,No,1218.55,,
S-16765,Northeast,Quarterly Bundle,95.7,No,False,USD 1429.51,,
S-14336,Northeast,Monthly Essentials,36.4,False,True,USD 873.97,,poor quality
S-14197,Midwest,Monthly Essentials,46.2,False,0,$465.07,,
S-17437,South,Monthly Essentials,93.5,No,False,162.47,,
S-17545,South,Quarterly Bundle,85.2,False,0,"$2,996.58",,
S-16063,South,Quarterly Bundle,59.5,No,No,2464.67,,
S-14211,South,Quarterly Bundle,44.3,0,No,1688.56,,
S-14598,West,Quarterly Bundle,46.2,0,No,USD 1599.64,,
S-14980,Northeast,Monthly Plus,68.8,False,0,609.77,,
S-12951,South,Monthly Plus,96.1,Yes,No,$507.67,7.4,
S-14281,South,Monthly Essentials,41.7,No,True,USD 666.11,,poor quality
S-13491,West,Monthly Essentials,44.1,No,True,383.50,,too expensive
S-15093,Midwest,Monthly Essentials,73.2,No,No,$855.21,,
S-11363,Midwest,Quarterly Bundle,62.5,1,False,"$1,490.32",6.1,
S-15659,South,Quarterly Bundle,70.7,False,0,2399.55,,
S-12507,Midwest,Monthly Plus,85.7,Yes,0,USD 1444.10,6.0,
S-10711,Northeast,Quarterly Bundle,54.1,Yes,Yes,1505.52,11.9,too expensive
S-10711,Northeast,Quarterly Bundle,54.1,Yes,Yes,1505.52,11.9,too expensive
S-13011,Northeast,Monthly Plus,76.1,True,False,59.92,6.2,
S-17320,West,Monthly Plus,83.0,No,False,258.96,,
S-12189,South,Monthly Plus,88.5,True,False,1031.51,2.3,
S-13205,Midwest,Monthly Plus,95.0,True,No,55.39,6.0,
S-11356,South,Monthly Essentials,74.0,Yes,No,$76.09,13.2,
S-13439,West,Monthly Essentials,43.2,No,False,$122.23,,
S-12896,Midwest,Monthly Plus,89.2,True,0,598.54,3.8,
S-10610,West,Monthly Plus,46.8,Yes,True,USD 677.98,12.9,poor quality
S-15258,West,Monthly Essentials,68.8,No,0,458.48,,
S-18247,West,Monthly Plus,98.2,0,No,309.52,,
S-12496,South,Monthly Essentials,98.9,Yes,False,672.90,6.5,
S-18340,South,Monthly Plus,84.1,False,False,USD 634.89,,
S-17484,Northeast,Monthly Plus,85.9,False,0,"$1,352.74",,
S-13901,Northeast,Monthly Essentials,45.5,0,0,736.11,,
S-13276,South,Quarterly Bundle,48.7,False,False,"$1,370.27",,
S-17186,South,Monthly Plus,94.4,False,False,778.30,,
S-10725,Midwest,Quarterly Bundle,45.6,True,0,$472.25,1.3,
S-15941,South,Monthly Essentials,69.3,False,False,117.92,,
S-18289,West,Monthly Essentials,82.4,False,No,$39.03,,
S-14002,West,Quarterly Bundle,51.6,No,1,3436.22,,poor quality
S-10310,South,Quarterly Bundle,50.8,Yes,True,$489.58,8.5,shipping issues
S-10663,Northeast,Quarterly Bundle,41.5,Yes,No,USD 3251.60,9.5,
S-18125,West,Quarterly Bundle,93.9,0,False,1520.35,,
S-18310,Midwest,Monthly Plus,76.4,No,False,1294.84,,
S-14117,Northeast,Quarterly Bundle,52.1,No,False,1174.64,,
S-13776,South,Monthly Plus,37.6,False,No,700.83,,
S-16915,Midwest,Monthly Essentials,94.9,False,No,$116.58,,
S-13750,South,Quarterly Bundle,35.3,No,1,"$2,265.94",,no longer needed
S-13933,South,Monthly Plus,43.0,False,0,434.39,,
S-11985,Midwest,Monthly Plus,62.4,True,False,165.93,8.7,
S-17302,South,Monthly Essentials,92.8,False,0,82.97,,
S-17302,South,Monthly Essentials,92.8,False,0,82.97,,
S-13647,Midwest,Quarterly Bundle,44.4,No,True,960.70,,
S-16510,South,Quarterly Bundle,72.6,0,0,"$2,400.34",,
S-10718,Northeast,Monthly Plus,50.3,True,Yes,56.25,4.2,found alternative
S-15730,South,Monthly Essentials,70.9,0,No,575.20,,
S-10449,West,Quarterly Bundle,39.0,True,False,"$2,829.71",1.1,
S-10861,South,Monthly Plus,49.6,Yes,Yes,USD 1010.05,2.8,moving/relocating
S-14266,South,Monthly Essentials,50.5,No,No,168.09,,
S-14247,Midwest,Monthly Essentials,49.5,No,False,$479.55,,
S-14640,South,Quarterly Bundle,47.9,False,0,"$2,196.17",,
S-10167,West,Quarterly Bundle,46.9,True,True,USD 2158.18,13.0,no longer needed
S-17496,Midwest,Monthly Plus,88.9,No,No,USD 910.76,,
S-15600,Midwest,Monthly Plus,64.3,False,No,"$1,300.50",,
S-10304,Midwest,Monthly Plus,51.0,1,True,$715.81,3.6,
S-10743,Midwest,Monthly Plus,51.7,1,Yes,1175.67,6.7,no longer needed
S-14081,Midwest,Monthly Essentials,35.1,No,0,254.18,,
S-10015,South,Quarterly Bundle,37.1,True,No,614.35,5.5,
S-15774,South,Monthly Plus,69.7,No,False,248.02,,
S-12819,South,Monthly Plus,96.5,1,Yes,312.36,4.8,no longer needed
S-14119,Northeast,Quarterly Bundle,53.3,No,0,1974.58,,
S-17651,Northeast,Quarterly Bundle,76.1,0,No,2687.47,,
S-14338,Midwest,Monthly Plus,36.7,0,No,$901.08,,
S-14668,South,Quarterly Bundle,41.3,No,No,USD 2624.31,,
S-14638,South,Monthly Plus,35.4,0,False,USD 1245.48,,
S-17010,Northeast,Monthly Essentials,95.4,No,False,$182.82,,
S-15488,West,Quarterly Bundle,64.3,0,No,"$3,141.17",,
S-12431,West,Monthly Plus,76.7,Yes,No,683.78,11.1,
S-11600,Northeast,Quarterly Bundle,71.6,True,Yes,USD 485.46,6.3,
S-14508,Midwest,Monthly Essentials,48.7,0,0,82.70,,
S-10771,West,Monthly Essentials,39.2,Yes,True,$959.01,13.9,moving/relocating
S-14501,South,Quarterly Bundle,51.6,No,False,USD 1811.12,,
S-15205,Northeast,Monthly Essentials,59.2,0,False,823.04,,
S-17850,Northeast,Monthly Plus,88.8,No,False,USD 892.98,,
S-16749,Midwest,Monthly Plus,91.4,0,No,USD 1146.78,,
S-15186,West,Quarterly Bundle,68.9,No,0,$610.78,,
S-18213,Midwest,Monthly Essentials,99.9,False,0,865.43,,
S-17556,West,Monthly Plus,86.1,False,No,1271.68,,
S-14473,West,Monthly Essentials,40.2,No,0,548.52,,
S-17557,Northeast,Quarterly Bundle,76.9,False,False,3440.34,,
S-14531,Northeast,Quarterly Bundle,37.7,0,No,"$2,300.47",,
S-15593,South,Quarterly Bundle,62.4,0,False,1392.89,,
S-13625,South,Quarterly Bundle,41.6,False,False,3627.44,,
S-14926,West,Quarterly Bundle,54.7,0,0,"$1,744.47",,
S-10553,West,Quarterly Bundle,54.3,True,Yes,USD 2170.08,12.8,no longer needed
S-18373,West,Monthly Plus,81.6,No,False,$498.47,,
S-14257,South,Monthly Plus,37.4,0,Yes,$892.89,,too expensive
S-14581,Northeast,Monthly Essentials,41.8,0,False,USD 526.28,,
S-16211,Northeast,Quarterly Bundle,70.3,False,No,"$1,153.02",,
S-10251,Midwest,Quarterly Bundle,45.9,True,True,USD 3334.81,1.8,moving/relocating
S-16391,Northeast,Monthly Essentials,55.9,False,No,38.29,,
S-17975,South,Monthly Essentials,92.1,False,False,USD 337.21,,
S-13827,Midwest,Monthly Plus,52.4,No,No,742.46,,
S-16224,Northeast,Monthly Plus,72.5,No,0,555.03,,
S-13689,Northeast,Monthly Essentials,44.5,False,False,106.37,,
S-10508,West,Quarterly Bundle,53.6,True,No,1120.01,12.7,
S-14408,Midwest,Monthly Essentials,52.7,0,Yes,USD 306.61,,moving/relocating
S-13876,West,Monthly Plus,41.0,No,0,USD 543.70,,
S-13043,Northeast,Monthly Plus,76.5,True,False,190.14,8.7,
S-10680,Midwest,Quarterly Bundle,51.4,True,Yes,"$2,097.75",5.5,moving/relocating
S-17984,Midwest,Quarterly Bundle,90.3,0,No,USD 2230.28,,
S-10735,South,Monthly Essentials,54.2,1,Yes,880.97,0.5,too expensive
S-12072,Midwest,Quarterly Bundle,65.4,True,Yes,"$3,193.69",6.7,moving/relocating
S-14384,Midwest,Quarterly Bundle,41.8,0,0,3296.79,,
S-13519,South,Monthly Plus,44.0,0,No,$259.59,,
S-10478,Northeast,Quarterly Bundle,45.1,Yes,1,3183.71,13.3,moving/relocating
S-18182,Northeast,Quarterly Bundle,75.7,False,No,USD 977.13,,
S-15078,Midwest,Monthly Essentials,73.9,No,No,USD 556.72,,
S-13341,Midwest,Quarterly Bundle,38.9,False,Yes,USD 594.72,,shipping issues
S-18298,West,Monthly Plus,99.6,No,No,$111.31,,
S-13599,Midwest,Quarterly Bundle,50.9,False,No,1466.86,,
S-12148,Midwest,Monthly Plus,68.2,1,False,62.05,5.5,
S-16615,West,Monthly Plus,71.7,False,False,1257.97,,
S-11090,South,Monthly Plus,58.1,1,Yes,848.85,4.2,poor quality
S-11434,Northeast,Quarterly Bundle,62.4,True,0,2471.60,11.1,
S-14125,West,Monthly Plus,44.5,False,0,$217.88,,
S-12974,West,Monthly Plus,79.6,Yes,False,498.00,9.5,
S-12671,Northeast,Monthly Plus,89.7,True,Yes,$837.04,2.4,shipping issues
S-15413,Midwest,Monthly Essentials,74.8,False,0,USD 382.42,,
S-15989,Midwest,Quarterly Bundle,73.2,0,False,3296.66,,
S-12035,Northeast,Monthly Plus,61.1,Yes,True,"$1,038.35",9.6,moving/relocating
S-10531,Northeast,Monthly Essentials,54.5,True,Yes,387.32,2.7,no longer needed
S-17822,West,Monthly Plus,85.8,False,False,898.30,,
S-14797,Midwest,Monthly Essentials,44.6,No,0,$266.32,,
S-14712,Midwest,Quarterly Bundle,54.1,False,True,"$3,734.61",,paused indefinitely
S-10457,South,Monthly Plus,39.0,Yes,1,617.03,4.1,bad support experience
S-10092,Northeast,Quarterly Bundle,35.9,True,True,149.56,3.9,
S-15309,Northeast,Monthly Essentials,63.4,False,0,USD 76.95,,
S-12769,West,Monthly Essentials,95.3,True,False,$346.37,3.8,
S-11851,South,Monthly Plus,62.0,1,0,941.77,12.2,
S-11506,Midwest,Monthly Plus,72.7,1,True,882.16,11.1,shipping issues
S-16128,Midwest,Monthly Plus,71.3,No,Yes,USD 946.15,,bad support experience
S-18389,South,Monthly Essentials,98.4,False,0,$376.15,,
S-15377,Midwest,Quarterly Bundle,74.3,False,0,USD 1686.60,,
S-12782,West,Monthly Essentials,87.0,Yes,No,810.93,13.0,
S-11235,West,Monthly Essentials,66.1,1,No,310.77,10.1,
S-13601,West,Quarterly Bundle,40.4,0,False,"$2,395.67",,
S-12959,Midwest,Monthly Essentials,75.8,1,No,40.19,12.3,
S-12301,Midwest,Monthly Essentials,93.7,Yes,No,317.37,3.7,
S-18301,West,Monthly Plus,83.5,No,No,1027.61,,
S-13907,West,Monthly Essentials,44.9,False,False,$692.12,,
S-15164,Northeast,Monthly Essentials,69.8,False,No,388.63,,
S-15858,Northeast,Monthly Essentials,57.9,No,False,256.67,,
S-11574,Midwest,Quarterly Bundle,58.5,Yes,True,$817.53,10.7,paused indefinitely
S-11226,West,Monthly Essentials,65.3,1,False,USD 430.03,10.1,
S-12067,Midwest,Quarterly Bundle,69.8,True,True,1451.97,8.5,found alternative
S-13122,Northeast,Monthly Plus,75.3,Yes,True,USD 860.82,0.9,moving/relocating
S-15315,South,Monthly Plus,70.3,No,0,310.36,,
S-16313,Northeast,Quarterly Bundle,56.3,No,0,1758.15,,
S-10751,West,Quarterly Bundle,44.9,Yes,No,"$1,936.23",4.5,
S-12395,Midwest,Monthly Plus,83.7,Yes,1,$365.65,2.0,poor quality
S-14022,Midwest,Quarterly Bundle,35.1,0,No,739.99,,
S-13413,Northeast,Quarterly Bundle,39.2,False,False,1499.25,,
S-14692,Midwest,Quarterly Bundle,44.2,False,0,1109.08,,
S-13558,South,Quarterly Bundle,49.4,No,False,$306.74,,
S-11105,Northeast,Quarterly Bundle,59.9,True,False,2723.55,8.4,
S-17707,Midwest,Quarterly Bundle,84.6,No,No,1555.96,,
S-12723,Midwest,Monthly Essentials,94.9,1,No,358.90,5.3,
S-16807,Midwest,Quarterly Bundle,95.7,No,False,1729.12,,
S-18399,West,Monthly Plus,91.4,False,0,USD 60.17,,
S-13708,Midwest,Monthly Essentials,45.3,0,No,741.53,,
S-11324,Northeast,Monthly Plus,55.4,Yes,Yes,"$1,216.56",6.4,poor quality
S-13172,West,Monthly Essentials,96.9,True,No,855.28,6.5,
S-12824,Northeast,Quarterly Bundle,83.9,1,False,"$1,870.64",6.6,
S-10177,South,Monthly Plus,47.3,True,Yes,$162.43,0.4,moving/relocating
S-12673,West,Monthly Plus,97.2,True,0,USD 1138.03,10.0,
S-13670,Northeast,Monthly Essentials,38.6,False,True,USD 863.73,,no longer needed
S-14737,Northeast,Monthly Plus,41.7,False,No,514.53,,
S-13464,West,Monthly Essentials,53.2,0,0,USD 244.03,,
S-16817,West,Monthly Essentials,93.6,False,False,890.61,,
S-15022,Northeast,Monthly Plus,65.3,No,False,270.70,,
S-18073,South,Quarterly Bundle,77.4,No,0,"$2,436.33",,
S-17678,Northeast,Quarterly Bundle,89.6,No,No,1340.52,,
S-12018,West,Monthly Plus,57.4,Yes,No,$55.57,6.0,
S-13165,South,Monthly Essentials,75.4,1,No,186.91,7.7,
S-11183,South,Quarterly Bundle,56.3,Yes,No,USD 1408.56,12.5,
S-13727,West,Monthly Essentials,38.7,No,Yes,636.92,,shipping issues
S-10933,Northeast,Quarterly Bundle,43.0,1,True,2497.94,7.7,found alternative
S-11977,South,Monthly Plus,57.5,Yes,True,"$1,277.76",12.1,
S-16958,Midwest,Quarterly Bundle,77.0,No,No,2662.73,,
S-14235,West,Quarterly Bundle,41.1,0,False,USD 138.44,,
S-15483,South,Quarterly Bundle,61.5,No,No,2117.87,,
S-14337,Midwest,Quarterly Bundle,39.8,No,False,USD 2451.08,,
S-10042,South,Monthly Plus,41.9,Yes,True,"$1,017.48",12.6,shipping issues
S-10682,South,Monthly Essentials,49.7,1,1,$254.52,8.4,moving/relocating
S-10052,Northeast,Monthly Essentials,35.0,True,Yes,$400.86,3.4,no longer needed
S-12742,South,Monthly Essentials,88.9,1,False,518.99,12.9,
S-10906,Northeast,Quarterly Bundle,47.0,Yes,True,3509.25,12.3,shipping issues
S-12354,Midwest,Quarterly Bundle,85.5,True,False,"$1,430.99",6.2,
S-10995,South,Monthly Essentials,53.3,True,No,730.84,7.8,
S-11351,Midwest,Monthly Plus,71.9,Yes,False,994.07,3.0,
S-16910,West,Monthly Essentials,90.6,False,False,773.65,,
S-17955,Northeast,Quarterly Bundle,80.3,False,No,USD 2981.71,,
S-11409,South,Monthly Plus,59.5,Yes,True,779.29,0.6,too expensive
S-13711,Northeast,Quarterly Bundle,43.7,False,False,$269.37,,
S-18237,Midwest,Quarterly Bundle,88.6,No,False,USD 1323.99,,
S-17152,South,Quarterly Bundle,88.2,False,0,3303.26,,
S-17702,Northeast,Monthly Essentials,99.1,False,0,$921.16,,
S-12823,Northeast,Monthly Essentials,80.7,Yes,False,$450.28,3.2,
S-12823,Northeast,Monthly Essentials,80.7,Yes,False,$450.28,3.2,
S-13176,Midwest,Monthly Essentials,86.5,Yes,No,72.89,0.8,
S-15283,Northeast,Monthly Plus,67.7,No,0,1326.78,,
S-10136,Midwest,Monthly Plus,52.1,Yes,Yes,$938.18,2.4,moving/relocating
S-12202,Northeast,Monthly Essentials,79.7,True,False,872.23,9.4,
S-13308,South,Monthly Plus,36.6,0,No,USD 1250.89,,
S-15415,Midwest,Quarterly Bundle,57.2,False,True,$946.81,,no longer needed
S-17179,West,Monthly Essentials,96.3,False,False,250.33,,
S-11376,West,Quarterly Bundle,74.2,True,0,USD 1442.72,12.7,
S-13085,South,Monthly Plus,81.6,Yes,No,483.66,8.0,
S-13204,West,Monthly Essentials,78.9,Yes,False,510.79,4.8,
S-17565,Northeast,Monthly Plus,84.2,No,No,USD 1251.84,,
S-10395,West,Monthly Essentials,53.9,True,Yes,598.21,9.0,poor quality
S-14490,Midwest,Monthly Essentials,46.2,No,No,USD 816.52,,
S-17193,West,Monthly Essentials,86.4,No,No,$721.55,,
S-18275,Midwest,Quarterly Bundle,91.0,False,False,1514.30,,
S-13679,South,Monthly Plus,36.1,0,No,916.08,,
S-17295,Northeast,Monthly Essentials,81.6,No,False,$477.35,,
S-16249,Northeast,Monthly Plus,72.7,No,False,331.25,,
S-10694,Northeast,Monthly Essentials,36.0,1,1,625.96,12.5,poor quality
S-17740,West,Monthly Plus,86.8,No,No,421.31,,
S-15798,South,Monthly Plus,73.5,0,0,657.72,,
S-11229,South,Quarterly Bundle,71.7,True,1,323.49,11.7,bad support experience
S-15490,Northeast,Quarterly Bundle,68.8,No,0,USD 308.13,,
S-15468,West,Monthly Essentials,57.5,0,No,38.50,,
S-16219,Northeast,Quarterly Bundle,56.5,0,No,1819.79,,
S-11712,Midwest,Monthly Plus,69.9,1,0,1338.17,5.0,
S-10535,Midwest,Quarterly Bundle,41.9,Yes,1,2776.05,3.5,
S-15921,Northeast,Quarterly Bundle,69.8,0,False,$853.27,,
S-17009,Midwest,Monthly Plus,94.2,No,0,"$1,229.29",,
S-13285,West,Quarterly Bundle,53.7,0,No,$926.77,,
S-17416,Midwest,Monthly Essentials,77.3,0,0,290.78,,
S-13937,Midwest,Monthly Essentials,36.5,False,No,484.41,,
S-11024,West,Quarterly Bundle,40.4,True,True,USD 3183.49,12.3,no longer needed
S-10172,Midwest,Monthly Plus,51.1,1,1,412.10,6.4,moving/relocating
S-11522,South,Monthly Essentials,58.3,True,No,475.89,12.2,
S-16937,South,Monthly Plus,82.1,False,No,USD 1340.76,,
S-11177,Midwest,Monthly Plus,74.3,1,0,796.91,5.7,
S-14913,Midwest,Monthly Plus,51.8,No,No,$725.78,,
S-13731,South,Monthly Plus,43.1,0,No,429.88,,
S-10585,Midwest,Monthly Essentials,46.6,Yes,True,$288.11,3.5,poor quality
S-13542,West,Quarterly Bundle,48.7,No,1,406.96,,
S-14557,South,Monthly Essentials,50.4,0,Yes,USD 424.39,,no longer needed
S-15794,Midwest,Quarterly Bundle,61.1,False,0,2112.69,,
S-13927,South,Monthly Essentials,45.4,No,0,USD 464.14,,
S-10795,South,Quarterly Bundle,54.2,True,False,"$1,719.23",8.7,
S-14597,Midwest,Monthly Essentials,36.7,False,False,199.71,,
S-15420,South,Quarterly Bundle,59.2,No,False,USD 417.24,,
S-14202,Midwest,Monthly Essentials,53.2,0,False,418.90,,
S-11510,Northeast,Monthly Plus,59.4,1,Yes,62.70,6.1,bad support experience
S-17043,West,Quarterly Bundle,96.7,No,False,"$2,534.75",,
S-10324,Midwest,Monthly Essentials,50.8,True,True,538.68,12.8,no longer needed
S-15367,Midwest,Quarterly Bundle,68.9,No,0,"$2,147.79",,
S-14675,Northeast,Monthly Essentials,43.1,No,0,USD 476.22,,
S-12326,West,Monthly Essentials,95.4,True,No,36.36,0.5,
S-15857,Midwest,Quarterly Bundle,71.4,False,No,"$1,107.86",,
S-17325,South,Monthly Plus,77.7,No,0,1260.36,,
S-18083,West,Monthly Plus,83.9,No,False,"$1,191.89",,
S-11657,Midwest,Quarterly Bundle,72.5,Yes,0,483.83,3.8,
S-16258,Midwest,Monthly Plus,69.5,False,False,"$1,087.63",,
S-10824,West,Quarterly Bundle,45.1,1,Yes,USD 1823.27,13.9,
S-13856,Midwest,Monthly Essentials,36.4,No,False,506.65,,
S-13029,Midwest,Monthly Essentials,85.5,Yes,True,USD 36.10,1.8,too expensive
S-17546,South,Monthly Essentials,94.3,False,No,82.01,,
S-14370,West,Monthly Essentials,46.3,False,False,151.68,,
S-10565,Midwest,Quarterly Bundle,35.3,Yes,Yes,"$1,379.49",4.0,paused indefinitely
S-16511,West,Quarterly Bundle,66.1,False,No,3222.32,,
S-15512,Northeast,Monthly Plus,56.0,No,No,"$1,497.12",,
S-11903,South,Monthly Essentials,55.5,True,No,526.43,13.0,
S-18242,South,Monthly Essentials,77.1,False,No,USD 264.80,,
S-13112,Northeast,Monthly Essentials,76.9,True,No,USD 375.21,10.9,
S-12155,West,Monthly Essentials,74.0,Yes,No,$634.89,7.4,
S-14710,West,Monthly Plus,37.1,False,No,$498.33,,
S-10605,West,Monthly Essentials,38.1,True,True,743.53,11.4,shipping issues
S-13323,South,Monthly Plus,52.1,False,True,1227.17,,paused indefinitely
S-16776,South,Quarterly Bundle,94.4,No,False,"$1,682.68",,
S-12042,West,Monthly Essentials,55.7,Yes,True,$706.57,4.5,found alternative
S-10494,Midwest,Monthly Essentials,40.9,True,0,$41.37,4.2,
S-15525,Midwest,Monthly Plus,71.6,No,No,$183.66,,
S-11025,Midwest,Monthly Plus,37.2,Yes,Yes,124.70,0.4,
S-10121,South,Quarterly Bundle,41.3,True,False,976.95,10.0,
S-15895,Northeast,Monthly Essentials,55.5,No,False,238.36,,
S-13184,South,Monthly Essentials,79.4,1,No,USD 695.43,1.9,
S-12955,South,Quarterly Bundle,88.3,True,No,USD 1714.30,3.9,
S-16277,Midwest,Monthly Plus,70.7,False,No,$127.56,,
S-16933,West,Monthly Essentials,79.2,No,No,USD 579.36,,
S-10016,South,Monthly Essentials,35.2,Yes,Yes,USD 395.00,5.3,too expensive
S-16883,Northeast,Monthly Plus,78.2,0,False,1030.03,,
S-17727,West,Monthly Essentials,82.3,No,False,720.02,,
S-16943,South,Quarterly Bundle,76.4,No,False,2056.27,,
S-10991,Midwest,Monthly Essentials,48.6,True,Yes,$114.29,11.7,found alternative
S-12531,Northeast,Monthly Essentials,98.4,1,1,$937.53,11.2,no longer needed
S-12937,Northeast,Monthly Essentials,80.6,1,No,$447.56,11.5,
S-10073,South,Monthly Essentials,54.4,True,False,399.13,0.7,
S-11070,West,Quarterly Bundle,40.6,True,Yes,154.73,9.8,too expensive
S-16077,Northeast,Monthly Essentials,63.1,0,False,USD 517.86,,
S-17698,South,Quarterly Bundle,98.8,No,No,879.59,,
S-11442,Northeast,Monthly Plus,60.1,True,False,$60.93,1.3,
S-10769,West,Quarterly Bundle,36.3,True,No,3098.69,11.5,
S-16550,South,Monthly Plus,69.9,No,No,314.20,,
S-15348,South,Monthly Essentials,74.2,No,No,USD 373.79,,
S-17427,South,Monthly Essentials,94.5,No,False,$416.77,,
S-13087,Northeast,Quarterly Bundle,94.4,Yes,0,$486.04,4.4,
S-15786,Midwest,Quarterly Bundle,72.5,0,False,2090.30,,
S-14892,Midwest,Monthly Plus,36.5,No,0,1291.84,,
S-15746,West,Quarterly Bundle,73.5,No,No,273.10,,
S-10645,West,Quarterly Bundle,39.0,Yes,1,544.67,1.2,no longer needed
S-12078,Midwest,Monthly Plus,69.9,True,No,"$1,304.80",10.2,
S-15993,Midwest,Monthly Plus,61.6,False,No,532.36,,
S-16445,South,Quarterly Bundle,74.2,No,No,639.44,,
S-13027,South,Monthly Plus,91.4,1,False,"$1,009.41",11.0,
S-13767,South,Quarterly Bundle,37.1,0,False,1959.98,,
S-11221,Northeast,Quarterly Bundle,72.7,Yes,Yes,1116.73,3.7,paused indefinitely
S-12750,Northeast,Quarterly Bundle,98.5,1,1,"$3,489.70",5.9,no longer needed
S-12750,Northeast,Quarterly Bundle,98.5,1,1,"$3,489.70",5.9,no longer needed
S-17910,West,Quarterly Bundle,81.8,No,False,USD 3780.41,,
S-17679,West,Quarterly Bundle,92.5,0,No,USD 2620.47,,
S-15477,West,Monthly Plus,72.7,No,False,1327.59,,
S-10931,West,Monthly Plus,48.7,Yes,No,$997.65,1.8,
S-18153,Midwest,Quarterly Bundle,96.6,No,False,2696.89,,
S-17950,South,Monthly Essentials,93.7,No,No,$962.71,,
S-16996,Midwest,Quarterly Bundle,94.4,False,False,"$2,761.25",,
S-11495,Midwest,Quarterly Bundle,61.6,Yes,Yes,2225.57,10.1,bad support experience
S-17493,Northeast,Quarterly Bundle,83.8,0,False,691.46,,
S-18281,Midwest,Monthly Plus,94.7,No,False,110.74,,
S-12851,Northeast,Monthly Plus,97.3,Yes,False,1172.41,8.7,
S-10709,Northeast,Monthly Essentials,40.4,True,Yes,$397.90,12.5,
S-15564,Northeast,Quarterly Bundle,74.1,No,No,$305.86,,
S-17321,Midwest,Monthly Essentials,85.4,False,No,USD 906.32,,
S-15266,Midwest,Quarterly Bundle,69.1,0,False,451.39,,
S-11939,Midwest,Monthly Plus,61.0,True,Yes,821.74,2.2,too expensive
S-14007,Northeast,Quarterly Bundle,35.3,0,No,"$1,472.34",,
S-10202,Midwest,Monthly Plus,46.2,True,True,"$1,015.84",13.6,too expensive
S-16700,West,Quarterly Bundle,95.1,No,No,"$3,234.67",,
S-13392,Northeast,Quarterly Bundle,35.1,No,No,1594.59,,
S-17381,Midwest,Quarterly Bundle,83.1,False,0,$630.87,,
S-11713,South,Monthly Essentials,71.2,1,False,$313.84,1.5,
S-10165,South,Quarterly Bundle,51.7,True,True,USD 2721.03,7.0,paused indefinitely
S-10928,West,Monthly Plus,47.5,Yes,True,691.69,7.1,too expensive
S-10928,West,Monthly Plus,47.5,Yes,True,691.69,7.1,too expensive
S-10538,West,Monthly Plus,35.5,1,0,903.96,1.3,
S-10606,South,Monthly Essentials,54.9,Yes,True,769.04,1.2,paused indefinitely
S-17083,West,Monthly Essentials,78.2,No,False,$348.56,,
S-16558,South,Quarterly Bundle,65.2,False,No,"$3,260.39",,
S-15404,Midwest,Monthly Essentials,72.8,False,False,$39.71,,
S-11162,South,Quarterly Bundle,57.7,True,False,"$3,648.17",6.7,
S-12319,South,Quarterly Bundle,75.5,Yes,No,994.64,10.8,
S-13891,Northeast,Monthly Essentials,48.4,False,No,$637.00,,
S-11583,West,Quarterly Bundle,58.2,Yes,0,USD 2655.27,7.7,
S-14340,Midwest,Monthly Plus,35.3,False,No,1141.50,,
S-15853,West,Monthly Essentials,62.3,No,0,573.24,,
S-11208,South,Quarterly Bundle,66.6,Yes,False,2269.30,10.6,
S-12712,West,Monthly Plus,98.6,True,0,1520.29,5.7,
S-18348,Midwest,Monthly Plus,91.5,No,No,USD 925.46,,
S-12118,West,Monthly Essentials,69.4,1,False,862.07,5.7,
S-12984,South,Monthly Essentials,92.1,True,No,$287.26,13.8,
S-18244,South,Monthly Plus,98.5,False,No,$688.67,,
S-16456,Midwest,Monthly Essentials,60.2,False,False,574.83,,
S-16295,West,Monthly Plus,62.2,False,0,"$1,257.69",,
S-11370,South,Monthly Essentials,55.5,1,No,$332.13,8.5,
S-11130,West,Monthly Essentials,59.8,True,False,$319.52,7.5,
S-14112,Northeast,Monthly Essentials,49.9,False,No,USD 511.07,,
S-15691,South,Monthly Essentials,66.6,No,No,280.14,,
S-14815,Midwest,Quarterly Bundle,43.8,No,False,2591.33,,
S-17952,West,Quarterly Bundle,82.6,No,0,3506.26,,
S-11021,Northeast,Quarterly Bundle,51.6,True,0,$147.98,10.0,
S-12466,West,Monthly Essentials,88.7,True,1,810.94,0.6,
S-10285,South,Quarterly Bundle,45.4,Yes,Yes,1460.92,11.4,poor quality
S-16018,Northeast,Monthly Essentials,68.1,False,No,458.13,,
S-12866,Midwest,Quarterly Bundle,88.9,Yes,No,1604.84,6.0,
S-13033,Northeast,Quarterly Bundle,97.7,1,1,USD 2927.75,2.3,moving/relocating
S-18000,Midwest,Quarterly Bundle,81.1,No,False,"$2,014.37",,
S-11964,Northeast,Monthly Essentials,58.8,Yes,No,USD 888.50,1.5,
S-12307,South,Monthly Essentials,91.0,True,No,$140.89,10.7,
S-17749,South,Quarterly Bundle,98.3,0,0,$712.32,,
S-17242,Midwest,Monthly Plus,75.3,False,0,$281.19,,
S-10454,Northeast,Quarterly Bundle,37.0,True,True,1989.77,11.2,too expensive
S-14363,West,Monthly Essentials,35.7,False,No,602.99,,
S-10921,Northeast,Monthly Essentials,50.1,1,True,152.96,1.5,moving/relocating
S-11124,Northeast,Monthly Plus,66.2,1,False,USD 682.96,2.3,
S-11546,Midwest,Monthly Essentials,62.4,1,False,$907.73,5.1,
S-15556,Northeast,Monthly Plus,67.2,No,No,$577.57,,
S-12551,West,Monthly Essentials,93.8,1,False,878.69,10.4,
S-13946,South,Monthly Essentials,47.7,0,0,$548.82,,
S-15588,West,Quarterly Bundle,67.1,False,No,$448.19,,
S-11933,Midwest,Monthly Plus,60.0,1,True,1349.85,10.9,no longer needed
S-10468,Northeast,Monthly Essentials,38.4,Yes,Yes,USD 455.04,8.0,bad support experience
S-17805,South,Monthly Plus,75.1,0,No,$380.75,,
S-13852,South,Monthly Essentials,41.4,No,0,805.89,,
S-16323,Midwest,Quarterly Bundle,62.6,False,False,"$2,451.13",,
S-12882,West,Quarterly Bundle,91.4,Yes,True,1344.71,6.7,bad support experience
S-10332,West,Monthly Essentials,36.7,True,No,737.10,7.9,
S-15105,Midwest,Monthly Essentials,74.5,No,No,737.68,,
S-16481,South,Monthly Essentials,56.0,False,False,USD 737.01,,
S-10881,Northeast,Quarterly Bundle,51.4,True,True,282.82,9.4,found alternative
S-17362,West,Quarterly Bundle,86.8,0,No,"$1,915.30",,
S-18062,South,Monthly Essentials,97.8,No,False,"$1,010.70",,
S-10036,West,Quarterly Bundle,46.5,Yes,False,USD 2848.96,11.6,
S-17681,South,Monthly Essentials,91.1,False,No,409.05,,
S-11643,West,Monthly Plus,55.8,1,Yes,$216.64,13.9,bad support experience
S-11681,South,Monthly Essentials,70.3,True,False,486.93,8.0,
S-14325,South,Monthly Plus,36.4,No,False,492.72,,
S-15267,West,Monthly Essentials,58.8,False,False,649.24,,
S-16364,Northeast,Quarterly Bundle,66.9,No,False,USD 326.38,,
S-12641,South,Monthly Essentials,82.0,Yes,False,$465.94,8.3,
S-17819,Midwest,Quarterly Bundle,80.5,0,False,1287.30,,
S-17549,Northeast,Quarterly Bundle,90.3,False,No,"$2,332.37",,
S-13766,South,Quarterly Bundle,53.6,0,No,USD 3045.69,,
S-13025,Northeast,Monthly Essentials,96.1,True,Yes,253.68,10.4,found alternative
S-11117,South,Quarterly Bundle,70.8,True,True,"$3,253.15",13.0,shipping issues
S-13293,Northeast,Monthly Plus,51.2,False,False,490.38,,
S-17394,Midwest,Quarterly Bundle,95.0,0,False,2717.04,,
S-18233,South,Monthly Essentials,90.1,0,No,USD 814.38,,
S-14584,Midwest,Monthly Plus,38.2,False,No,218.35,,
S-14765,West,Monthly Plus,51.1,False,No,1151.76,,
S-11740,Midwest,Quarterly Bundle,74.0,1,False,1936.09,9.6,
S-14397,South,Monthly Essentials,42.4,False,1,259.27,,too expensive
S-13718,Midwest,Quarterly Bundle,55.0,False,0,$285.06,,
S-11652,Northeast,Monthly Plus,66.9,True,True,607.54,13.2,poor quality
S-17881,Midwest,Quarterly Bundle,81.4,No,0,677.81,,
S-13643,West,Monthly Essentials,51.0,False,False,337.45,,
S-15193,Northeast,Monthly Essentials,56.8,No,False,USD 332.60,,
S-16358,Northeast,Monthly Plus,67.2,False,No,727.27,,
S-18163,South,Monthly Plus,85.7,No,0,943.88,,
S-11503,South,Quarterly Bundle,69.7,Yes,Yes,USD 3849.10,0.4,too expensive
S-10260,South,Monthly Essentials,37.8,Yes,0,$763.77,2.7,
S-16884,Northeast,Monthly Plus,82.2,False,No,182.46,,
S-12562,Midwest,Monthly Plus,93.8,Yes,False,1410.65,9.5,
S-15820,Northeast,Monthly Essentials,74.2,False,False,654.69,,
S-18337,Midwest,Quarterly Bundle,97.7,False,No,$721.91,,
S-17615,West,Quarterly Bundle,84.5,False,No,2125.64,,
S-11636,West,Monthly Plus,71.4,Yes,False,1153.21,8.1,
S-16177,Northeast,Quarterly Bundle,64.4,False,No,2321.84,,
S-14616,Northeast,Monthly Essentials,36.8,0,No,USD 565.89,,
S-11799,West,Monthly Plus,68.4,True,False,$511.88,2.0,
S-17022,West,Quarterly Bundle,76.0,0,False,"$3,166.18",,
S-11832,South,Quarterly Bundle,64.2,Yes,1,2443.14,5.2,moving/relocating
S-10598,Northeast,Quarterly Bundle,53.6,True,1,998.86,4.2,bad support experience
S-15877,West,Monthly Essentials,66.9,False,No,$722.12,,
S-16547,Midwest,Quarterly Bundle,55.8,False,0,1571.95,,
S-11954,South,Quarterly Bundle,71.2,True,Yes,1267.96,0.2,found alternative
S-17012,West,Quarterly Bundle,89.5,0,False,USD 298.86,,
S-13297,South,Monthly Plus,38.4,False,Yes,222.94,,moving/relocating
S-14549,Midwest,Monthly Essentials,38.4,0,No,USD 705.97,,
S-15527,Northeast,Monthly Essentials,64.1,No,No,511.70,,
S-10221,South,Quarterly Bundle,46.8,Yes,True,"$1,753.06",11.3,too expensive
S-10803,Midwest,Monthly Plus,44.3,True,True,383.20,13.3,too expensive
S-10927,Northeast,Monthly Plus,51.0,True,No,$300.15,12.0,
S-13028,Northeast,Monthly Plus,75.2,True,No,$815.06,13.0,
S-10745,Northeast,Monthly Essentials,50.1,1,Yes,$866.52,10.9,no longer needed
S-13924,Midwest,Quarterly Bundle,54.0,No,False,USD 2511.12,,
S-16925,West,Monthly Plus,83.5,False,No,$973.64,,
S-12292,Midwest,Monthly Essentials,87.9,1,No,182.46,3.2,
S-11354,Northeast,Quarterly Bundle,63.1,Yes,0,"$2,627.06",3.5,
S-11029,West,Monthly Essentials,52.9,True,True,USD 641.27,4.8,found alternative
S-15486,West,Monthly Plus,60.1,0,0,113.64,,
S-12803,Northeast,Quarterly Bundle,87.5,1,False,"$2,465.05",0.8,
S-13667,South,Quarterly Bundle,51.9,False,No,USD 767.00,,
S-12344,Northeast,Monthly Essentials,77.7,Yes,False,$338.86,6.3,
S-13620,South,Monthly Essentials,35.1,No,False,497.72,,
S-14144,South,Monthly Plus,49.0,0,Yes,698.80,,found alternative
S-13575,Northeast,Quarterly Bundle,36.8,False,False,643.38,,
S-16979,South,Monthly Plus,78.4,0,No,$54.70,,
S-10377,West,Quarterly Bundle,51.7,Yes,Yes,USD 1653.26,1.0,bad support experience
S-16900,Midwest,Quarterly Bundle,92.4,False,False,USD 3662.54,,
S-13238,South,Monthly Essentials,52.2,False,No,$322.27,,
S-10320,Midwest,Quarterly Bundle,54.8,Yes,Yes,USD 2440.76,0.9,moving/relocating
S-11408,Midwest,Monthly Essentials,71.8,Yes,No,291.53,6.0,
S-16846,South,Monthly Plus,78.6,No,No,1082.28,,
S-13004,Northeast,Monthly Plus,86.9,True,No,USD 1208.55,8.2,
S-10441,West,Monthly Essentials,41.6,Yes,Yes,$729.84,5.6,poor quality
S-10182,Northeast,Monthly Plus,40.2,True,Yes,USD 372.36,4.8,too expensive
S-11608,South,Quarterly Bundle,63.4,True,False,USD 2816.18,5.1,
S-12486,Northeast,Monthly Essentials,80.7,Yes,False,$888.88,11.7,
S-12112,Northeast,Monthly Plus,65.1,Yes,0,836.26,10.9,
S-13921,Northeast,Monthly Plus,53.8,No,0,"$1,537.19",,
S-10748,Midwest,Quarterly Bundle,49.5,Yes,True,2583.66,9.7,no longer needed
S-12639,West,Monthly Essentials,85.6,1,No,USD 673.17,3.2,
S-11607,Midwest,Monthly Plus,57.9,1,True,180.49,1.9,moving/relocating
S-14721,Northeast,Quarterly Bundle,48.5,0,False,"$2,886.33",,
S-13082,Midwest,Quarterly Bundle,98.1,Yes,False,$420.27,7.0,
S-13956,West,Monthly Essentials,36.8,False,0,576.82,,
S-16534,West,Quarterly Bundle,56.4,False,No,1027.37,,
S-16534,West,Quarterly Bundle,56.4,False,No,1027.37,,
S-14054,Northeast,Quarterly Bundle,38.0,No,True,452.04,,found alternative
S-15024,Midwest,Monthly Plus,69.3,False,No,USD 427.23,,
S-15787,West,Quarterly Bundle,68.5,No,False,USD 2226.61,,
S-12279,Northeast,Quarterly Bundle,96.1,Yes,No,USD 953.48,6.6,
S-11346,West,Quarterly Bundle,65.2,Yes,0,3069.19,13.3,
S-11286,Midwest,Monthly Essentials,58.7,Yes,Yes,$633.56,1.2,found alternative
S-10476,Northeast,Quarterly Bundle,53.2,Yes,False,3602.91,1.3,
S-11349,South,Monthly Plus,59.7,1,False,1145.21,5.8,
S-12716,Northeast,Monthly Essentials,85.0,True,No,USD 455.21,8.3,
S-11604,South,Quarterly Bundle,71.5,1,False,USD 2094.06,5.7,
S-11307,Northeast,Monthly Plus,62.0,Yes,Yes,935.68,5.6,no longer needed
S-17191,Midwest,Monthly Plus,99.8,No,False,1210.10,,
S-10965,South,Monthly Plus,41.6,1,Yes,$721.76,1.2,paused indefinitely
S-15532,Midwest,Quarterly Bundle,61.4,False,No,USD 2240.68,,
S-15532,Midwest,Quarterly Bundle,61.4,False,No,USD 2240.68,,
S-10630,Northeast,Monthly Plus,36.6,1,False,64.23,3.1,
S-15515,Northeast,Monthly Plus,72.9,False,0,221.58,,
S-11539,Midwest,Monthly Essentials,56.2,Yes,No,405.20,10.0,
S-17919,South,Quarterly Bundle,83.0,0,Yes,USD 2431.41,,found alternative
S-12700,West,Monthly Plus,83.5,True,0,$398.96,1.9,
S-14103,South,Monthly Essentials,50.2,False,False,$81.08,,
S-17074,South,Quarterly Bundle,82.6,No,Yes,"$2,030.38",,shipping issues
S-11300,West,Monthly Essentials,62.7,Yes,No,621.36,10.7,
S-16659,Midwest,Monthly Essentials,62.0,False,False,$800.05,,
S-16412,South,Monthly Essentials,61.9,0,False,314.23,,
S-17799,West,Monthly Essentials,87.5,No,False,USD 761.60,,
S-16204,South,Quarterly Bundle,58.0,False,False,"$2,174.73",,
S-13736,Midwest,Monthly Essentials,35.3,No,True,414.40,,found alternative
S-13127,Midwest,Quarterly Bundle,84.0,True,False,1399.17,6.7,
S-13079,South,Quarterly Bundle,84.5,Yes,0,"$2,697.30",13.2,
S-12661,Northeast,Quarterly Bundle,80.0,True,False,"$2,797.88",6.5,
S-17912,West,Quarterly Bundle,83.6,False,True,USD 3133.85,,found alternative
S-15012,Northeast,Monthly Plus,60.4,False,0,994.84,,
S-16516,Northeast,Monthly Essentials,63.4,False,0,USD 919.09,,
S-15396,South,Monthly Essentials,55.9,False,No,387.28,,
S-14411,South,Quarterly Bundle,54.5,No,No,"$1,301.35",,
S-15731,South,Quarterly Bundle,59.6,No,True,788.68,,too expensive
S-10792,West,Monthly Plus,42.9,True,No,1365.26,11.9,
S-10030,West,Quarterly Bundle,53.7,1,No,USD 152.79,14.0,
S-11742,Midwest,Quarterly Bundle,60.0,True,False,USD 539.63,5.1,
S-11361,South,Monthly Essentials,68.0,Yes,False,841.29,12.9,
S-15062,Northeast,Monthly Essentials,68.3,False,False,$162.89,,
S-11797,West,Quarterly Bundle,65.4,True,No,"$3,554.40",7.6,
S-17790,West,Quarterly Bundle,97.4,No,No,565.77,,
S-14635,Midwest,Monthly Essentials,49.0,0,No,372.82,,
S-14787,South,Monthly Essentials,51.1,No,0,$593.37,,
S-10963,West,Quarterly Bundle,42.1,True,False,1048.37,12.1,
S-10147,Midwest,Monthly Essentials,43.9,Yes,Yes,$42.47,11.7,moving/relocating
S-14195,South,Monthly Essentials,39.2,No,0,438.68,,
S-11525,West,Quarterly Bundle,70.0,True,No,USD 1141.82,6.1,
S-13173,Midwest,Quarterly Bundle,81.1,Yes,False,USD 2896.18,11.2,
S-18368,South,Quarterly Bundle,75.2,False,False,USD 1630.70,,
S-16253,South,Quarterly Bundle,62.2,No,No,"$1,469.41",,
S-10671,Northeast,Monthly Essentials,36.0,True,True,878.09,1.1,no longer needed
S-16375,South,Quarterly Bundle,57.6,False,False,"$1,294.95",,
S-10668,South,Monthly Plus,40.4,True,True,$360.58,5.4,moving/relocating
S-11404,West,Monthly Essentials,69.0,Yes,Yes,106.75,3.0,too expensive
S-16322,South,Quarterly Bundle,55.6,False,No,$144.84,,
S-12492,South,Quarterly Bundle,90.8,Yes,False,"$3,427.02",2.2,
S-13883,South,Monthly Plus,43.9,False,False,USD 1031.55,,
S-13446,West,Monthly Plus,35.9,No,No,USD 1337.68,,
S-13283,Northeast,Quarterly Bundle,39.5,False,False,USD 1897.07,,
S-16084,Northeast,Monthly Plus,60.8,No,0,1033.50,,
S-12238,South,Quarterly Bundle,79.5,Yes,False,858.41,2.5,
S-12467,West,Monthly Essentials,92.6,Yes,False,118.03,2.6,
S-10415,West,Monthly Plus,52.2,1,No,"$1,041.87",0.4,
S-10863,South,Monthly Plus,46.0,True,True,57.47,1.8,found alternative
S-17397,South,Quarterly Bundle,89.0,False,0,$625.83,,
S-16969,South,Quarterly Bundle,84.8,No,False,"$2,577.16",,
S-11254,West,Quarterly Bundle,59.4,Yes,1,$142.74,9.9,shipping issues
S-10893,Midwest,Monthly Plus,43.3,Yes,True,USD 945.95,9.9,shipping issues
S-15154,West,Monthly Plus,61.3,False,No,714.11,,
S-13071,West,Quarterly Bundle,76.0,Yes,True,"$1,138.60",9.7,no longer needed
S-15973,West,Quarterly Bundle,63.2,No,0,2948.87,,
S-14316,Northeast,Monthly Plus,41.4,False,False,228.91,,
S-13695,Northeast,Monthly Plus,37.5,No,False,1404.89,,
S-13655,Midwest,Monthly Plus,39.0,No,False,1264.32,,
S-13432,Midwest,Quarterly Bundle,39.5,0,0,1774.64,,
S-10463,Northeast,Quarterly Bundle,47.3,1,True,1608.35,4.2,found alternative
S-16398,West,Quarterly Bundle,55.4,False,False,1540.10,,
S-13289,West,Monthly Plus,35.5,False,True,$58.38,,no longer needed
S-11982,West,Monthly Plus,64.8,Yes,No,237.84,6.5,
S-18070,Midwest,Monthly Essentials,86.3,False,No,773.70,,
S-16472,Northeast,Quarterly Bundle,58.0,False,No,USD 315.26,,
S-14888,Northeast,Monthly Plus,38.5,0,False,$311.11,,
S-11232,West,Monthly Essentials,69.8,Yes,No,$547.01,13.5,
S-15480,South,Quarterly Bundle,74.2,False,False,1024.68,,
S-11732,Midwest,Monthly Plus,55.5,1,No,$522.71,12.1,
S-16873,Midwest,Monthly Essentials,89.1,0,False,USD 792.05,,
S-10781,Midwest,Monthly Essentials,38.1,1,True,$73.13,12.9,shipping issues
S-14265,West,Quarterly Bundle,45.2,No,No,USD 2304.14,,
S-11507,West,Monthly Plus,58.4,True,False,USD 117.26,1.6,
S-16132,South,Quarterly Bundle,68.2,No,No,1360.13,,
S-10268,West,Monthly Plus,41.9,True,True,120.02,0.2,poor quality
S-18370,West,Quarterly Bundle,88.3,False,No,1652.00,,
S-16721,Northeast,Quarterly Bundle,75.5,No,False,"$1,863.57",,
S-16802,Midwest,Monthly Essentials,93.0,False,False,$297.56,,
S-17275,South,Quarterly Bundle,94.6,No,False,2523.57,,
S-14463,West,Monthly Essentials,36.4,0,True,USD 869.34,,no longer needed
S-13075,Northeast,Quarterly Bundle,95.2,Yes,True,2218.90,11.1,paused indefinitely
S-12360,Midwest,Monthly Essentials,95.5,1,0,1007.97,9.4,
S-10317,Northeast,Quarterly Bundle,40.5,1,No,USD 575.81,2.6,
S-18295,South,Monthly Plus,75.7,No,False,249.29,,
S-15661,Northeast,Quarterly Bundle,67.3,False,No,2039.69,,
S-17541,West,Quarterly Bundle,78.3,False,No,2179.39,,
S-17451,South,Monthly Plus,91.3,False,No,USD 1223.75,,
S-17616,Midwest,Quarterly Bundle,83.2,No,No,3298.10,,
S-10780,Northeast,Quarterly Bundle,42.7,Yes,False,940.34,3.1,
S-12362,Northeast,Monthly Essentials,94.6,Yes,No,USD 602.34,12.8,
S-15971,West,Monthly Plus,60.9,False,False,165.67,,
S-18105,South,Quarterly Bundle,99.5,False,No,1564.99,,
S-13291,Midwest,Quarterly Bundle,51.4,0,0,USD 945.28,,
S-11255,South,Quarterly Bundle,71.4,Yes,0,3275.21,7.8,
S-18009,Northeast,Monthly Plus,85.3,False,No,749.34,,
S-12612,Midwest,Quarterly Bundle,96.2,True,0,428.33,7.8,
S-15383,South,Quarterly Bundle,71.6,False,1,2571.20,,too expensive
S-16153,West,Monthly Plus,68.5,0,False,332.11,,
S-17814,West,Monthly Plus,81.1,0,No,$364.24,,
S-17032,Midwest,Quarterly Bundle,91.9,No,No,"$1,629.61",,
S-11739,South,Quarterly Bundle,57.4,True,True,1380.86,13.6,moving/relocating
S-15391,Northeast,Monthly Plus,62.3,No,False,USD 1317.01,,
S-16321,South,Monthly Plus,73.4,False,True,502.60,,
S-14769,Northeast,Monthly Essentials,52.0,No,0,681.14,,
S-14174,West,Monthly Essentials,50.5,False,No,214.27,,
S-16337,Northeast,Monthly Plus,55.7,No,True,USD 437.12,,found alternative
S-15321,West,Quarterly Bundle,60.4,0,No,150.72,,
S-13764,Midwest,Monthly Essentials,46.9,No,0,77.43,,
S-14609,West,Monthly Essentials,49.8,No,0,USD 534.29,,
S-12516,Northeast,Monthly Plus,87.4,Yes,0,$56.76,11.0,
S-11549,West,Monthly Plus,68.0,Yes,False,1253.13,6.2,
S-15908,West,Quarterly Bundle,56.1,0,False,USD 1201.98,,
S-11502,Midwest,Quarterly Bundle,55.6,True,False,USD 716.86,5.5,
S-10851,South,Quarterly Bundle,40.4,True,Yes,2605.60,13.3,shipping issues
S-17123,West,Monthly Plus,77.3,No,0,453.02,,
S-17817,Northeast,Monthly Plus,81.5,0,0,USD 803.41,,
S-13271,South,Monthly Essentials,54.0,False,True,188.55,,no longer needed
S-16619,Northeast,Quarterly Bundle,60.8,No,False,948.05,,
S-17890,Northeast,Monthly Plus,91.9,0,No,USD 890.70,,
S-14381,Midwest,Monthly Essentials,51.8,0,No,888.16,,
S-15978,West,Monthly Plus,58.4,0,False,1309.67,,
S-15436,West,Monthly Essentials,72.8,No,No,$433.07,,
S-17676,Midwest,Monthly Plus,90.7,False,False,395.57,,
S-16226,South,Monthly Essentials,63.1,No,Yes,110.57,,found alternative
S-13910,Northeast,Quarterly Bundle,46.5,0,No,420.01,,
S-16851,South,Monthly Essentials,87.2,0,Yes,341.49,,too expensive
S-13479,Midwest,Monthly Plus,46.5,No,No,249.62,,
S-10534,West,Monthly Plus,40.7,1,No,"$1,381.30",11.4,
S-13997,South,Quarterly Bundle,41.0,No,0,3341.13,,
S-12892,Midwest,Quarterly Bundle,85.3,True,False,140.71,7.3,
S-13868,Midwest,Monthly Plus,42.5,False,No,USD 163.91,,
S-14757,Midwest,Monthly Plus,51.0,No,False,427.55,,
S-11866,Northeast,Quarterly Bundle,61.0,Yes,False,304.57,3.5,
S-11761,South,Monthly Plus,67.7,Yes,No,1299.87,3.3,
S-14953,Northeast,Quarterly Bundle,43.0,False,1,684.85,,shipping issues
S-17942,Midwest,Monthly Plus,83.1,0,False,"$1,229.58",,
S-15614,Midwest,Monthly Essentials,55.7,False,No,119.95,,
S-15862,Midwest,Monthly Essentials,59.0,No,No,$431.49,,
S-14157,Northeast,Quarterly Bundle,37.3,0,No,"$2,828.25",,
S-13156,Northeast,Monthly Essentials,89.0,Yes,No,USD 679.19,11.1,
S-10426,West,Monthly Essentials,44.5,1,No,$235.48,1.4,
S-11022,Northeast,Monthly Essentials,37.2,Yes,Yes,$554.41,10.2,bad support experience
S-11022,Northeast,Monthly Essentials,37.2,Yes,Yes,$554.41,10.2,bad support experience
S-11596,Midwest,Monthly Plus,56.5,Yes,False,USD 1305.76,3.2,
S-16796,South,Quarterly Bundle,82.1,0,0,USD 560.16,,
S-13648,West,Monthly Plus,46.8,False,False,USD 289.17,,
S-14096,South,Monthly Plus,46.5,No,False,757.53,,
S-17398,Northeast,Quarterly Bundle,89.0,No,No,$875.28,,
S-13148,South,Monthly Essentials,91.1,1,False,$247.68,2.2,
S-10717,South,Quarterly Bundle,42.5,True,No,"$2,589.80",13.7,
S-11298,West,Monthly Essentials,64.9,1,0,145.92,1.6,
S-14386,South,Monthly Plus,38.2,No,0,961.62,,
S-11137,South,Monthly Plus,59.1,True,0,USD 923.13,8.8,
S-12542,Northeast,Quarterly Bundle,95.3,Yes,False,1114.85,13.9,
S-10796,Northeast,Quarterly Bundle,43.1,Yes,Yes,"$2,319.86",13.9,paused indefinitely
S-13159,South,Quarterly Bundle,84.3,1,No,"$1,945.75",2.4,
S-16583,Northeast,Monthly Plus,62.0,No,False,USD 1217.99,,
S-18290,South,Quarterly Bundle,92.7,False,False,"$2,550.23",,
S-11998,Northeast,Quarterly Bundle,55.4,Yes,0,"$1,859.79",3.3,
S-17338,Northeast,Quarterly Bundle,99.6,False,No,$159.88,,
S-18345,Northeast,Monthly Essentials,89.5,0,No,$637.76,,
S-10405,Northeast,Monthly Essentials,47.3,Yes,No,$588.34,2.7,
S-12414,South,Quarterly Bundle,91.5,Yes,0,"$2,849.57",2.2,
S-12296,West,Monthly Essentials,92.6,Yes,No,$217.42,11.8,
S-12597,Midwest,Quarterly Bundle,83.3,True,No,"$2,846.37",2.0,
S-13442,Northeast,Monthly Plus,35.4,0,False,1337.00,,
S-16575,South,Monthly Plus,70.9,0,False,$126.36,,
S-10904,Northeast,Monthly Plus,52.0,Yes,Yes,USD 583.48,8.9,moving/relocating
S-16090,South,Monthly Essentials,66.0,No,No,USD 863.44,,
S-10322,Northeast,Monthly Essentials,43.7,1,True,448.87,5.6,poor quality
S-10283,Midwest,Monthly Essentials,53.5,Yes,0,907.46,2.1,
S-10045,South,Quarterly Bundle,36.1,Yes,Yes,"$1,974.78",10.2,too expensive
S-16178,Northeast,Monthly Plus,61.8,No,0,USD 1289.12,,
S-11472,West,Monthly Essentials,57.9,True,False,889.70,8.6,
S-12637,Midwest,Monthly Plus,85.3,Yes,False,56.64,3.7,
S-11474,South,Monthly Plus,67.8,Yes,Yes,USD 1322.47,1.8,no longer needed
S-12710,Midwest,Monthly Essentials,79.6,Yes,Yes,$630.68,1.0,
S-11234,South,Quarterly Bundle,57.7,Yes,No,USD 3375.99,10.1,
S-16264,West,Quarterly Bundle,58.2,No,False,1844.46,,
S-12242,Northeast,Monthly Plus,84.2,Yes,True,278.02,0.8,
S-16095,West,Monthly Plus,74.9,No,No,"$1,443.07",,
S-10479,Northeast,Monthly Essentials,35.9,Yes,True,642.96,5.4,poor quality
S-12876,West,Monthly Essentials,86.0,True,False,$716.71,9.3,
S-18171,Midwest,Monthly Essentials,78.5,0,False,321.89,,
S-13470,South,Quarterly Bundle,51.8,No,No,629.64,,
S-17600,South,Quarterly Bundle,81.9,False,False,USD 2239.06,,
S-10366,South,Monthly Essentials,42.7,Yes,1,917.56,11.1,too expensive
S-16302,Midwest,Monthly Plus,63.3,No,0,963.35,,
S-12334,West,Monthly Plus,82.7,True,No,1442.19,11.7,
S-13417,Northeast,Monthly Essentials,51.3,False,No,USD 266.29,,
S-13742,South,Monthly Essentials,42.6,No,0,USD 300.10,,
S-16406,Northeast,Quarterly Bundle,69.9,False,False,2875.47,,
S-10568,West,Monthly Plus,53.2,1,False,665.73,11.7,
S-15051,West,Monthly Essentials,72.0,False,Yes,$941.24,,found alternative
S-14075,South,Monthly Plus,38.5,No,0,USD 772.50,,
S-18047,Midwest,Quarterly Bundle,81.5,No,False,904.41,,
S-16268,South,Monthly Plus,73.9,No,0,$520.76,,
S-18120,Northeast,Monthly Plus,93.5,No,No,911.91,,
S-17855,West,Monthly Plus,88.5,False,0,USD 121.87,,
S-17408,Midwest,Monthly Plus,78.3,0,False,818.86,,
S-17579,Northeast,Quarterly Bundle,82.4,No,False,"$1,182.78",,
S-17290,South,Monthly Essentials,88.7,No,0,USD 110.21,,
S-17358,Midwest,Quarterly Bundle,76.3,False,No,1956.02,,
S-18195,West,Monthly Essentials,83.1,0,False,839.46,,
S-13480,Northeast,Monthly Plus,47.2,No,False,"$1,431.54",,
S-16585,West,Monthly Essentials,64.5,False,No,946.64,,
S-16585,West,Monthly Essentials,64.5,False,No,946.64,,
S-13892,South,Monthly Plus,42.3,No,No,$950.92,,
S-18154,Northeast,Monthly Essentials,75.1,No,No,USD 37.87,,
S-13252,South,Monthly Plus,46.0,False,False,58.54,,
S-11483,Northeast,Quarterly Bundle,58.7,1,False,USD 733.36,8.8,
S-10939,Northeast,Monthly Plus,41.9,1,No,USD 1533.29,7.2,
S-16561,West,Monthly Essentials,70.7,False,0,USD 158.60,,
S-17375,Northeast,Quarterly Bundle,88.3,False,False,"$2,763.44",,
S-12917,Northeast,Quarterly Bundle,92.5,1,False,1858.24,11.5,
S-13016,Midwest,Quarterly Bundle,94.8,Yes,0,USD 3352.01,4.3,
S-17505,West,Monthly Essentials,81.0,False,0,$403.76,,
S-18355,South,Quarterly Bundle,79.7,No,0,1136.71,,
S-16179,West,Monthly Plus,62.0,False,No,$112.45,,
S-14269,West,Monthly Essentials,50.7,0,0,72.80,,
S-14965,Northeast,Monthly Essentials,67.4,No,No,$862.97,,
S-13712,West,Monthly Essentials,39.8,False,True,289.36,,too expensive
S-13712,West,Monthly Essentials,39.8,False,True,289.36,,too expensive
S-12451,Midwest,Monthly Plus,89.9,True,Yes,59.56,2.5,shipping issues
S-10146,West,Monthly Plus,51.5,True,0,518.66,3.5,
S-11646,West,Quarterly Bundle,57.2,True,False,"$2,397.35",13.8,
S-10604,Northeast,Monthly Plus,44.6,True,True,320.53,2.3,found alternative
S-15498,Northeast,Monthly Essentials,68.7,0,No,858.42,,
S-12952,South,Monthly Essentials,77.7,1,1,$546.08,1.2,bad support experience
S-17172,South,Monthly Plus,88.9,No,False,633.72,,
S-17202,South,Quarterly Bundle,82.6,No,False,3187.09,,
S-12402,Northeast,Quarterly Bundle,83.2,Yes,False,USD 1008.88,1.3,
S-13745,West,Monthly Essentials,46.3,No,No,882.75,,
S-18111,South,Quarterly Bundle,87.7,False,No,"$1,859.02",,
S-17400,West,Monthly Essentials,95.7,No,False,324.27,,
S-14207,South,Monthly Essentials,38.9,No,No,$939.18,,
S-12203,South,Monthly Essentials,95.5,Yes,No,154.07,8.0,
S-15633,South,Monthly Plus,65.6,False,False,$127.27,,
S-18098,South,Monthly Essentials,83.7,0,False,$426.21,,
S-16671,South,Monthly Essentials,70.1,No,No,USD 210.79,,
S-13167,Midwest,Quarterly Bundle,99.1,True,False,827.31,11.3,
S-12286,West,Quarterly Bundle,87.8,Yes,No,$464.25,11.5,
S-16859,West,Quarterly Bundle,92.3,No,False,USD 970.60,,
S-16859,West,Quarterly Bundle,92.3,No,False,USD 970.60,,
S-16961,Northeast,Monthly Essentials,77.8,No,No,$587.76,,
S-12141,Northeast,Monthly Essentials,63.5,Yes,1,239.27,13.0,paused indefinitely
S-11108,West,Monthly Plus,71.6,Yes,Yes,1248.63,2.6,bad support experience
S-11459,Midwest,Monthly Essentials,69.8,Yes,No,USD 334.06,3.8,
S-12070,Midwest,Monthly Essentials,71.4,Yes,False,125.25,13.6,
S-17561,South,Quarterly Bundle,76.8,False,0,1415.03,,
S-14306,Northeast,Quarterly Bundle,44.3,False,False,2479.53,,
S-12806,West,Monthly Essentials,76.5,True,False,76.94,9.5,
S-15293,South,Quarterly Bundle,71.8,No,No,1384.98,,
S-10643,South,Monthly Plus,40.7,True,Yes,848.48,11.0,too expensive
S-11905,Northeast,Monthly Plus,62.1,Yes,No,782.67,9.4,
S-10023,Midwest,Monthly Plus,54.7,1,True,$896.52,6.1,moving/relocating
S-11266,Midwest,Quarterly Bundle,71.0,True,False,$961.93,13.8,
S-12004,South,Monthly Plus,67.2,True,False,USD 1074.59,7.7,
S-18145,South,Monthly Plus,95.1,No,No,$344.99,,
S-17586,South,Monthly Essentials,77.7,No,No,957.39,,
S-15245,South,Quarterly Bundle,58.8,No,0,1429.75,,
S-18249,South,Monthly Essentials,99.8,No,No,505.97,,
S-18356,West,Quarterly Bundle,98.3,False,No,921.36,,
S-14450,South,Monthly Plus,46.2,0,0,272.21,,
S-14695,Midwest,Monthly Plus,46.0,False,0,USD 1165.94,,
S-12215,Midwest,Monthly Plus,98.0,Yes,True,386.50,1.4,
S-13838,Midwest,Monthly Plus,35.8,No,False,383.67,,
S-10638,Midwest,Monthly Plus,49.8,Yes,False,$504.63,2.2,
S-12611,Northeast,Quarterly Bundle,90.2,True,Yes,$744.89,8.8,too expensive
S-17610,West,Monthly Plus,92.5,0,False,1077.96,,
S-16498,South,Quarterly Bundle,65.9,No,No,3482.66,,
S-15305,West,Monthly Plus,69.8,No,0,USD 168.76,,
S-17860,Northeast,Monthly Essentials,84.3,0,False,USD 309.91,,
S-16298,West,Quarterly Bundle,70.7,0,False,$743.43,,
S-14865,Northeast,Quarterly Bundle,47.9,False,No,$144.81,,
S-14944,Northeast,Monthly Plus,41.7,False,0,USD 774.42,,
S-17898,West,Monthly Plus,97.7,No,0,703.01,,
S-18222,West,Monthly Essentials,77.5,No,0,$510.65,,
S-10805,Midwest,Monthly Plus,54.3,Yes,1,255.52,10.1,moving/relocating
S-15572,South,Quarterly Bundle,68.4,False,No,1855.42,,
S-16312,Midwest,Monthly Essentials,61.1,No,False,USD 768.17,,
S-15699,Northeast,Monthly Plus,68.0,False,False,$861.32,,
S-16459,Northeast,Monthly Plus,55.4,False,False,1206.83,,
S-12867,South,Monthly Plus,99.8,Yes,False,$313.26,6.1,
S-13197,West,Monthly Essentials,93.0,Yes,False,USD 371.93,2.6,
S-16228,South,Monthly Essentials,68.4,No,No,908.48,,
S-13340,West,Monthly Plus,46.4,False,0,USD 605.71,,
S-11868,Midwest,Monthly Plus,72.4,1,True,USD 613.59,5.7,paused indefinitely
S-10937,Northeast,Quarterly Bundle,39.9,Yes,Yes,$154.24,8.5,paused indefinitely
S-12259,Midwest,Monthly Plus,96.0,Yes,False,1033.34,7.7,
S-12901,Northeast,Quarterly Bundle,90.6,Yes,No,3727.75,2.3,
S-18071,West,Monthly Essentials,84.4,0,False,427.37,,
S-10813,Northeast,Monthly Essentials,35.7,Yes,Yes,$718.98,7.5,found alternative
S-11236,Northeast,Monthly Plus,58.1,Yes,Yes,$672.47,11.1,moving/relocating
S-14855,Midwest,Monthly Essentials,41.8,False,False,281.65,,
S-18392,South,Monthly Essentials,78.5,No,No,$701.08,,
S-13001,Northeast,Monthly Essentials,98.9,Yes,False,$366.82,0.1,
S-10010,South,Quarterly Bundle,49.3,Yes,1,USD 2048.54,1.4,bad support experience
S-12926,Midwest,Monthly Essentials,99.7,True,False,178.12,5.9,
S-14213,South,Monthly Essentials,50.0,No,0,285.20,,
S-14960,Northeast,Quarterly Bundle,69.9,False,False,"$1,124.38",,
S-17149,West,Quarterly Bundle,87.0,False,0,3208.79,,
S-13441,West,Monthly Plus,52.0,0,0,1194.84,,
S-16055,Northeast,Monthly Essentials,61.5,False,0,$191.75,,
S-15784,South,Monthly Plus,69.6,No,No,642.01,,
S-10961,Midwest,Monthly Plus,51.0,Yes,True,1222.13,7.6,moving/relocating
S-16026,South,Monthly Essentials,72.6,False,False,$491.38,,
S-10871,West,Quarterly Bundle,40.6,True,False,1578.72,9.1,
S-16697,South,Monthly Essentials,83.9,False,False,USD 290.06,,
S-14268,Midwest,Monthly Essentials,53.4,False,No,868.17,,
S-14858,Midwest,Quarterly Bundle,35.3,No,No,USD 1079.38,,
S-13317,West,Quarterly Bundle,42.6,False,False,$973.57,,
S-14232,South,Monthly Plus,48.6,No,False,709.63,,
S-10647,Northeast,Quarterly Bundle,43.6,True,Yes,160.50,3.4,paused indefinitely
S-11321,Midwest,Monthly Plus,70.6,True,No,547.25,12.5,
S-10145,Midwest,Monthly Essentials,51.1,True,0,718.39,5.5,
S-18279,West,Quarterly Bundle,81.3,No,No,619.69,,
S-12724,Midwest,Monthly Plus,97.7,1,False,1229.04,4.2,
S-10130,West,Monthly Essentials,49.8,True,True,266.28,3.8,paused indefinitely
S-11120,Midwest,Monthly Essentials,68.5,1,0,818.25,9.4,
S-18013,West,Monthly Plus,93.5,False,No,1028.78,,
S-10900,Northeast,Monthly Plus,42.7,Yes,1,60.25,13.9,paused indefinitely
S-13641,West,Monthly Plus,45.5,No,Yes,249.89,,poor quality
S-17893,South,Monthly Plus,76.2,No,False,644.33,,
S-17623,West,Monthly Plus,94.3,No,No,$458.73,,
S-10031,West,Monthly Plus,39.0,True,True,1102.50,1.2,
S-10911,Northeast,Monthly Plus,46.3,Yes,True,799.59,7.5,poor quality
S-11168,Northeast,Monthly Plus,72.1,1,1,USD 241.00,4.4,too expensive
S-14709,South,Quarterly Bundle,41.5,No,No,"$2,704.59",,
S-17715,South,Monthly Plus,93.2,False,No,$113.04,,
S-16623,West,Quarterly Bundle,73.2,No,False,3230.68,,
S-17724,South,Monthly Plus,94.9,No,0,351.86,,
S-13115,Northeast,Quarterly Bundle,95.4,Yes,False,3106.49,11.8,
S-15779,Midwest,Quarterly Bundle,60.7,No,False,2127.95,,
S-11829,Northeast,Monthly Essentials,73.8,1,No,516.29,9.7,
S-11865,Midwest,Monthly Plus,72.8,True,0,USD 1236.91,11.0,
S-18288,South,Monthly Plus,96.4,No,No,$485.19,,
S-10176,West,Monthly Plus,53.6,Yes,False,232.04,13.4,
S-14674,Midwest,Monthly Plus,51.9,0,No,$630.15,,
S-13018,South,Quarterly Bundle,83.6,1,True,1250.95,2.8,no longer needed
S-14796,South,Monthly Essentials,54.7,No,False,753.51,,
S-15289,West,Monthly Essentials,58.5,False,No,USD 353.38,,
S-12169,South,Quarterly Bundle,97.8,1,False,USD 162.84,7.4,
S-17192,Midwest,Quarterly Bundle,78.0,No,False,USD 3003.82,,
S-15156,South,Monthly Plus,70.2,No,0,USD 581.26,,
S-18325,Northeast,Monthly Plus,75.7,False,No,819.90,,
S-18250,Midwest,Quarterly Bundle,80.2,No,Yes,USD 1574.36,,moving/relocating
S-11853,West,Monthly Essentials,55.2,True,False,82.87,7.6,
S-16708,West,Monthly Plus,96.9,No,No,USD 251.63,,
S-13942,Northeast,Monthly Plus,45.9,False,0,351.63,,
S-10286,Midwest,Monthly Plus,36.6,Yes,Yes,1298.99,3.1,found alternative
S-15011,Northeast,Monthly Essentials,71.2,No,No,$788.10,,
S-12795,West,Quarterly Bundle,77.1,1,Yes,"$2,114.73",5.1,
S-14497,Northeast,Monthly Plus,44.6,0,No,USD 790.81,,
S-11613,South,Monthly Essentials,57.3,Yes,False,377.30,6.6,
S-15040,West,Monthly Plus,59.9,No,False,USD 618.03,,
S-15040,West,Monthly Plus,59.9,No,False,USD 618.03,,
S-10524,Midwest,Monthly Plus,48.4,Yes,Yes,USD 933.95,8.5,shipping issues
S-16022,Northeast,Monthly Essentials,72.4,False,True,117.99,,too expensive
S-10431,West,Monthly Plus,38.1,True,False,1148.23,3.7,
S-12765,West,Quarterly Bundle,99.5,True,0,"$2,758.47",8.6,
S-11437,Northeast,Monthly Essentials,72.8,True,False,152.27,8.7,
S-18112,Midwest,Monthly Essentials,92.2,No,False,$797.20,,
S-10139,Midwest,Quarterly Bundle,37.9,True,No,1443.06,2.5,
S-11308,West,Monthly Essentials,74.0,Yes,Yes,$657.56,7.3,no longer needed
S-14970,West,Monthly Plus,71.9,0,1,USD 1033.22,,poor quality
S-16304,West,Monthly Essentials,64.8,No,No,$417.54,,
S-14421,South,Quarterly Bundle,36.8,False,No,USD 3386.63,,
S-13232,Northeast,Monthly Plus,98.8,True,False,554.60,6.0,
S-18255,Northeast,Monthly Plus,99.6,False,False,"$1,239.33",,
S-18208,West,Monthly Plus,87.6,0,False,USD 492.36,,
S-14940,Northeast,Monthly Essentials,49.4,No,0,83.24,,
S-14023,Midwest,Monthly Plus,53.1,False,True,"$1,424.60",,
S-14322,Northeast,Monthly Essentials,47.6,0,0,$780.98,,
S-15559,Northeast,Quarterly Bundle,57.5,No,False,2675.53,,
S-16020,South,Monthly Essentials,71.4,0,0,USD 41.52,,
S-16877,Midwest,Monthly Essentials,97.6,No,No,117.32,,
S-10648,South,Monthly Essentials,41.4,True,True,USD 554.15,4.4,no longer needed
S-15238,Midwest,Monthly Essentials,59.9,No,False,638.72,,
S-15881,South,Quarterly Bundle,58.8,No,Yes,642.93,,found alternative
S-12048,West,Monthly Plus,71.6,Yes,No,$471.89,10.7,
S-11191,Midwest,Monthly Essentials,71.1,True,No,502.48,5.8,
S-11431,Northeast,Quarterly Bundle,71.8,True,False,2874.99,13.0,
S-10282,South,Monthly Plus,48.6,True,False,740.12,12.4,
S-17237,Northeast,Monthly Plus,77.9,False,False,"$1,175.41",,
S-11223,West,Monthly Plus,58.9,True,No,1067.52,9.8,
S-15743,Midwest,Quarterly Bundle,69.7,0,False,USD 3169.08,,
S-15791,Northeast,Monthly Essentials,60.7,0,No,$467.30,,
S-17331,South,Quarterly Bundle,80.9,False,0,2010.01,,
S-12779,Midwest,Monthly Plus,92.6,1,No,127.47,5.7,
S-15664,South,Monthly Plus,66.7,No,No,"$1,452.33",,
S-17206,Midwest,Monthly Plus,97.9,False,False,USD 172.89,,
S-16591,Northeast,Monthly Essentials,62.8,No,False,$629.40,,
S-10467,Northeast,Monthly Essentials,52.2,True,True,542.90,13.5,poor quality
S-14455,Northeast,Quarterly Bundle,40.6,No,No,USD 815.61,,
S-17648,South,Monthly Plus,86.7,No,False,128.14,,
S-13322,West,Quarterly Bundle,40.2,No,False,1791.08,,
S-13721,South,Quarterly Bundle,52.0,No,No,USD 1190.57,,
S-14278,West,Monthly Plus,52.4,False,1,938.17,,moving/relocating
S-15108,South,Monthly Plus,73.8,False,0,843.42,,
S-10882,Midwest,Monthly Essentials,53.7,1,0,666.34,1.5,
S-17713,Midwest,Monthly Essentials,96.5,No,No,751.55,,
S-18264,South,Monthly Essentials,85.3,False,0,964.96,,
S-16889,South,Monthly Plus,98.8,No,No,$297.97,,
S-17391,South,Quarterly Bundle,99.5,0,True,USD 1087.47,,bad support experience
S-16478,South,Monthly Essentials,73.6,False,0,107.61,,
S-16801,Midwest,Quarterly Bundle,80.9,No,No,1631.10,,
S-15086,Midwest,Monthly Plus,59.7,No,0,USD 362.56,,
S-16795,Midwest,Quarterly Bundle,78.1,0,False,"$3,537.36",,
S-17395,South,Quarterly Bundle,75.7,0,False,USD 2637.49,,
S-14867,Northeast,Quarterly Bundle,36.2,No,Yes,286.52,,no longer needed
S-13192,South,Monthly Essentials,77.3,Yes,False,$864.93,7.1,
S-15049,Northeast,Monthly Essentials,66.3,0,0,649.59,,
S-17474,Midwest,Quarterly Bundle,90.2,No,True,USD 452.16,,found alternative
S-18330,Midwest,Monthly Essentials,88.6,No,No,USD 643.20,,
S-12143,West,Monthly Essentials,69.6,1,No,USD 457.22,1.4,
S-15326,Midwest,Quarterly Bundle,66.9,False,No,"$3,187.59",,
S-18341,South,Monthly Essentials,96.4,No,False,USD 79.68,,
S-11211,Northeast,Monthly Essentials,60.6,True,False,497.62,14.0,
S-11387,West,Quarterly Bundle,58.8,True,No,$154.62,2.7,
S-12513,West,Monthly Essentials,76.0,True,False,$110.28,11.6,
S-12822,Midwest,Monthly Essentials,80.2,True,No,$548.34,2.5,
S-10026,Midwest,Monthly Plus,50.8,Yes,Yes,608.60,3.4,moving/relocating
S-11535,Midwest,Monthly Essentials,61.2,1,1,USD 819.92,7.5,moving/relocating
S-12635,Northeast,Monthly Essentials,83.6,True,0,USD 672.41,7.2,
S-18048,South,Monthly Essentials,90.6,False,No,484.12,,
S-14323,Northeast,Monthly Plus,40.6,No,False,297.37,,
S-11505,South,Monthly Essentials,58.9,Yes,False,USD 427.47,9.4,
S-13327,South,Quarterly Bundle,37.3,False,Yes,USD 1473.19,,paused indefinitely
S-13645,South,Monthly Essentials,41.5,False,No,$933.45,,
S-11994,Midwest,Monthly Essentials,68.1,1,Yes,361.68,9.6,too expensive
S-10129,South,Quarterly Bundle,51.6,Yes,Yes,3170.36,7.9,shipping issues
S-12272,Midwest,Quarterly Bundle,91.6,True,False,2546.06,4.4,
S-13722,West,Quarterly Bundle,50.6,No,False,USD 1579.37,,
S-14286,Midwest,Monthly Plus,38.0,No,Yes,1035.27,,bad support experience
S-12142,Midwest,Quarterly Bundle,61.4,Yes,0,678.86,12.4,
S-10226,South,Monthly Plus,46.6,1,Yes,672.32,0.1,moving/relocating
S-16745,West,Monthly Essentials,92.4,0,No,$611.91,,
S-13817,Northeast,Quarterly Bundle,42.1,False,1,3693.08,,bad support experience
S-17861,West,Quarterly Bundle,78.7,No,False,USD 1667.14,,
S-12590,Northeast,Monthly Essentials,80.6,True,1,USD 641.12,12.6,found alternative
S-12305,Midwest,Monthly Plus,92.3,True,False,959.57,12.1,
S-14250,West,Quarterly Bundle,52.8,No,No,3113.52,,
S-12401,West,Quarterly Bundle,86.6,Yes,No,2528.76,1.1,
S-13246,Northeast,Monthly Essentials,37.2,No,0,857.90,,
S-10185,Midwest,Monthly Plus,37.7,True,1,1043.85,1.7,bad support experience
S-12440,Northeast,Quarterly Bundle,85.9,True,Yes,1610.01,7.6,bad support experience
S-12197,South,Quarterly Bundle,82.4,True,False,1016.02,5.2,
S-17404,West,Monthly Essentials,93.9,False,No,181.38,,
S-15230,West,Monthly Essentials,66.1,No,False,$284.46,,
S-14906,West,Monthly Essentials,40.3,0,No,$455.64,,
S-14629,West,Quarterly Bundle,48.5,0,No,$641.33,,
S-15545,Midwest,Monthly Essentials,56.6,No,No,$38.58,,
S-10487,South,Monthly Essentials,39.5,Yes,Yes,767.78,6.4,
S-11653,Midwest,Monthly Plus,62.1,True,No,"$1,392.31",11.6,
S-14621,Midwest,Monthly Essentials,35.4,False,0,953.19,,
S-16320,West,Monthly Essentials,58.6,No,No,USD 445.84,,
S-12313,Northeast,Monthly Essentials,89.8,1,0,641.40,9.7,
S-13214,South,Monthly Essentials,90.5,True,False,USD 295.29,12.0,
S-11694,Midwest,Monthly Plus,60.3,1,True,"$1,255.27",3.7,shipping issues
S-13572,Northeast,Quarterly Bundle,38.3,0,No,"$1,395.98",,
S-17084,Northeast,Monthly Essentials,97.3,No,No,$316.92,,
S-14704,West,Quarterly Bundle,35.7,0,0,3643.74,,
S-10071,Northeast,Quarterly Bundle,43.7,True,Yes,USD 3387.14,9.4,too expensive
S-10195,West,Monthly Essentials,48.0,True,No,USD 500.24,0.9,
S-16140,West,Quarterly Bundle,59.9,False,False,USD 416.56,,
S-15462,Midwest,Monthly Plus,57.3,False,0,246.92,,
S-11097,Midwest,Monthly Essentials,56.5,Yes,0,USD 341.40,1.4,
S-13334,Northeast,Monthly Plus,38.1,False,False,906.32,,
S-10117,West,Monthly Plus,54.5,True,0,USD 449.17,2.1,
S-14548,West,Quarterly Bundle,49.4,False,No,"$1,548.80",,
S-15419,South,Monthly Essentials,64.9,False,False,678.55,,
S-13523,South,Quarterly Bundle,48.7,False,0,"$3,876.44",,
S-16236,Midwest,Monthly Plus,72.3,No,False,$237.34,,
S-15701,Northeast,Quarterly Bundle,56.5,No,No,1369.52,,
S-15161,Northeast,Quarterly Bundle,62.8,False,0,2406.33,,
S-15984,Midwest,Quarterly Bundle,73.5,0,True,"$3,361.74",,bad support experience
S-15984,Midwest,Quarterly Bundle,73.5,0,True,"$3,361.74",,bad support experience
S-17731,Northeast,Monthly Plus,76.2,0,0,745.09,,
S-17974,West,Monthly Plus,81.6,0,0,1445.15,,
S-10029,West,Quarterly Bundle,46.0,Yes,False,3220.13,4.9,
S-16339,Northeast,Monthly Plus,64.9,No,False,680.84,,
S-12644,Midwest,Monthly Essentials,79.8,Yes,False,450.41,1.5,
S-16906,Northeast,Quarterly Bundle,80.3,False,False,"$1,836.54",,
S-16029,South,Monthly Essentials,70.0,False,False,USD 505.60,,
S-12364,South,Monthly Plus,81.9,True,No,"$1,301.61",6.7,
S-16706,South,Quarterly Bundle,86.1,False,False,"$1,845.97",,
S-14699,West,Monthly Plus,51.4,False,No,$933.03,,
S-14699,West,Monthly Plus,51.4,False,No,$933.03,,
S-18364,Midwest,Quarterly Bundle,98.7,0,No,USD 3392.76,,
S-11809,Northeast,Monthly Essentials,69.5,True,No,USD 506.80,3.0,
S-13853,West,Monthly Plus,48.2,False,No,USD 818.14,,
S-17110,West,Quarterly Bundle,96.1,0,False,USD 1883.12,,
S-12595,Midwest,Monthly Essentials,83.0,True,0,191.32,3.3,
S-17708,South,Monthly Plus,76.6,No,False,1348.75,,
S-11669,Northeast,Monthly Essentials,57.9,True,No,USD 305.08,7.9,
S-14880,West,Monthly Plus,37.5,No,No,"$1,341.82",,
S-11152,Midwest,Quarterly Bundle,70.2,True,True,3512.30,13.0,found alternative
S-11622,West,Quarterly Bundle,63.7,Yes,No,"$1,832.34",1.0,
S-12722,South,Monthly Plus,88.2,Yes,False,USD 1256.46,7.0,
S-11808,Northeast,Quarterly Bundle,73.3,Yes,False,974.83,12.6,
S-17697,South,Monthly Essentials,89.9,No,No,889.25,,
S-11341,West,Quarterly Bundle,68.8,True,1,3249.05,13.8,poor quality
S-17936,Midwest,Monthly Plus,88.1,No,0,1249.57,,
S-14537,Northeast,Quarterly Bundle,42.6,No,1,869.73,,moving/relocating
S-15615,West,Monthly Essentials,55.6,No,No,USD 864.46,,
S-12530,Midwest,Monthly Plus,88.9,Yes,0,749.74,7.0,
S-14056,South,Quarterly Bundle,47.5,False,No,USD 2362.02,,
S-11163,South,Monthly Plus,73.6,Yes,No,212.68,13.6,
S-15705,Northeast,Quarterly Bundle,73.4,0,False,2701.18,,
S-11420,Northeast,Monthly Essentials,61.8,Yes,No,$416.17,2.8,
S-11347,Northeast,Monthly Essentials,56.6,True,No,USD 398.02,11.5,
S-11185,South,Quarterly Bundle,69.9,1,No,USD 2098.78,9.6,
S-14678,Midwest,Monthly Essentials,47.9,No,False,$327.54,,
S-17377,West,Monthly Essentials,91.8,False,False,$770.90,,
S-11104,West,Monthly Essentials,57.6,1,Yes,$522.03,2.9,no longer needed
S-10205,Midwest,Monthly Plus,46.8,Yes,True,315.69,2.4,bad support experience
S-17998,South,Monthly Plus,83.7,False,0,$651.38,,
S-15466,South,Monthly Plus,72.0,No,No,117.71,,
S-17174,West,Monthly Plus,95.9,0,False,1087.07,,
S-14841,South,Monthly Plus,54.5,False,No,535.34,,
S-11389,West,Monthly Essentials,71.3,Yes,Yes,1009.33,1.5,bad support experience
S-11637,South,Quarterly Bundle,71.8,True,Yes,"$3,843.14",10.7,
S-13072,West,Quarterly Bundle,98.8,Yes,0,1479.95,12.9,
S-11674,South,Monthly Essentials,71.1,True,False,$984.38,10.8,
S-16793,South,Monthly Essentials,76.9,0,False,$557.97,,
S-16142,Northeast,Monthly Essentials,66.8,No,0,119.17,,
S-15535,Northeast,Quarterly Bundle,66.7,False,0,2247.34,,
S-10270,West,Monthly Essentials,52.6,True,0,$347.59,2.5,
S-10102,South,Quarterly Bundle,52.0,True,True,158.20,10.5,no longer needed
S-10975,South,Monthly Plus,49.7,Yes,Yes,1029.76,12.3,shipping issues
S-17601,Midwest,Monthly Essentials,92.0,No,0,$494.41,,
S-12799,West,Monthly Essentials,94.1,True,No,$622.65,5.3,
S-16113,South,Monthly Plus,73.7,False,False,897.39,,
S-16492,West,Monthly Essentials,62.9,No,False,$115.22,,
S-17128,West,Quarterly Bundle,87.4,No,True,USD 145.71,,poor quality
S-14080,Northeast,Quarterly Bundle,42.2,No,False,USD 1246.48,,
S-17592,Northeast,Monthly Plus,80.3,No,0,USD 848.77,,
S-14889,West,Monthly Essentials,35.1,False,0,877.11,,
S-11340,West,Quarterly Bundle,69.2,1,False,3171.45,10.5,
S-10194,South,Quarterly Bundle,44.4,True,0,1632.33,5.1,
S-14116,Northeast,Monthly Essentials,49.8,False,0,USD 84.41,,
S-15256,West,Monthly Plus,61.3,No,False,"$1,366.57",,
S-18130,Midwest,Monthly Essentials,79.6,False,False,883.90,,
S-15458,Northeast,Quarterly Bundle,70.4,No,False,"$1,500.78",,
S-10098,West,Quarterly Bundle,43.5,True,True,"$3,460.00",7.6,found alternative
S-15801,Northeast,Quarterly Bundle,64.8,No,No,2884.66,,
S-12082,South,Quarterly Bundle,68.4,True,False,"$1,933.68",11.6,
S-14346,Midwest,Monthly Plus,36.8,No,1,1204.63,,shipping issues
S-12126,South,Quarterly Bundle,63.2,True,False,"$1,457.80",4.9,
S-16148,Northeast,Monthly Plus,74.4,No,False,USD 304.05,,
S-18174,West,Monthly Plus,98.6,False,False,USD 60.58,,
S-12005,Midwest,Quarterly Bundle,69.6,Yes,False,137.31,6.5,
S-13416,Midwest,Quarterly Bundle,44.1,False,No,"$3,337.06",,
S-11913,Northeast,Monthly Essentials,60.1,True,0,536.16,2.0,
S-16189,West,Monthly Plus,69.8,False,0,USD 761.56,,
S-12857,South,Quarterly Bundle,89.4,Yes,0,"$2,105.45",13.6,
S-11756,West,Quarterly Bundle,66.7,1,True,3220.98,4.0,found alternative
S-11433,Northeast,Monthly Essentials,56.4,1,Yes,211.11,8.3,too expensive
S-16045,Northeast,Monthly Plus,58.5,No,True,"$1,195.63",,too expensive
S-16835,West,Monthly Essentials,94.2,No,False,288.38,,
S-15030,Northeast,Monthly Essentials,73.1,0,No,$196.43,,
S-12490,Midwest,Monthly Plus,99.4,1,0,USD 596.83,11.2,
S-17115,Midwest,Monthly Essentials,89.5,0,False,$407.85,,
S-11854,West,Quarterly Bundle,60.2,True,No,304.82,12.1,
S-16598,Midwest,Monthly Essentials,60.2,No,False,USD 157.20,,
S-10488,Midwest,Monthly Essentials,39.1,Yes,0,USD 373.28,12.6,
S-12617,South,Monthly Plus,76.6,1,Yes,$659.67,2.3,bad support experience
S-12757,Northeast,Quarterly Bundle,98.0,True,0,"$2,065.64",7.1,
S-14480,Midwest,Quarterly Bundle,41.4,0,No,"$2,014.76",,
S-18177,Northeast,Monthly Plus,99.3,No,False,692.03,,
S-11125,Midwest,Monthly Essentials,72.8,1,False,$892.58,6.1,
S-17939,West,Monthly Plus,77.8,No,False,$268.03,,
S-13714,Northeast,Quarterly Bundle,52.3,0,No,808.96,,
S-13779,South,Monthly Essentials,35.9,False,No,501.97,,
S-11009,South,Monthly Plus,45.1,Yes,1,455.24,13.0,moving/relocating
S-10157,South,Quarterly Bundle,38.6,1,Yes,292.24,0.3,shipping issues
S-15732,South,Monthly Essentials,57.2,No,0,292.98,,
S-11753,South,Quarterly Bundle,63.9,True,0,"$2,760.78",11.5,
S-11678,Midwest,Monthly Essentials,64.1,True,False,626.68,9.3,
S-11530,South,Quarterly Bundle,58.9,1,0,1239.30,13.8,
S-14012,West,Monthly Plus,47.2,0,False,USD 60.38,,
S-17223,Midwest,Quarterly Bundle,99.8,False,No,"$1,373.62",,
S-17539,Northeast,Monthly Essentials,93.0,0,False,$381.37,,
S-10607,South,Monthly Essentials,53.2,True,No,455.77,6.3,
S-15867,West,Monthly Plus,59.6,False,No,$464.71,,
S-13881,Midwest,Monthly Essentials,39.5,False,0,$457.31,,
S-11793,South,Monthly Essentials,74.6,1,False,$978.62,2.6,
S-10872,Northeast,Quarterly Bundle,38.0,1,True,USD 306.73,6.4,too expensive
S-10192,Midwest,Monthly Plus,52.0,Yes,False,379.00,8.3,
S-13925,Midwest,Quarterly Bundle,54.2,False,No,3552.71,,
S-10551,Midwest,Monthly Essentials,37.1,1,0,829.86,0.4,
S-13485,South,Quarterly Bundle,38.6,0,No,USD 1709.04,,
S-18042,Northeast,Quarterly Bundle,93.1,0,False,"$3,112.28",,
S-16101,West,Quarterly Bundle,61.2,False,True,"$2,129.02",,moving/relocating
S-10733,South,Quarterly Bundle,49.0,True,False,USD 1457.99,8.2,
S-10640,Midwest,Quarterly Bundle,49.7,1,True,2041.67,9.3,
S-16726,South,Quarterly Bundle,93.7,0,No,"$1,677.33",,
S-15734,South,Monthly Essentials,56.3,False,True,$648.38,,
S-15722,South,Monthly Plus,64.7,0,False,USD 1519.71,,
S-10455,Midwest,Quarterly Bundle,49.0,Yes,No,1415.42,13.7,
S-12860,Midwest,Monthly Essentials,92.9,True,No,$451.43,6.5,
S-16187,Northeast,Monthly Essentials,69.4,No,False,$608.07,,
S-18319,South,Quarterly Bundle,88.3,False,False,2988.73,,
S-13263,West,Monthly Plus,37.8,No,Yes,766.95,,no longer needed
S-15612,Midwest,Monthly Plus,58.5,False,Yes,"$1,295.44",,bad support experience
S-16702,Midwest,Monthly Plus,85.0,0,False,USD 446.96,,
S-16207,Midwest,Monthly Essentials,67.2,No,No,297.85,,
S-16293,Northeast,Monthly Plus,56.7,False,No,$54.70,,
S-10581,West,Quarterly Bundle,42.0,True,True,1128.90,4.8,paused indefinitely
S-17712,Northeast,Monthly Plus,84.3,False,False,1024.58,,
S-11961,West,Quarterly Bundle,73.3,1,True,"$3,696.57",0.7,
S-15986,Northeast,Monthly Essentials,63.1,No,False,526.98,,
S-12537,South,Quarterly Bundle,79.8,Yes,Yes,2848.38,10.4,no longer needed
S-16880,South,Monthly Plus,79.3,False,No,959.94,,
S-11626,Midwest,Monthly Plus,55.3,Yes,True,$442.77,4.7,bad support experience
S-16536,Northeast,Monthly Plus,61.6,False,0,USD 427.86,,
S-10218,Northeast,Monthly Essentials,46.9,Yes,False,511.37,1.5,
S-17851,West,Monthly Essentials,86.2,No,False,$679.95,,
S-12358,West,Monthly Essentials,93.0,Yes,False,$662.60,13.3,
S-16242,Northeast,Quarterly Bundle,57.7,False,False,3188.04,,
S-15513,Northeast,Monthly Plus,55.9,No,False,$374.29,,
S-14344,Northeast,Monthly Plus,51.1,False,No,1217.62,,
S-11804,South,Monthly Plus,56.4,1,0,516.58,5.0,
S-14670,Northeast,Monthly Essentials,44.7,False,0,365.29,,
S-10856,Northeast,Monthly Plus,45.1,True,True,176.60,1.8,shipping issues
S-10040,Northeast,Monthly Essentials,45.4,True,1,865.52,3.7,paused indefinitely
S-11878,South,Quarterly Bundle,55.7,True,False,588.23,1.4,
S-17307,Northeast,Monthly Essentials,92.5,0,No,USD 881.32,,
S-11199,West,Monthly Essentials,63.4,True,False,557.29,9.8,
S-17644,Northeast,Quarterly Bundle,92.5,False,False,"$2,399.68",,
S-14167,Northeast,Monthly Plus,54.1,False,0,572.39,,
S-12618,Midwest,Monthly Plus,93.8,Yes,Yes,564.35,9.0,no longer needed
S-14859,West,Quarterly Bundle,35.1,False,False,2443.00,,
S-11635,West,Quarterly Bundle,71.0,Yes,1,USD 709.66,10.8,bad support experience
S-13443,West,Monthly Essentials,50.5,False,False,$801.03,,
S-12183,South,Quarterly Bundle,83.6,True,No,USD 2063.04,4.7,
S-15183,Midwest,Monthly Plus,64.9,No,True,USD 1438.44,,moving/relocating
S-15905,South,Monthly Plus,55.5,False,False,$597.83,,
S-17365,Midwest,Quarterly Bundle,80.7,False,0,280.76,,
S-17365,Midwest,Quarterly Bundle,80.7,False,0,280.76,,
S-12941,Midwest,Monthly Plus,87.9,1,No,USD 1320.03,0.1,
S-12829,South,Quarterly Bundle,76.8,True,False,2774.31,9.3,
S-14676,South,Monthly Essentials,44.0,No,No,673.97,,
S-18296,West,Monthly Essentials,79.8,0,No,$634.27,,
S-13495,Midwest,Monthly Plus,35.3,No,False,1179.47,,
S-12116,Northeast,Quarterly Bundle,70.6,Yes,0,3120.10,4.1,
S-15074,South,Monthly Essentials,64.8,No,No,284.23,,
S-11880,West,Monthly Essentials,55.8,Yes,0,464.58,9.3,
S-14454,Midwest,Monthly Essentials,38.9,False,No,516.22,,
S-10432,Northeast,Monthly Essentials,36.9,True,False,597.69,13.4,
S-15143,Northeast,Monthly Essentials,58.1,False,False,308.91,,
S-17909,South,Monthly Plus,86.2,False,0,588.72,,
S-14492,West,Monthly Plus,47.6,False,1,54.78,,moving/relocating
S-10181,South,Monthly Essentials,37.6,1,True,186.35,9.7,poor quality
S-13861,Midwest,Monthly Plus,43.2,False,0,750.92,,
S-13861,Midwest,Monthly Plus,43.2,False,0,750.92,,
S-15617,Northeast,Quarterly Bundle,58.5,No,No,USD 1524.21,,
S-17827,Northeast,Monthly Essentials,88.1,False,0,371.77,,
S-12119,Midwest,Quarterly Bundle,65.7,1,False,3514.50,12.6,
S-16869,Midwest,Quarterly Bundle,81.7,No,False,$971.42,,
S-15926,Northeast,Monthly Plus,56.2,False,Yes,359.00,,moving/relocating
S-12224,South,Monthly Essentials,79.9,True,No,255.75,3.2,
S-13741,Northeast,Quarterly Bundle,35.4,No,No,459.08,,
S-10628,West,Monthly Plus,52.3,1,True,1367.37,7.8,shipping issues
S-16181,Midwest,Monthly Plus,68.4,False,False,451.19,,
S-15799,Northeast,Quarterly Bundle,65.3,False,False,"$1,421.25",,
S-10368,Midwest,Monthly Plus,44.3,1,True,$458.78,4.0,moving/relocating
S-11000,Northeast,Monthly Essentials,45.5,True,True,$460.47,8.9,
S-11708,Northeast,Monthly Plus,55.5,Yes,True,"$1,454.47",0.2,
S-15273,Northeast,Monthly Plus,59.5,0,0,970.53,,
S-14920,Midwest,Monthly Plus,40.3,False,No,$390.83,,
S-14894,South,Monthly Plus,54.4,False,No,378.16,,
S-16344,Midwest,Monthly Essentials,70.1,No,No,37.34,,
S-12147,West,Quarterly Bundle,75.0,1,No,"$3,108.66",4.7,
S-13259,Midwest,Quarterly Bundle,40.9,No,No,2026.34,,
S-14005,South,Monthly Essentials,35.8,0,0,USD 122.40,,
S-18180,South,Quarterly Bundle,86.3,False,No,"$1,412.09",,
S-10206,West,Monthly Essentials,37.1,Yes,No,USD 744.70,11.9,
S-11156,South,Quarterly Bundle,74.4,Yes,Yes,2601.38,9.2,moving/relocating
S-15185,West,Quarterly Bundle,58.6,False,No,$685.75,,
S-14299,Northeast,Monthly Essentials,40.1,False,No,644.65,,
S-17389,South,Monthly Essentials,95.2,False,No,$816.38,,
S-12960,South,Monthly Plus,75.2,1,True,1346.81,2.9,found alternative
S-14077,South,Monthly Essentials,54.5,No,No,35.90,,
S-16423,Midwest,Monthly Plus,66.8,False,0,1249.98,,
S-16862,South,Monthly Plus,86.9,No,No,$808.39,,
S-13609,Midwest,Monthly Essentials,45.9,0,1,678.92,,
S-14398,Midwest,Monthly Plus,49.7,False,False,USD 440.95,,
S-15168,South,Monthly Essentials,62.6,No,0,274.39,,
S-11571,West,Monthly Plus,59.9,Yes,False,58.97,4.8,
S-15890,West,Quarterly Bundle,73.7,No,No,280.76,,
S-11031,West,Monthly Essentials,36.0,True,Yes,$672.50,2.5,
S-15138,West,Monthly Plus,71.4,False,False,"$1,029.05",,
S-11412,Midwest,Monthly Plus,63.8,True,1,239.50,12.3,moving/relocating
S-17828,South,Monthly Plus,89.1,No,No,1225.35,,
S-10199,Northeast,Quarterly Bundle,35.1,Yes,No,"$3,557.23",13.4,
S-10199,Northeast,Quarterly Bundle,35.1,Yes,No,"$3,557.23",13.4,
S-14724,Midwest,Quarterly Bundle,38.4,No,0,USD 1762.67,,
S-13024,Northeast,Quarterly Bundle,85.8,True,No,USD 3602.73,7.5,
S-13095,Northeast,Monthly Essentials,75.2,Yes,False,105.87,3.0,
S-17184,Northeast,Monthly Essentials,85.1,False,No,$932.78,,
S-16262,West,Monthly Plus,66.6,False,True,996.38,,found alternative
S-10981,West,Monthly Essentials,39.1,Yes,False,324.32,9.4,
S-10936,Midwest,Quarterly Bundle,35.9,Yes,True,USD 289.54,13.8,bad support experience
S-10081,South,Quarterly Bundle,47.0,Yes,True,3923.33,1.9,too expensive
S-15975,Midwest,Monthly Essentials,74.1,No,No,USD 600.48,,
S-12958,West,Monthly Essentials,85.1,True,0,281.69,13.5,
S-17603,West,Monthly Essentials,86.1,False,0,$586.23,,
S-15493,Midwest,Quarterly Bundle,71.5,False,False,USD 646.68,,
S-12706,West,Monthly Essentials,91.4,Yes,False,USD 660.68,10.6,
S-11867,West,Monthly Essentials,67.4,Yes,True,USD 144.73,10.9,moving/relocating
S-16076,Midwest,Monthly Plus,58.5,No,Yes,USD 335.42,,shipping issues
S-15125,Midwest,Monthly Plus,68.1,0,False,"$1,214.62",,
S-16507,South,Quarterly Bundle,65.4,False,False,"$1,269.73",,
S-17221,South,Monthly Essentials,91.7,0,0,885.86,,
S-12744,South,Monthly Essentials,98.5,True,No,$797.78,6.0,
S-14305,South,Monthly Plus,42.0,False,False,USD 821.81,,
S-12310,West,Monthly Plus,97.8,Yes,True,1272.76,13.6,
S-11517,Midwest,Monthly Essentials,71.1,True,Yes,$892.62,1.6,moving/relocating
S-14413,West,Monthly Plus,44.4,False,No,$439.03,,
S-11611,West,Monthly Plus,55.3,Yes,False,$108.73,9.5,
S-18055,Midwest,Monthly Essentials,88.7,False,False,$814.13,,
S-17685,Midwest,Monthly Plus,81.7,No,0,$350.54,,
S-11584,Midwest,Monthly Essentials,56.2,Yes,No,$762.52,1.8,
S-11173,South,Quarterly Bundle,72.4,Yes,Yes,2835.15,5.9,paused indefinitely
S-11562,West,Monthly Plus,67.2,Yes,False,1334.51,7.9,
S-13541,South,Monthly Plus,46.6,0,0,USD 870.44,,
S-10113,Northeast,Monthly Plus,47.8,Yes,True,USD 59.90,5.4,poor quality
S-10888,Northeast,Quarterly Bundle,53.2,True,Yes,$304.51,2.4,paused indefinitely
S-13666,South,Monthly Plus,50.9,0,False,USD 475.80,,
S-13666,South,Monthly Plus,50.9,0,False,USD 475.80,,
S-15597,Northeast,Quarterly Bundle,61.5,No,No,$755.22,,
S-11058,Northeast,Monthly Essentials,50.5,Yes,Yes,USD 719.56,5.4,shipping issues
S-15776,West,Monthly Essentials,58.4,0,No,170.38,,
S-11852,South,Monthly Plus,69.4,Yes,False,436.74,12.5,
S-11908,Northeast,Monthly Essentials,56.0,Yes,0,$293.51,4.5,
S-11773,Midwest,Quarterly Bundle,65.0,Yes,1,USD 3113.76,12.7,poor quality
S-14835,West,Quarterly Bundle,40.7,No,False,2004.03,,
S-14722,West,Monthly Plus,48.7,No,No,USD 1037.19,,
S-13249,Northeast,Monthly Essentials,50.2,No,1,$892.15,,moving/relocating
S-16150,Midwest,Monthly Plus,71.8,False,False,1354.03,,
S-17480,West,Quarterly Bundle,91.0,0,No,3748.93,,
S-12166,Midwest,Quarterly Bundle,97.4,Yes,False,2382.11,3.5,
S-10506,Midwest,Monthly Essentials,37.5,Yes,True,$419.08,7.7,found alternative
S-10727,Midwest,Monthly Plus,42.9,Yes,1,218.06,5.6,found alternative
S-11610,Northeast,Quarterly Bundle,57.6,Yes,True,"$2,886.39",0.4,too expensive
S-18273,West,Monthly Essentials,96.9,False,False,293.91,,
S-14590,West,Monthly Essentials,44.1,False,False,428.06,,
S-15976,Midwest,Monthly Plus,67.0,No,False,$732.81,,
S-13195,Midwest,Monthly Essentials,78.3,1,False,$642.03,9.8,
S-10279,West,Monthly Essentials,54.1,Yes,True,$110.11,5.9,shipping issues
S-14205,Midwest,Quarterly Bundle,48.4,False,False,3070.58,,
S-10323,South,Monthly Essentials,52.2,True,True,591.88,12.0,bad support experience
S-11339,Midwest,Monthly Essentials,63.3,Yes,Yes,$898.05,2.2,shipping issues
S-16871,West,Monthly Plus,79.9,False,1,446.15,,
S-12198,Midwest,Monthly Essentials,79.5,True,False,USD 453.26,4.9,
S-12880,West,Monthly Plus,78.9,True,False,USD 1137.94,6.4,
S-17095,Northeast,Monthly Plus,93.1,0,False,"$1,301.81",,
S-13758,Midwest,Monthly Plus,38.6,0,0,$614.45,,
S-18321,Midwest,Quarterly Bundle,94.6,No,0,1571.88,,
S-10131,West,Monthly Essentials,48.4,Yes,1,$634.67,3.2,moving/relocating
S-15530,Northeast,Quarterly Bundle,57.7,No,No,"$3,288.94",,
S-13093,Northeast,Monthly Plus,94.3,Yes,No,1246.81,12.0,
S-17200,South,Quarterly Bundle,79.7,No,No,USD 489.75,,
S-12529,Midwest,Monthly Essentials,76.1,1,No,837.86,7.1,
S-14474,Midwest,Quarterly Bundle,53.7,No,0,1710.70,,
S-16546,Midwest,Monthly Plus,73.1,False,False,USD 108.82,,
S-14355,Midwest,Monthly Plus,53.4,False,False,939.53,,
S-12065,West,Monthly Essentials,68.2,True,True,USD 737.20,9.9,bad support experience
S-15036,Midwest,Monthly Essentials,66.4,No,False,USD 820.06,,
S-13848,Northeast,Monthly Essentials,44.2,0,1,$166.05,,
S-17517,Midwest,Quarterly Bundle,82.8,False,No,"$3,245.87",,
S-11984,Midwest,Monthly Plus,62.2,Yes,False,$241.44,12.9,
S-14733,Northeast,Monthly Plus,51.4,0,True,1185.17,,too expensive
S-15670,Midwest,Monthly Essentials,72.8,False,0,$978.12,,
S-18361,Northeast,Monthly Essentials,80.9,No,False,$427.68,,
S-12328,Midwest,Monthly Plus,86.5,1,False,609.71,11.6,
S-14587,South,Quarterly Bundle,42.3,0,No,3096.23,,
S-16257,West,Monthly Essentials,68.9,No,No,321.18,,
S-17382,South,Quarterly Bundle,81.6,No,No,1513.83,,
S-13875,Midwest,Monthly Essentials,49.8,No,No,$341.01,,
S-17928,Midwest,Quarterly Bundle,88.2,0,No,1556.89,,
S-18324,South,Monthly Plus,80.2,0,0,$305.29,,
S-10229,Midwest,Monthly Essentials,43.9,Yes,Yes,USD 483.56,12.6,moving/relocating
S-18271,Northeast,Quarterly Bundle,78.4,No,No,1569.50,,
S-17351,South,Quarterly Bundle,94.0,0,0,$153.43,,
S-10208,South,Monthly Essentials,50.9,True,Yes,$392.42,1.5,bad support experience
S-10428,West,Monthly Essentials,49.6,True,Yes,USD 864.79,12.4,found alternative
S-13138,South,Monthly Essentials,90.9,True,No,$463.53,4.0,
S-12311,Midwest,Quarterly Bundle,94.8,1,False,905.73,11.2,
S-13142,Midwest,Quarterly Bundle,92.1,Yes,No,2778.14,7.8,
S-11094,Northeast,Monthly Essentials,61.0,True,True,$428.53,9.6,too expensive
S-11290,South,Monthly Plus,69.6,Yes,False,828.78,6.5,
S-12321,Northeast,Monthly Plus,75.0,Yes,False,1154.88,3.6,
S-13787,Midwest,Monthly Essentials,48.2,False,No,$905.39,,
S-15790,Midwest,Monthly Plus,65.1,0,False,1413.64,,
S-10998,Northeast,Monthly Plus,45.6,1,False,914.40,0.1,
S-12788,West,Quarterly Bundle,77.9,Yes,False,1598.48,5.1,
S-17570,Northeast,Monthly Plus,95.5,False,False,876.80,,
S-16361,South,Monthly Essentials,72.9,No,False,398.02,,
S-10198,South,Monthly Essentials,42.4,True,1,991.15,2.0,too expensive
S-13539,South,Monthly Essentials,42.8,No,True,494.39,,found alternative
S-12794,South,Quarterly Bundle,97.3,True,False,"$2,711.82",1.8,
S-10518,Midwest,Monthly Plus,48.9,True,Yes,1477.04,5.1,no longer needed
S-10094,Northeast,Monthly Essentials,38.1,1,Yes,USD 325.94,13.1,shipping issues
S-18261,West,Monthly Plus,80.2,No,No,1242.50,,
S-13449,West,Quarterly Bundle,48.1,No,True,"$1,636.42",,paused indefinitely
S-17632,West,Monthly Essentials,83.4,No,False,$335.75,,
S-17336,Northeast,Quarterly Bundle,87.6,0,0,2234.56,,
S-10401,Midwest,Quarterly Bundle,37.8,Yes,True,$563.81,4.8,paused indefinitely
S-15955,Midwest,Monthly Essentials,74.2,No,False,804.64,,
S-15175,Northeast,Quarterly Bundle,73.2,False,0,2215.32,,
S-17525,South,Quarterly Bundle,81.3,0,No,846.58,,
S-17525,South,Quarterly Bundle,81.3,0,No,846.58,,
S-14057,West,Monthly Plus,36.8,False,No,USD 1366.72,,
S-11719,Northeast,Monthly Essentials,72.4,1,1,USD 558.95,7.8,
S-17747,Northeast,Monthly Plus,83.3,No,No,923.57,,
S-14437,Northeast,Monthly Essentials,47.3,No,No,$363.59,,
S-14437,Northeast,Monthly Essentials,47.3,No,No,$363.59,,
S-11498,Northeast,Monthly Plus,57.3,Yes,No,$537.26,9.8,
S-13968,South,Monthly Essentials,37.0,False,No,122.24,,
S-17941,West,Monthly Essentials,90.9,False,False,39.56,,
S-11283,Midwest,Monthly Essentials,63.5,True,No,248.59,6.1,
S-14341,Northeast,Monthly Plus,38.9,No,False,$438.89,,
S-10724,South,Monthly Essentials,47.6,1,False,USD 887.14,10.3,
S-16486,West,Quarterly Bundle,71.7,False,False,"$2,049.20",,
S-16600,West,Monthly Essentials,72.9,False,0,USD 522.11,,
S-16831,Midwest,Monthly Plus,78.4,False,No,650.13,,
S-12422,West,Monthly Essentials,75.2,True,0,216.41,8.8,
S-13299,South,Monthly Plus,44.9,No,0,705.01,,
S-10770,West,Quarterly Bundle,38.8,Yes,1,$704.57,10.5,shipping issues
S-10773,Midwest,Quarterly Bundle,44.5,True,No,USD 1793.11,1.5,
S-17141,Northeast,Monthly Essentials,85.0,No,False,USD 785.87,,
S-16167,Midwest,Monthly Essentials,72.0,False,False,USD 575.81,,
S-10514,West,Monthly Essentials,40.1,True,0,1022.17,13.3,
S-14891,Northeast,Monthly Essentials,39.5,False,No,669.44,,
S-13690,South,Quarterly Bundle,54.0,False,False,USD 298.36,,
S-17103,West,Quarterly Bundle,90.7,0,No,"$3,628.58",,
S-11448,Northeast,Monthly Plus,65.7,True,False,1013.72,4.1,
S-12335,Midwest,Monthly Essentials,77.0,True,Yes,41.81,9.8,
S-12385,Northeast,Monthly Plus,89.6,Yes,No,649.46,3.8,
S-11489,West,Monthly Essentials,60.8,True,1,USD 380.91,4.7,found alternative
S-13058,West,Monthly Essentials,86.5,True,No,USD 283.42,0.4,
S-11634,Midwest,Monthly Plus,64.8,True,True,$314.54,6.7,poor quality
S-13646,South,Monthly Plus,51.6,No,False,1326.54,,
S-11686,South,Monthly Plus,65.0,Yes,Yes,$900.28,3.6,shipping issues
S-16654,South,Quarterly Bundle,69.2,False,No,USD 1347.00,,
S-13790,Midwest,Quarterly Bundle,40.1,No,No,USD 3067.13,,
S-13163,Midwest,Quarterly Bundle,76.7,True,No,USD 885.62,7.4,
S-16912,South,Quarterly Bundle,93.9,0,No,USD 462.18,,
S-14689,Northeast,Quarterly Bundle,46.8,False,No,1032.99,,
S-17327,Northeast,Monthly Plus,95.1,No,False,$231.09,,
S-10179,Northeast,Quarterly Bundle,54.9,True,False,1751.98,5.3,
S-12008,South,Quarterly Bundle,74.9,True,No,USD 978.83,1.5,
S-17035,Northeast,Monthly Plus,99.3,False,Yes,946.24,,too expensive
S-16822,Northeast,Monthly Essentials,88.2,0,No,510.94,,
S-16124,South,Monthly Essentials,61.7,0,No,$486.47,,
S-15312,West,Monthly Essentials,59.8,No,False,327.34,,
S-15636,West,Monthly Essentials,64.3,False,No,$742.13,,
S-17528,Northeast,Monthly Plus,85.4,No,No,USD 108.48,,
S-16805,Northeast,Quarterly Bundle,92.8,False,False,"$2,049.60",,
S-15254,West,Quarterly Bundle,73.8,No,No,960.20,,
S-13960,Midwest,Quarterly Bundle,48.6,0,False,$141.50,,
S-12606,West,Monthly Essentials,99.2,Yes,False,$313.06,1.5,
S-11395,West,Quarterly Bundle,69.9,1,False,2105.33,11.8,
S-18147,Northeast,Quarterly Bundle,90.0,No,False,"$1,661.09",,
S-11326,Midwest,Monthly Essentials,57.0,1,True,985.21,5.5,
S-15775,Midwest,Monthly Essentials,74.8,False,No,$334.49,,
S-17856,Midwest,Monthly Plus,83.8,False,No,"$1,117.57",,
S-15433,West,Monthly Essentials,57.1,No,0,$397.42,,
S-11835,West,Monthly Plus,67.5,True,True,914.00,6.8,shipping issues
S-11697,South,Monthly Essentials,55.5,Yes,No,$593.94,12.2,
S-11449,Midwest,Monthly Essentials,62.5,Yes,Yes,672.40,12.4,poor quality
S-10958,Northeast,Monthly Plus,46.7,1,Yes,256.72,12.1,moving/relocating
S-12338,Midwest,Monthly Plus,77.0,True,No,$219.60,11.5,
S-16603,South,Monthly Essentials,57.9,False,No,873.88,,
S-13710,West,Monthly Essentials,38.4,0,False,$501.30,,
S-18234,South,Monthly Plus,80.1,No,No,$880.81,,
S-13717,West,Monthly Essentials,42.3,No,False,$492.02,,
S-12776,Midwest,Quarterly Bundle,83.9,1,False,2777.46,7.9,
S-10104,Northeast,Monthly Essentials,48.3,Yes,1,$779.62,13.4,too expensive
S-16686,Northeast,Quarterly Bundle,88.3,0,No,2367.83,,
S-17387,Northeast,Monthly Plus,77.9,False,False,USD 1092.22,,
S-11098,Northeast,Quarterly Bundle,66.0,True,False,USD 3808.07,8.6,
S-15911,South,Quarterly Bundle,61.3,False,No,"$3,206.62",,
S-13769,Midwest,Monthly Essentials,52.7,0,No,39.03,,
S-18165,Midwest,Monthly Plus,79.3,No,False,USD 1193.07,,
S-15265,Northeast,Monthly Plus,69.8,No,No,446.40,,
S-10654,West,Quarterly Bundle,51.5,True,True,$626.48,11.7,paused indefinitely
S-14907,South,Monthly Essentials,42.5,No,No,293.74,,
S-11113,Northeast,Quarterly Bundle,56.1,True,False,USD 293.42,2.9,
S-13267,West,Quarterly Bundle,52.5,No,0,3034.74,,
S-16314,South,Monthly Essentials,69.5,False,Yes,82.82,,moving/relocating
S-15540,West,Monthly Plus,73.6,False,0,445.62,,
S-11896,Midwest,Monthly Essentials,58.5,Yes,No,$404.08,10.2,
S-15500,South,Monthly Plus,63.9,0,False,613.81,,
S-14307,South,Monthly Essentials,51.3,No,No,USD 40.76,,
S-16780,West,Quarterly Bundle,89.7,False,No,3272.72,,
S-17120,Northeast,Quarterly Bundle,81.0,No,No,USD 1994.15,,
S-17042,South,Monthly Essentials,94.3,No,False,813.46,,
S-11327,Northeast,Monthly Plus,74.0,Yes,False,$708.35,10.8,
S-10118,South,Monthly Essentials,39.4,1,True,314.93,7.3,bad support experience
S-12037,West,Monthly Essentials,60.0,1,False,USD 74.10,12.4,
S-15494,Northeast,Quarterly Bundle,62.8,False,False,"$2,207.06",,
S-14554,Northeast,Monthly Essentials,35.3,No,No,$292.77,,
S-17116,South,Monthly Plus,97.3,No,No,354.49,,
S-12011,South,Quarterly Bundle,62.9,Yes,False,USD 3276.07,3.2,
S-13154,West,Monthly Plus,91.3,Yes,False,$726.77,10.4,
S-13194,South,Monthly Essentials,75.2,Yes,No,504.45,6.1,
S-16815,South,Quarterly Bundle,99.3,No,True,2004.44,,paused indefinitely
S-15758,South,Monthly Essentials,74.8,False,False,564.74,,
S-17148,West,Quarterly Bundle,93.6,False,False,1150.69,,
S-17994,South,Monthly Plus,77.0,No,False,"$1,368.26",,
S-17775,Northeast,Monthly Plus,92.0,False,False,656.20,,
S-11233,West,Monthly Essentials,64.3,True,Yes,$74.53,8.9,bad support experience
S-13855,South,Monthly Plus,36.6,No,False,USD 905.83,,
S-12092,West,Quarterly Bundle,58.6,Yes,0,USD 3511.94,10.8,
S-13244,Midwest,Monthly Plus,47.3,No,No,271.06,,
S-11467,Northeast,Monthly Plus,56.7,1,No,$603.23,10.5,
S-11086,South,Quarterly Bundle,66.0,Yes,No,2752.74,3.0,
S-17906,West,Quarterly Bundle,78.1,No,False,$148.71,,
S-14935,South,Quarterly Bundle,52.6,0,False,2178.71,,
S-16485,West,Monthly Essentials,67.4,0,False,$117.77,,
S-16033,West,Monthly Plus,64.8,False,True,289.31,,poor quality
S-16467,West,Monthly Plus,72.4,No,False,USD 600.49,,
S-11752,West,Monthly Essentials,65.7,True,True,USD 826.71,2.7,moving/relocating
S-12207,Midwest,Monthly Plus,95.4,True,0,$722.82,12.7,
S-17282,South,Quarterly Bundle,77.8,False,False,USD 3926.71,,
S-13451,Midwest,Quarterly Bundle,53.5,False,No,709.23,,
S-14831,Northeast,Monthly Plus,45.6,No,No,1453.79,,
S-11938,South,Monthly Plus,67.1,True,No,USD 118.42,4.8,
S-12614,South,Monthly Essentials,79.5,Yes,No,849.69,12.6,
S-17971,Northeast,Quarterly Bundle,86.5,No,No,1420.05,,
S-14377,Midwest,Quarterly Bundle,54.4,0,0,978.52,,
S-16675,Midwest,Quarterly Bundle,69.5,No,False,403.18,,
S-18057,West,Quarterly Bundle,93.1,No,No,314.39,,
S-13935,West,Quarterly Bundle,53.1,False,False,"$1,361.68",,
S-10489,Midwest,Quarterly Bundle,40.8,True,True,USD 1907.14,5.9,too expensive
S-11907,Midwest,Monthly Plus,62.0,True,False,661.86,8.0,
S-10870,Midwest,Monthly Essentials,42.7,Yes,True,$703.33,10.0,bad support experience
S-10144,South,Monthly Plus,54.9,True,1,115.98,2.8,paused indefinitely
S-17246,South,Monthly Essentials,82.8,False,False,USD 184.01,,
S-15145,Northeast,Quarterly Bundle,66.0,0,No,$160.84,,
S-15144,West,Monthly Plus,68.2,No,False,$623.69,,
S-11816,South,Monthly Plus,60.2,True,No,$246.21,0.1,
S-11842,Northeast,Monthly Plus,57.1,Yes,Yes,$64.16,8.5,no longer needed
S-10618,South,Monthly Essentials,53.5,Yes,Yes,225.90,1.5,shipping issues
S-11492,South,Monthly Essentials,59.3,1,True,785.64,11.4,found alternative
S-15803,Midwest,Monthly Plus,66.9,False,0,$269.02,,
S-12047,Northeast,Quarterly Bundle,55.1,True,No,2980.83,2.8,
S-13979,West,Quarterly Bundle,45.8,False,False,1675.15,,
S-14516,Midwest,Monthly Essentials,54.3,0,No,119.08,,
S-15969,Midwest,Quarterly Bundle,63.5,No,False,1851.31,,
S-12407,Midwest,Quarterly Bundle,94.3,True,False,"$1,215.93",2.2,
S-10526,South,Monthly Plus,35.1,True,True,"$1,053.28",11.6,paused indefinitely
S-13026,Midwest,Monthly Plus,78.9,Yes,0,$881.77,12.1,
S-12739,West,Quarterly Bundle,78.3,Yes,No,"$3,609.34",8.1,
S-14091,Northeast,Quarterly Bundle,48.6,No,True,$469.01,,bad support experience
S-11850,West,Monthly Plus,66.1,True,0,798.01,8.3,
S-15929,Northeast,Monthly Essentials,59.2,False,False,786.48,,
S-14799,Midwest,Monthly Plus,38.3,False,No,1213.38,,
S-16495,Midwest,Monthly Essentials,66.2,False,No,830.69,,
S-15992,Northeast,Monthly Plus,63.2,False,False,318.89,,
S-13535,West,Quarterly Bundle,45.2,0,False,$151.46,,
S-17996,West,Monthly Essentials,80.7,0,False,844.09,,
S-13557,South,Quarterly Bundle,45.7,No,False,"$1,764.66",,
S-17460,South,Quarterly Bundle,87.8,No,No,1222.79,,
S-15389,West,Monthly Essentials,73.2,0,No,USD 718.01,,
S-11795,Northeast,Quarterly Bundle,71.5,True,False,"$1,719.51",12.1,
S-13284,Northeast,Monthly Plus,53.2,No,False,USD 340.81,,
S-14273,South,Monthly Essentials,51.8,No,No,USD 471.03,,
S-17835,South,Monthly Plus,95.7,No,No,$108.35,,
S-12837,West,Monthly Plus,91.4,True,True,902.86,5.2,
S-11771,Midwest,Quarterly Bundle,56.3,1,True,$845.74,12.1,poor quality
S-15496,Midwest,Monthly Essentials,71.9,0,False,678.53,,
S-12146,West,Monthly Essentials,57.5,True,No,USD 38.18,10.3,
S-12695,South,Quarterly Bundle,88.1,Yes,False,269.59,5.8,
S-10972,Midwest,Monthly Essentials,45.1,Yes,No,108.63,0.8,
S-13253,Midwest,Monthly Plus,47.9,False,1,319.05,,
S-17527,Northeast,Monthly Plus,83.0,No,No,1177.67,,
S-17527,Northeast,Monthly Plus,83.0,No,No,1177.67,,
S-12498,West,Monthly Plus,94.4,Yes,No,684.48,12.0,
S-11306,Midwest,Quarterly Bundle,58.9,True,True,1549.35,13.4,too expensive
S-13407,Northeast,Quarterly Bundle,37.1,No,No,1031.13,,
S-18010,South,Monthly Plus,80.7,No,0,960.63,,
S-13951,South,Monthly Plus,37.1,No,True,53.91,,shipping issues
S-18054,Northeast,Monthly Plus,77.7,No,0,$867.93,,
S-12396,Midwest,Quarterly Bundle,82.2,1,0,"$3,729.93",6.5,
S-17756,Northeast,Monthly Plus,93.8,No,No,1435.92,,
S-17756,Northeast,Monthly Plus,93.8,No,No,1435.92,,
S-16549,West,Monthly Essentials,60.1,False,False,319.56,,
S-14563,Midwest,Monthly Essentials,35.0,False,False,USD 127.58,,
S-15221,Northeast,Quarterly Bundle,67.8,0,False,$692.07,,
S-16975,Midwest,Monthly Essentials,90.7,False,False,385.06,,
S-13538,Midwest,Monthly Essentials,53.6,No,False,408.99,,
S-10509,Northeast,Quarterly Bundle,53.3,True,Yes,1434.08,6.8,no longer needed
S-14085,South,Monthly Plus,50.7,0,0,190.05,,
S-12689,Northeast,Quarterly Bundle,93.1,True,False,"$3,004.38",12.1,
S-18278,South,Monthly Plus,98.1,0,False,123.74,,
S-16103,Northeast,Monthly Plus,70.2,False,No,$834.04,,
S-17563,Northeast,Quarterly Bundle,77.0,False,0,2905.02,,
S-15296,Midwest,Monthly Essentials,67.1,False,No,195.84,,
S-11190,Northeast,Quarterly Bundle,67.1,Yes,False,3304.46,11.5,
S-10336,West,Monthly Plus,43.2,1,Yes,USD 124.87,5.6,too expensive
S-15382,Midwest,Quarterly Bundle,59.0,No,No,"$2,764.84",,
S-15382,Midwest,Quarterly Bundle,59.0,No,No,"$2,764.84",,
S-17581,West,Quarterly Bundle,77.6,0,False,"$1,051.26",,
S-15189,South,Monthly Plus,73.2,False,False,675.91,,
S-14027,Northeast,Monthly Plus,37.5,False,False,559.74,,
S-11957,Northeast,Quarterly Bundle,63.0,Yes,0,1233.11,3.1,
S-14131,Northeast,Monthly Plus,47.2,0,0,636.16,,
S-15999,Midwest,Monthly Essentials,60.5,No,0,808.09,,
S-17154,South,Quarterly Bundle,83.8,No,No,409.31,,
S-12743,South,Quarterly Bundle,96.5,Yes,False,"$2,610.56",10.5,
S-15726,Northeast,Quarterly Bundle,71.9,No,0,3375.06,,
S-12333,South,Monthly Plus,99.5,Yes,No,USD 566.69,5.4,
S-16165,Northeast,Monthly Essentials,73.7,False,No,$863.47,,
S-13278,West,Quarterly Bundle,37.1,No,False,2690.78,,
S-15788,Midwest,Quarterly Bundle,68.1,False,0,608.32,,
S-15299,South,Monthly Plus,69.8,0,No,160.37,,
S-15388,Northeast,Monthly Essentials,69.4,0,No,933.36,,
S-10111,Northeast,Monthly Essentials,41.0,Yes,No,35.38,10.1,
S-13343,Northeast,Quarterly Bundle,44.1,0,False,2237.78,,
S-14185,South,Monthly Essentials,51.6,No,No,688.08,,
S-16878,West,Monthly Plus,93.3,No,No,$113.55,,
S-10312,Northeast,Quarterly Bundle,47.2,Yes,No,3068.81,10.8,
S-13339,South,Monthly Essentials,36.3,No,No,$356.25,,
S-10156,Midwest,Monthly Essentials,48.6,1,Yes,USD 190.04,2.5,paused indefinitely
S-12134,Midwest,Monthly Plus,56.7,Yes,1,$456.58,5.0,
S-17498,South,Quarterly Bundle,84.7,False,No,814.18,,
S-10219,West,Quarterly Bundle,48.9,1,Yes,2579.63,11.8,paused indefinitely
S-10434,Midwest,Quarterly Bundle,42.1,Yes,Yes,USD 1949.95,14.0,moving/relocating
S-17989,Midwest,Monthly Plus,86.3,No,False,370.29,,
S-10786,Northeast,Quarterly Bundle,39.9,True,0,1633.21,13.9,
S-16490,Midwest,Monthly Plus,66.1,0,0,$887.10,,
S-14359,West,Quarterly Bundle,40.9,No,0,2287.00,,
S-12898,Midwest,Quarterly Bundle,93.8,True,False,1094.24,12.7,
S-13632,South,Monthly Essentials,39.3,False,No,112.94,,
S-15550,West,Quarterly Bundle,73.2,False,False,140.47,,
S-11238,Midwest,Monthly Essentials,69.5,True,Yes,123.03,1.7,no longer needed
S-17721,Northeast,Monthly Essentials,87.7,False,No,$214.52,,
S-17567,Northeast,Monthly Plus,78.4,No,No,USD 437.46,,
S-11056,South,Monthly Essentials,45.8,Yes,1,USD 465.40,6.0,poor quality
S-12801,South,Monthly Plus,78.9,True,No,965.06,4.3,
S-11372,South,Quarterly Bundle,61.9,True,False,"$2,399.11",7.0,
S-17216,Northeast,Quarterly Bundle,84.3,No,No,2571.72,,
S-17037,Midwest,Monthly Essentials,76.7,False,No,$923.32,,
S-16964,West,Monthly Essentials,89.8,0,No,$580.38,,
S-10909,Midwest,Monthly Plus,35.1,Yes,1,1010.49,6.1,shipping issues
S-10909,Midwest,Monthly Plus,35.1,Yes,1,1010.49,6.1,shipping issues
S-13762,Midwest,Quarterly Bundle,39.4,False,No,$437.72,,
S-17403,West,Monthly Plus,85.0,No,0,$851.35,,
S-17553,Northeast,Monthly Plus,85.7,No,False,USD 1445.24,,
S-16305,Midwest,Monthly Essentials,55.1,False,No,253.82,,
S-11758,South,Monthly Plus,68.8,Yes,1,"$1,515.95",9.9,found alternative
S-13789,Northeast,Monthly Plus,43.1,No,No,1031.15,,
S-15472,West,Quarterly Bundle,71.9,False,False,1496.42,,
S-11833,South,Quarterly Bundle,63.7,True,False,624.33,1.7,
S-14290,South,Monthly Plus,51.9,0,True,682.10,,no longer needed
S-10066,Midwest,Monthly Essentials,40.0,Yes,1,428.09,11.2,bad support experience
S-11814,South,Monthly Plus,66.6,True,0,816.34,4.2,
S-11772,Northeast,Quarterly Bundle,64.8,True,False,783.99,9.7,
S-14951,West,Quarterly Bundle,51.3,False,False,USD 158.96,,
S-10548,South,Monthly Plus,36.0,1,False,$502.67,8.6,
S-15648,Northeast,Monthly Plus,69.9,0,0,638.50,,
S-11066,Northeast,Quarterly Bundle,44.4,Yes,Yes,1104.92,13.2,bad support experience
S-14330,South,Quarterly Bundle,43.8,False,0,"$2,085.48",,
S-17438,West,Quarterly Bundle,87.3,No,False,USD 425.24,,
S-11857,West,Monthly Essentials,67.5,1,False,$198.54,10.2,
S-18139,Midwest,Quarterly Bundle,84.9,0,False,"$1,308.19",,
S-16833,Northeast,Quarterly Bundle,98.4,No,No,USD 774.70,,
S-10152,Midwest,Monthly Essentials,43.2,True,1,USD 687.76,12.6,shipping issues
S-12909,West,Monthly Essentials,86.7,Yes,Yes,646.96,13.9,paused indefinitely
S-13503,South,Monthly Plus,36.5,False,0,887.07,,
S-11881,West,Quarterly Bundle,67.7,1,1,1852.50,10.5,no longer needed
S-11291,Northeast,Monthly Essentials,57.2,1,No,772.30,7.5,
S-13497,South,Quarterly Bundle,53.6,No,False,2700.33,,
S-14719,Midwest,Monthly Plus,40.5,False,False,536.53,,
S-14866,Midwest,Monthly Plus,45.5,False,No,$973.54,,
S-10186,Northeast,Monthly Essentials,39.7,True,False,425.26,8.1,
S-17801,Midwest,Quarterly Bundle,78.2,False,False,1353.35,,
S-11721,South,Monthly Plus,59.3,Yes,No,1123.45,11.0,
S-13409,Midwest,Monthly Essentials,49.2,0,Yes,336.28,,
S-10330,South,Monthly Plus,47.3,True,0,1184.83,12.2,
S-10576,West,Monthly Plus,47.2,True,Yes,1200.04,12.1,no longer needed
S-15914,Northeast,Monthly Plus,72.4,False,False,$346.14,,
S-11979,South,Monthly Plus,73.7,True,No,1322.89,13.6,
S-15285,South,Monthly Essentials,73.9,No,False,$235.32,,
S-17348,West,Monthly Essentials,77.0,False,True,$900.86,,shipping issues
S-16088,Northeast,Monthly Essentials,56.9,False,False,740.52,,
S-17098,Midwest,Monthly Plus,88.6,No,False,USD 1166.64,,
S-17940,West,Monthly Plus,78.1,No,False,1394.08,,
S-16777,South,Monthly Essentials,83.5,No,0,181.20,,
S-13809,Northeast,Monthly Plus,45.3,No,No,"$1,066.45",,
S-11782,South,Monthly Essentials,67.1,1,False,USD 550.40,10.3,
S-16645,West,Monthly Essentials,73.3,False,False,426.75,,
S-16890,Midwest,Quarterly Bundle,95.8,False,False,1451.26,,
S-14923,Midwest,Monthly Essentials,48.6,No,False,573.18,,
S-10004,South,Quarterly Bundle,39.3,Yes,No,2671.89,1.9,
S-18074,Midwest,Monthly Essentials,93.6,No,No,USD 613.32,,
S-13995,South,Monthly Essentials,54.7,No,No,565.62,,
S-14064,Midwest,Monthly Plus,52.1,False,False,714.96,,
S-18265,Midwest,Monthly Plus,87.9,False,True,"$1,237.43",,
S-12501,Midwest,Monthly Essentials,78.5,1,Yes,817.47,7.8,shipping issues
S-15402,Northeast,Monthly Essentials,59.4,0,No,USD 752.89,,
S-10979,West,Monthly Essentials,40.4,Yes,True,$356.15,12.9,bad support experience
S-11500,South,Quarterly Bundle,73.3,Yes,True,1708.28,0.8,too expensive
S-14713,Northeast,Quarterly Bundle,39.3,No,0,USD 3078.53,,
S-14665,Northeast,Monthly Plus,47.7,False,False,1302.90,,
S-13703,Northeast,Monthly Plus,41.4,No,False,$940.18,,
S-11196,Midwest,Quarterly Bundle,63.5,Yes,0,"$1,574.21",6.7,
S-10288,South,Monthly Plus,54.5,1,True,USD 110.70,6.4,poor quality
S-14610,Northeast,Quarterly Bundle,48.5,No,False,1119.98,,
S-12130,Northeast,Monthly Essentials,58.4,True,True,$536.06,4.8,no longer needed
S-17572,South,Monthly Plus,91.1,0,False,799.60,,
S-11062,South,Monthly Essentials,35.3,1,False,$783.10,12.1,
S-10564,South,Monthly Plus,41.9,True,True,257.57,11.9,bad support experience
S-16701,Midwest,Monthly Essentials,80.7,False,False,719.71,,
S-15581,Northeast,Monthly Essentials,63.4,0,False,700.75,,
S-13453,South,Monthly Plus,37.0,No,No,486.68,,
S-18043,Northeast,Quarterly Bundle,88.6,No,0,813.63,,
S-14451,Midwest,Quarterly Bundle,38.2,False,0,904.50,,
S-13639,Midwest,Quarterly Bundle,40.0,0,True,"$1,823.40",,
S-16926,Northeast,Monthly Essentials,77.4,0,False,564.71,,
S-10135,South,Monthly Plus,45.8,True,1,$62.93,11.2,moving/relocating
S-11632,West,Monthly Plus,57.9,True,No,1257.01,6.9,
S-15708,Northeast,Quarterly Bundle,61.5,No,No,852.07,,
S-15585,West,Monthly Plus,67.5,False,False,121.47,,
S-11630,South,Quarterly Bundle,67.1,1,False,142.75,12.7,
S-12902,Northeast,Monthly Plus,96.0,True,False,USD 679.60,4.1,
S-11644,Midwest,Monthly Plus,59.8,Yes,0,1334.89,10.4,
S-16525,West,Monthly Plus,64.2,No,No,USD 122.80,,
S-11664,West,Monthly Plus,59.8,1,Yes,$921.12,13.4,poor quality
S-10452,Northeast,Quarterly Bundle,44.3,Yes,1,"$3,051.08",7.9,
S-11345,Northeast,Quarterly Bundle,55.4,Yes,No,3295.59,9.9,
S-17469,Midwest,Monthly Plus,86.7,False,False,63.19,,
S-16259,Midwest,Quarterly Bundle,69.2,False,False,2746.30,,
S-18158,Northeast,Monthly Essentials,88.6,No,No,USD 494.21,,
S-11935,Midwest,Monthly Plus,71.2,1,Yes,"$1,223.98",13.4,paused indefinitely
S-14560,South,Monthly Essentials,49.2,No,0,319.01,,
S-16567,Midwest,Quarterly Bundle,71.8,False,No,"$1,808.93",,
S-13089,South,Monthly Essentials,95.3,True,False,$810.94,8.2,
S-16652,South,Monthly Plus,57.8,No,0,$189.87,,
S-13526,West,Monthly Essentials,43.5,No,False,797.20,,
S-12662,Midwest,Quarterly Bundle,95.4,Yes,No,1421.38,6.9,
S-10087,West,Monthly Plus,54.9,True,Yes,$833.80,10.3,poor quality
S-10385,West,Monthly Essentials,51.3,True,True,USD 424.40,10.1,moving/relocating
S-14459,Midwest,Quarterly Bundle,49.4,False,No,"$2,859.27",,
S-17253,Midwest,Monthly Essentials,80.9,False,False,826.36,,
S-11410,Midwest,Quarterly Bundle,65.2,Yes,No,1084.09,11.9,
S-15894,Northeast,Monthly Plus,68.7,0,False,1216.07,,
S-15053,Midwest,Monthly Essentials,65.9,No,False,362.44,,
S-16378,Midwest,Monthly Plus,73.1,No,0,125.94,,
S-15435,South,Quarterly Bundle,57.4,No,0,USD 2796.01,,
S-16245,West,Monthly Essentials,57.1,False,No,427.06,,
S-17352,Midwest,Quarterly Bundle,94.7,No,0,$141.32,,
S-15994,Northeast,Monthly Essentials,58.5,No,False,414.62,,
S-11471,South,Monthly Essentials,65.4,True,No,667.22,0.1,
S-14703,West,Monthly Plus,54.4,0,False,121.70,,
S-15706,Midwest,Quarterly Bundle,69.9,False,No,USD 847.14,,
S-14579,Midwest,Monthly Plus,52.2,No,False,USD 792.83,,
S-14261,West,Quarterly Bundle,35.4,No,False,"$1,562.42",,
S-12269,South,Quarterly Bundle,77.1,Yes,False,"$1,775.58",1.7,
S-15828,West,Quarterly Bundle,68.3,No,Yes,2628.82,,poor quality
S-13894,West,Monthly Essentials,37.4,No,True,566.87,,
S-17028,West,Monthly Plus,97.6,0,No,1005.67,,
S-14139,South,Monthly Essentials,43.3,False,No,506.67,,
S-14478,Northeast,Monthly Essentials,48.4,0,True,37.37,,moving/relocating
S-17533,Northeast,Quarterly Bundle,97.0,0,False,"$1,746.53",,
S-10381,South,Quarterly Bundle,46.6,Yes,No,USD 1233.53,2.4,
S-13623,Midwest,Quarterly Bundle,39.5,0,0,420.77,,
S-12012,West,Quarterly Bundle,62.5,Yes,False,1774.69,9.4,
S-10675,Midwest,Quarterly Bundle,44.9,True,No,$305.59,9.7,
S-16197,Northeast,Monthly Essentials,56.4,False,0,368.71,,
S-18334,Midwest,Monthly Plus,86.1,False,False,1083.07,,
S-13281,Midwest,Monthly Essentials,38.9,No,No,$414.70,,
S-11465,Northeast,Quarterly Bundle,55.8,True,False,$537.70,5.2,
S-16235,West,Monthly Essentials,66.8,No,No,USD 308.53,,
S-14974,Northeast,Monthly Plus,67.3,No,0,$226.31,,
S-14974,Northeast,Monthly Plus,67.3,No,0,$226.31,,
S-12173,Northeast,Monthly Essentials,83.4,Yes,0,738.94,4.7,
S-15206,West,Monthly Plus,66.2,False,No,1122.32,,
S-12944,West,Quarterly Bundle,98.6,True,False,1765.97,4.8,
S-11473,Midwest,Monthly Plus,63.8,1,False,870.64,0.7,
S-13644,West,Monthly Essentials,51.3,No,No,167.82,,
S-14225,West,Quarterly Bundle,39.2,False,False,"$2,184.76",,
S-11087,West,Monthly Essentials,61.9,True,Yes,$638.17,5.6,poor quality
S-13329,Northeast,Quarterly Bundle,41.2,False,No,2637.13,,
S-14069,South,Monthly Plus,37.0,False,False,804.48,,
S-17540,West,Quarterly Bundle,82.7,False,0,1381.02,,
S-15511,Northeast,Quarterly Bundle,71.4,False,False,415.89,,
S-17064,West,Monthly Plus,93.6,No,No,USD 793.37,,
S-10722,West,Monthly Plus,54.6,1,Yes,169.85,5.3,shipping issues
S-15845,West,Monthly Essentials,74.9,False,No,225.25,,
S-10394,Northeast,Quarterly Bundle,37.3,Yes,True,1602.72,5.0,bad support experience
S-14871,Midwest,Monthly Essentials,43.1,False,No,464.36,,
S-14171,Midwest,Monthly Essentials,45.9,False,No,493.24,,
S-13081,Northeast,Monthly Essentials,94.5,True,False,$143.18,9.6,
S-16266,Northeast,Monthly Plus,73.8,0,False,451.52,,
S-16070,West,Monthly Essentials,58.4,No,True,109.90,,paused indefinitely
S-12488,Midwest,Monthly Essentials,99.6,Yes,False,971.62,2.2,
S-13858,South,Monthly Essentials,44.1,0,False,USD 973.08,,
S-18243,South,Monthly Plus,87.8,False,No,718.14,,
S-12170,West,Monthly Essentials,84.2,True,False,USD 331.49,11.3,
S-11380,Midwest,Monthly Plus,74.4,Yes,No,657.73,1.5,
S-15764,West,Monthly Essentials,69.9,False,0,709.68,,
S-15764,West,Monthly Essentials,69.9,False,0,709.68,,
S-13164,Northeast,Quarterly Bundle,99.4,Yes,1,2766.40,4.7,paused indefinitely
S-17303,South,Monthly Plus,84.4,False,0,1509.59,,
S-17738,West,Quarterly Bundle,88.1,No,No,"$1,775.01",,
S-17762,South,Monthly Essentials,83.9,No,No,$899.17,,
S-12032,South,Monthly Plus,72.9,True,False,"$1,009.41",9.4,
S-16425,Midwest,Monthly Essentials,62.5,False,No,USD 476.21,,
S-13220,South,Quarterly Bundle,90.7,Yes,True,1790.49,4.6,paused indefinitely
S-10134,Midwest,Monthly Essentials,49.3,True,1,378.80,1.7,shipping issues
S-16946,South,Quarterly Bundle,77.5,0,No,USD 977.65,,
S-14356,Midwest,Monthly Essentials,44.9,0,False,398.19,,
S-13624,Midwest,Quarterly Bundle,53.4,No,0,USD 481.92,,
S-11430,Midwest,Monthly Essentials,73.0,Yes,No,253.38,12.7,
S-17061,Midwest,Monthly Essentials,81.7,0,False,USD 596.26,,
S-12038,Northeast,Monthly Plus,59.0,1,0,751.44,7.9,
S-13633,Northeast,Monthly Essentials,47.3,False,False,398.64,,
S-17530,West,Monthly Plus,89.7,No,No,USD 418.93,,
S-10151,Midwest,Monthly Plus,51.1,True,True,819.14,11.6,too expensive
S-14407,Northeast,Monthly Plus,41.4,False,False,USD 243.09,,
S-15013,South,Monthly Plus,61.4,False,0,1026.31,,
S-16289,Northeast,Quarterly Bundle,62.1,No,No,2130.91,,
S-12309,Northeast,Quarterly Bundle,77.5,Yes,False,2798.35,2.1,
S-12510,Midwest,Quarterly Bundle,85.8,Yes,No,"$2,699.26",10.9,
S-10032,Northeast,Monthly Plus,41.7,1,Yes,$952.79,1.3,moving/relocating
S-11642,Midwest,Monthly Plus,56.7,Yes,1,718.79,4.8,
S-15406,West,Monthly Essentials,73.2,False,False,$778.19,,
S-16608,Midwest,Quarterly Bundle,66.9,False,0,USD 1904.88,,
S-13654,Northeast,Monthly Essentials,51.5,False,Yes,$79.20,,shipping issues
S-17057,Northeast,Monthly Essentials,77.6,0,0,529.46,,
S-16643,Midwest,Monthly Plus,71.9,False,0,607.04,,
S-16384,South,Quarterly Bundle,58.8,False,No,749.89,,
S-10732,Midwest,Monthly Plus,35.3,True,Yes,$288.99,7.2,paused indefinitely
S-10561,Midwest,Quarterly Bundle,45.2,True,Yes,USD 542.54,4.8,no longer needed
S-11118,South,Monthly Essentials,69.9,True,False,420.55,11.7,
S-14212,Midwest,Monthly Plus,48.1,No,No,$313.47,,
S-10935,South,Monthly Plus,47.0,True,1,127.02,5.8,shipping issues
S-13070,West,Monthly Plus,76.2,True,No,$321.92,10.2,
S-12241,West,Monthly Plus,97.2,1,False,$165.35,12.8,
S-14428,South,Monthly Essentials,35.8,0,No,441.48,,
S-14387,West,Quarterly Bundle,43.3,0,No,1476.08,,
S-14777,West,Monthly Essentials,45.8,False,False,318.46,,
S-17742,South,Quarterly Bundle,95.9,False,False,"$1,943.15",,
S-17219,South,Quarterly Bundle,88.1,0,False,600.90,,
S-13694,Midwest,Monthly Essentials,48.5,False,False,557.45,,
S-10237,West,Monthly Plus,44.2,1,Yes,1487.44,10.8,shipping issues
S-13672,West,Monthly Plus,53.4,0,False,"$1,155.00",,
S-14972,Northeast,Monthly Essentials,67.1,0,No,$35.97,,
S-10256,Midwest,Monthly Essentials,41.0,True,True,450.15,0.0,no longer needed
S-13440,South,Monthly Plus,45.8,No,0,USD 1058.38,,
S-11165,Northeast,Monthly Essentials,62.0,True,No,308.62,10.7,
S-11027,Northeast,Quarterly Bundle,45.3,True,True,USD 783.43,10.9,paused indefinitely
S-15055,Midwest,Monthly Essentials,68.0,No,No,$749.52,,
S-11812,Northeast,Quarterly Bundle,58.7,Yes,No,2232.68,2.4,
S-16475,Northeast,Monthly Plus,67.3,False,0,$566.16,,
S-17374,South,Quarterly Bundle,85.3,No,False,"$1,265.81",,
S-12176,Midwest,Quarterly Bundle,77.7,Yes,True,"$3,081.69",12.1,shipping issues
S-17770,South,Monthly Essentials,91.2,No,False,USD 720.92,,
S-16763,South,Monthly Plus,93.2,0,No,897.48,,
S-13303,South,Monthly Essentials,38.6,No,No,"$1,017.65",,
S-17792,South,Monthly Plus,95.4,False,False,$382.74,,
S-12289,South,Monthly Essentials,88.1,Yes,False,274.07,4.9,
S-17908,Northeast,Monthly Essentials,93.2,0,No,USD 698.24,,
S-10019,South,Quarterly Bundle,36.7,Yes,0,575.66,2.6,
S-14735,Northeast,Monthly Plus,40.6,False,0,$542.59,,
S-15619,Midwest,Monthly Essentials,57.3,False,No,584.85,,
S-11672,Northeast,Monthly Essentials,65.5,Yes,False,$417.25,4.6,
S-17133,West,Quarterly Bundle,97.5,No,No,2833.87,,
S-15807,South,Monthly Essentials,59.4,False,No,676.34,,
S-14845,Northeast,Monthly Essentials,51.7,0,False,322.59,,
S-17689,Midwest,Monthly Essentials,78.5,False,No,$457.12,,
S-13402,Northeast,Quarterly Bundle,43.7,False,False,3482.32,,
S-14762,South,Quarterly Bundle,35.9,No,No,1769.10,,
S-14526,Northeast,Quarterly Bundle,41.6,No,No,3512.72,,
S-13636,South,Monthly Essentials,48.7,No,No,177.96,,
S-18303,Midwest,Quarterly Bundle,96.0,0,0,USD 1899.17,,
S-11353,Midwest,Quarterly Bundle,59.1,True,True,856.68,4.1,found alternative
S-12470,Midwest,Monthly Essentials,78.1,1,0,820.92,0.5,
S-14284,South,Quarterly Bundle,35.6,False,No,1932.30,,
S-18386,West,Monthly Essentials,98.3,No,False,$292.73,,
S-17925,Midwest,Quarterly Bundle,77.5,False,No,"$3,010.55",,
S-16723,Midwest,Monthly Plus,88.8,0,False,USD 109.41,,
S-15069,Midwest,Monthly Plus,68.6,False,0,USD 1144.84,,
S-10774,Northeast,Monthly Plus,45.6,True,False,1011.92,1.3,
S-11803,South,Monthly Plus,55.7,Yes,Yes,"$1,249.06",5.4,paused indefinitely
S-15870,Midwest,Quarterly Bundle,69.6,0,False,"$2,113.46",,
S-14816,Northeast,Monthly Plus,39.5,False,False,716.48,,
S-16759,Midwest,Monthly Plus,80.2,0,No,$486.97,,
S-17578,South,Quarterly Bundle,92.5,False,False,270.08,,
S-12623,Midwest,Monthly Essentials,77.0,Yes,0,$436.82,9.0,
S-10022,Midwest,Monthly Essentials,51.7,Yes,True,282.82,8.3,shipping issues
S-10262,West,Monthly Plus,40.5,True,1,$60.29,2.1,no longer needed
S-11244,West,Quarterly Bundle,63.5,True,True,1261.32,12.7,too expensive
S-12962,South,Monthly Plus,93.3,Yes,False,454.33,11.1,
S-15727,South,Quarterly Bundle,55.9,No,False,2844.77,,
S-12045,Midwest,Quarterly Bundle,68.4,True,Yes,3259.06,13.1,
S-17471,Northeast,Monthly Plus,95.4,No,False,USD 1337.87,,
S-10785,Northeast,Monthly Plus,47.2,Yes,True,$612.72,4.7,no longer needed
S-12524,South,Quarterly Bundle,83.0,Yes,False,2500.87,3.8,
S-13424,Northeast,Monthly Essentials,36.9,False,False,409.22,,
S-11227,West,Monthly Essentials,60.2,1,0,511.78,12.6,
S-12692,Northeast,Monthly Essentials,91.4,True,False,376.35,12.1,
S-16392,South,Monthly Essentials,69.6,No,No,1002.62,,
S-12599,Northeast,Monthly Essentials,90.5,Yes,No,$564.47,2.6,
S-17332,South,Quarterly Bundle,80.0,No,False,USD 1479.51,,
S-12225,West,Quarterly Bundle,99.0,True,False,458.32,3.6,
S-18099,South,Monthly Plus,99.7,No,No,$58.20,,
S-14731,South,Monthly Plus,50.4,No,No,1037.15,,
S-16107,West,Monthly Plus,67.9,No,False,918.59,,
S-12845,Northeast,Monthly Plus,82.2,True,False,1230.87,7.1,
S-15426,South,Monthly Plus,73.2,False,False,USD 771.05,,
S-15177,South,Quarterly Bundle,66.5,False,False,$978.18,,
S-16629,Midwest,Monthly Essentials,66.4,False,False,USD 928.05,,
S-18082,Midwest,Monthly Plus,94.5,No,False,323.93,,
S-15350,Midwest,Monthly Essentials,55.6,False,True,527.27,,no longer needed
S-14191,Midwest,Monthly Plus,52.8,No,No,$323.94,,
S-11944,Northeast,Monthly Essentials,70.0,Yes,1,$81.49,10.9,too expensive
S-12179,Northeast,Monthly Plus,97.7,True,True,816.96,13.2,moving/relocating
S-14349,Midwest,Monthly Plus,53.5,No,0,$395.97,,
S-12942,South,Monthly Plus,92.4,True,True,674.60,10.9,no longer needed
S-15928,South,Monthly Essentials,55.3,No,False,$922.71,,
S-17205,Midwest,Monthly Essentials,94.1,False,False,$641.08,,
S-10291,South,Monthly Plus,54.2,Yes,True,USD 1216.06,0.3,poor quality
S-11222,South,Monthly Plus,59.6,Yes,Yes,$172.34,12.9,found alternative
S-18040,Northeast,Monthly Plus,88.3,No,No,384.08,,
S-10379,Midwest,Monthly Essentials,36.5,Yes,True,USD 528.79,13.9,poor quality
S-17305,Northeast,Monthly Essentials,91.8,No,No,$281.35,,
S-15896,Northeast,Monthly Plus,68.0,No,0,754.17,,
S-10433,South,Monthly Plus,43.4,True,1,1292.75,3.9,poor quality
S-12624,West,Quarterly Bundle,77.8,Yes,0,"$1,732.59",9.2,
S-11338,Northeast,Monthly Essentials,64.6,Yes,No,123.37,1.4,
S-11992,West,Quarterly Bundle,73.2,Yes,0,276.97,4.4,
S-14360,South,Quarterly Bundle,49.7,No,False,2553.01,,
S-15344,Midwest,Quarterly Bundle,58.6,No,False,$543.73,,
S-14088,West,Monthly Essentials,41.2,False,0,$797.21,,
S-14599,Midwest,Monthly Plus,36.1,No,No,681.02,,
S-15464,Midwest,Monthly Plus,71.8,False,No,$223.50,,
S-17585,Northeast,Monthly Essentials,95.2,False,1,325.50,,found alternative
S-18302,West,Quarterly Bundle,93.3,0,No,1519.66,,
S-16707,Midwest,Monthly Plus,85.7,0,False,499.16,,
S-17793,South,Quarterly Bundle,78.7,No,False,"$1,035.68",,
S-17730,Midwest,Monthly Essentials,99.1,No,No,845.57,,
S-11837,West,Monthly Plus,67.1,1,True,USD 1193.59,5.6,found alternative
S-15075,South,Monthly Plus,60.7,No,No,USD 1096.60,,
S-10137,South,Quarterly Bundle,51.8,Yes,True,2925.28,4.0,shipping issues
S-10407,Midwest,Quarterly Bundle,51.0,True,True,$283.92,12.3,too expensive
S-10600,West,Monthly Plus,44.9,True,True,811.89,13.9,poor quality
S-16137,Midwest,Quarterly Bundle,74.0,No,False,"$1,014.44",,
S-16775,West,Monthly Plus,90.5,False,No,$516.07,,
S-17666,South,Quarterly Bundle,85.8,No,No,"$3,156.28",,
S-12543,Midwest,Quarterly Bundle,76.6,1,False,2318.16,4.6,
S-16942,Midwest,Monthly Plus,90.9,0,False,"$1,157.22",,
S-13857,West,Monthly Plus,45.6,False,False,$113.27,,
S-14877,Northeast,Monthly Essentials,39.1,False,False,668.57,,
S-12540,Midwest,Monthly Plus,94.0,True,No,1361.56,7.3,
S-15930,Midwest,Quarterly Bundle,74.6,No,False,1363.45,,
S-10983,South,Monthly Plus,53.6,Yes,0,USD 1025.33,2.8,
S-12129,West,Monthly Essentials,73.8,Yes,0,606.96,3.3,
S-15766,South,Quarterly Bundle,71.9,No,False,3024.42,,
S-10703,Northeast,Monthly Essentials,48.7,1,Yes,USD 527.40,9.8,shipping issues
S-16497,Midwest,Monthly Plus,70.3,No,False,"$1,178.45",,
S-16252,Midwest,Monthly Essentials,64.3,No,No,530.27,,
S-18223,Northeast,Monthly Plus,94.7,No,False,"$1,023.74",,
S-15695,Northeast,Monthly Plus,55.9,0,No,836.30,,
S-17334,South,Monthly Essentials,86.4,No,1,203.08,,paused indefinitely
S-15653,South,Monthly Essentials,71.2,False,False,681.92,,
S-16288,Northeast,Quarterly Bundle,57.6,False,False,"$3,669.47",,
S-14715,West,Monthly Plus,52.8,False,No,318.37,,
S-14486,Midwest,Quarterly Bundle,53.9,0,No,2216.66,,
S-13111,West,Monthly Essentials,98.5,1,False,827.22,3.4,
S-12002,West,Monthly Plus,73.1,True,1,1343.95,8.4,too expensive
S-12593,Midwest,Monthly Essentials,90.3,True,No,USD 460.72,8.2,
S-14523,West,Monthly Essentials,38.2,0,No,$478.82,,
S-10641,West,Monthly Plus,39.7,Yes,Yes,USD 906.20,10.9,found alternative
S-17329,West,Monthly Plus,82.6,No,False,431.62,,
S-10617,Midwest,Monthly Plus,42.1,Yes,No,USD 62.41,1.7,
S-15155,Midwest,Monthly Plus,57.9,0,No,1354.35,,
S-17958,Midwest,Monthly Plus,75.1,0,False,$161.66,,
S-17958,Midwest,Monthly Plus,75.1,0,False,$161.66,,
S-12175,South,Monthly Plus,78.4,Yes,False,USD 244.95,3.2,
S-10142,Midwest,Monthly Essentials,42.3,True,No,105.47,3.6,
S-10142,Midwest,Monthly Essentials,42.3,True,No,105.47,3.6,
S-16861,West,Quarterly Bundle,90.3,0,0,3024.31,,
S-12911,Northeast,Quarterly Bundle,79.5,True,1,620.13,11.3,
S-13042,South,Monthly Plus,84.1,True,No,305.67,1.3,
S-12920,West,Monthly Essentials,91.1,True,False,USD 520.81,5.5,
S-13211,South,Quarterly Bundle,81.1,1,No,USD 2796.96,0.6,
S-17357,West,Quarterly Bundle,83.8,No,No,"$2,062.32",,
S-14898,West,Quarterly Bundle,40.7,0,False,2164.53,,
S-18101,Northeast,Monthly Essentials,80.2,False,False,1023.45,,
S-13332,Midwest,Quarterly Bundle,40.0,0,False,"$2,159.11",,
S-10677,West,Quarterly Bundle,35.5,Yes,1,646.29,7.3,shipping issues
S-13651,Midwest,Monthly Essentials,42.2,No,True,902.35,,
S-11071,Northeast,Monthly Essentials,50.6,True,0,36.92,7.8,
S-12886,South,Monthly Plus,75.8,Yes,True,308.57,12.9,moving/relocating
S-17063,Northeast,Quarterly Bundle,80.7,False,False,3381.30,,
S-16562,West,Monthly Plus,65.4,No,No,$968.27,,
S-13201,West,Quarterly Bundle,77.5,1,No,304.71,11.4,
S-15233,Midwest,Monthly Essentials,64.0,No,No,154.36,,
S-12108,West,Monthly Essentials,61.4,True,False,USD 504.08,7.8,
S-16875,West,Monthly Plus,96.1,False,False,USD 164.56,,
S-16638,South,Monthly Plus,58.2,0,No,$854.14,,
S-18329,Northeast,Monthly Plus,94.5,No,True,$647.92,,poor quality
S-11478,South,Monthly Plus,68.2,True,0,319.58,1.3,
S-15479,Midwest,Monthly Plus,63.9,No,0,USD 628.27,,
S-14431,South,Monthly Essentials,41.4,False,No,$846.75,,
S-14758,Midwest,Monthly Plus,40.0,No,No,607.72,,
S-11924,South,Monthly Plus,56.8,Yes,No,"$1,074.56",2.0,
S-13346,West,Monthly Plus,40.6,No,False,$373.78,,
S-14420,South,Quarterly Bundle,43.7,0,False,"$3,841.37",,
S-10943,South,Monthly Plus,35.9,True,True,1422.28,9.4,shipping issues
S-10817,Northeast,Quarterly Bundle,54.2,True,True,USD 1451.26,0.9,shipping issues
S-10258,Midwest,Monthly Plus,37.9,Yes,Yes,"$1,039.00",12.6,shipping issues
S-10357,Midwest,Quarterly Bundle,44.8,True,False,"$1,597.14",9.7,
S-16988,West,Monthly Essentials,94.7,False,False,USD 503.46,,
S-11205,West,Quarterly Bundle,73.0,1,No,271.46,13.4,
S-10390,Northeast,Monthly Essentials,35.7,1,True,USD 786.43,8.3,bad support experience
S-16371,West,Monthly Plus,55.1,0,False,$498.74,,
S-18203,Midwest,Monthly Essentials,92.6,False,False,$532.92,,
S-13073,West,Quarterly Bundle,83.3,Yes,False,2576.80,8.6,
S-12280,South,Quarterly Bundle,96.2,True,False,$458.74,4.1,
S-13376,Northeast,Quarterly Bundle,37.1,False,No,USD 1812.51,,
S-16760,Northeast,Quarterly Bundle,89.3,No,False,"$1,005.68",,
S-13733,West,Quarterly Bundle,50.1,False,False,2495.49,,
S-16766,Midwest,Monthly Plus,86.7,No,True,$596.34,,shipping issues
S-14810,Midwest,Monthly Essentials,38.6,0,0,USD 669.69,,
S-14380,Northeast,Monthly Essentials,40.9,False,0,$846.03,,
S-10132,West,Monthly Plus,53.8,True,0,1294.88,13.6,
S-12738,South,Quarterly Bundle,88.1,Yes,0,977.77,12.7,
S-17918,West,Monthly Essentials,87.3,No,False,375.64,,
S-14555,Northeast,Quarterly Bundle,51.6,False,No,2738.14,,
S-14371,South,Monthly Essentials,45.8,No,False,$739.81,,
S-13958,Midwest,Quarterly Bundle,44.7,No,0,"$1,821.22",,
S-14828,Northeast,Monthly Essentials,35.4,False,True,$914.37,,
S-16660,Midwest,Monthly Essentials,61.7,No,True,$852.75,,shipping issues
S-17477,South,Monthly Essentials,86.0,No,False,210.90,,
S-10404,Midwest,Monthly Plus,49.9,True,True,$535.69,1.3,found alternative
S-10577,Midwest,Monthly Essentials,47.9,True,1,$264.66,8.9,shipping issues
S-12702,West,Monthly Essentials,75.6,Yes,False,75.33,1.4,
S-16233,Northeast,Monthly Essentials,62.4,No,False,USD 498.23,,
S-15323,West,Monthly Essentials,66.7,No,True,699.90,,found alternative
S-14179,Midwest,Monthly Plus,45.1,No,No,USD 913.06,,
S-16853,West,Monthly Plus,82.0,False,False,58.40,,
S-16950,South,Monthly Essentials,80.9,No,No,566.99,,
S-12327,Northeast,Monthly Essentials,82.6,1,0,USD 552.28,2.8,
S-14065,South,Quarterly Bundle,43.2,False,False,"$2,686.94",,
S-15148,South,Monthly Essentials,65.5,0,No,USD 114.16,,
S-11197,West,Monthly Plus,72.2,1,True,$894.66,10.2,poor quality
S-12172,Northeast,Monthly Plus,78.6,True,0,USD 1094.35,7.5,
S-13728,West,Monthly Plus,44.9,False,False,USD 229.09,,
S-13010,South,Quarterly Bundle,83.0,True,No,USD 3887.05,13.4,
S-11556,West,Monthly Essentials,56.1,Yes,False,274.58,1.4,
S-12412,Northeast,Monthly Essentials,89.5,1,False,$695.01,2.8,
S-15610,Northeast,Quarterly Bundle,56.4,No,False,2679.87,,
S-14049,Northeast,Monthly Plus,38.3,No,0,736.48,,
S-16544,South,Monthly Essentials,67.6,0,No,$148.25,,
S-14419,West,Monthly Plus,41.2,No,No,1133.25,,
S-18039,South,Monthly Plus,93.4,No,No,977.07,,
S-13784,South,Quarterly Bundle,39.6,No,False,USD 2424.25,,
S-14140,West,Monthly Essentials,36.2,False,No,70.29,,
S-11830,Northeast,Quarterly Bundle,60.7,Yes,Yes,"$1,802.76",5.7,paused indefinitely
S-12966,Midwest,Monthly Plus,95.9,True,No,$577.55,10.3,
S-12021,South,Monthly Essentials,56.3,Yes,False,751.47,5.9,
S-16162,South,Monthly Essentials,58.8,False,0,$730.11,,
S-11513,South,Monthly Plus,60.3,Yes,No,1187.32,8.1,
S-12814,West,Monthly Plus,79.6,Yes,True,$570.26,13.0,no longer needed
S-12076,Northeast,Monthly Essentials,59.5,True,No,587.97,0.0,
S-11545,Northeast,Monthly Essentials,70.1,Yes,0,$551.17,6.4,
S-17429,Northeast,Quarterly Bundle,96.3,0,False,USD 2160.78,,
S-15621,South,Quarterly Bundle,65.6,False,False,1237.80,,
S-11926,South,Monthly Plus,60.8,True,False,113.70,4.8,
S-12650,Midwest,Monthly Essentials,94.0,True,False,$37.73,2.2,
S-14513,West,Quarterly Bundle,47.5,No,0,1636.89,,
S-17359,Midwest,Quarterly Bundle,91.0,No,No,2842.72,,
S-12474,West,Monthly Essentials,78.9,Yes,Yes,$181.86,1.8,poor quality
S-10688,West,Monthly Plus,48.1,Yes,No,USD 930.40,4.8,
S-12810,West,Monthly Essentials,77.7,1,No,983.56,6.8,
S-10425,Midwest,Monthly Essentials,52.1,Yes,True,843.26,5.2,shipping issues
S-14491,West,Monthly Plus,40.6,0,False,1137.08,,
S-12564,West,Monthly Essentials,95.5,Yes,False,USD 477.39,12.1,
S-18318,Northeast,Monthly Essentials,90.6,0,No,635.46,,
S-12636,South,Monthly Essentials,88.2,True,0,USD 548.89,5.2,
S-10804,West,Monthly Plus,36.0,Yes,True,USD 1387.41,9.0,
S-11311,Northeast,Quarterly Bundle,60.7,True,True,USD 3279.11,0.7,poor quality
S-18072,Northeast,Monthly Plus,88.4,0,No,"$1,009.50",,
S-17970,West,Monthly Plus,90.8,0,False,USD 1285.65,,
S-15224,South,Quarterly Bundle,57.6,No,No,USD 3746.79,,
S-10024,West,Quarterly Bundle,37.8,True,True,1930.32,2.9,too expensive
S-10920,West,Quarterly Bundle,35.4,1,False,USD 3587.17,10.3,
S-13830,Midwest,Monthly Essentials,52.7,0,No,$610.27,,
S-14739,Northeast,Quarterly Bundle,51.7,0,False,2700.38,,
S-15080,Midwest,Monthly Essentials,59.1,No,False,USD 583.79,,
S-13663,Midwest,Quarterly Bundle,48.2,False,No,"$2,641.68",,
S-12893,South,Quarterly Bundle,86.0,Yes,No,"$1,367.34",8.3,
S-17261,Northeast,Quarterly Bundle,85.2,False,False,2661.49,,
S-18189,Midwest,Monthly Essentials,81.5,False,0,121.35,,
S-18225,South,Monthly Plus,97.9,False,False,$576.12,,
S-15534,Midwest,Monthly Plus,65.6,0,False,$64.25,,
S-11526,Midwest,Monthly Plus,72.3,Yes,True,$115.79,8.3,paused indefinitely
S-16030,West,Monthly Essentials,67.2,No,0,342.60,,
S-18357,West,Monthly Plus,98.8,No,No,1148.32,,
S-15159,West,Monthly Essentials,73.5,No,False,359.70,,
S-13990,Northeast,Quarterly Bundle,40.0,False,Yes,3481.71,,moving/relocating
S-13264,Northeast,Monthly Essentials,36.4,0,True,USD 672.80,,paused indefinitely
S-13674,Northeast,Quarterly Bundle,37.0,False,No,"$3,863.15",,
S-10634,West,Monthly Plus,44.6,True,No,"$1,439.54",7.2,
S-10969,Midwest,Monthly Plus,48.8,True,Yes,61.06,5.1,moving/relocating
S-10296,West,Monthly Plus,53.7,Yes,False,USD 1015.32,11.9,
S-17371,West,Monthly Plus,84.1,False,0,107.59,,
S-15021,West,Monthly Plus,63.7,No,Yes,"$1,471.65",,shipping issues
S-18128,West,Monthly Plus,88.7,False,False,925.73,,
S-18116,South,Monthly Plus,96.3,No,No,USD 1095.28,,
S-12989,South,Quarterly Bundle,78.5,True,0,USD 1825.96,10.1,
S-11876,South,Monthly Plus,68.4,Yes,False,USD 897.14,11.1,
S-12558,Midwest,Monthly Plus,78.8,True,No,1348.32,13.6,
S-16742,South,Quarterly Bundle,96.8,0,No,780.82,,
S-16917,West,Monthly Plus,84.0,0,No,$296.30,,
S-12131,West,Monthly Plus,64.6,True,False,$967.33,9.5,
S-15009,West,Quarterly Bundle,55.7,No,0,1012.63,,
S-17619,South,Quarterly Bundle,80.0,No,False,USD 3611.43,,
S-17810,Midwest,Monthly Plus,86.9,False,No,1378.21,,
S-17997,Midwest,Quarterly Bundle,78.8,False,False,USD 418.13,,
S-15355,West,Quarterly Bundle,59.4,False,False,USD 2141.33,,
S-15130,Northeast,Quarterly Bundle,72.1,No,0,USD 3714.59,,
S-11594,Northeast,Quarterly Bundle,64.3,Yes,False,3260.63,12.8,
S-11541,West,Quarterly Bundle,67.4,1,False,"$2,991.35",6.9,
S-12022,Northeast,Monthly Essentials,59.4,Yes,False,$357.49,0.2,
S-10596,South,Monthly Plus,46.7,Yes,True,USD 1095.23,9.6,moving/relocating
S-16997,West,Quarterly Bundle,90.6,0,False,"$3,077.23",,
S-14494,South,Quarterly Bundle,48.3,No,No,1285.85,,
S-13531,West,Monthly Essentials,47.5,False,No,515.08,,
S-10621,Midwest,Monthly Plus,42.4,Yes,False,USD 823.17,6.7,
S-13560,Midwest,Monthly Plus,52.6,False,No,1483.01,,
S-14693,Midwest,Monthly Plus,40.6,False,False,USD 973.84,,
S-14774,South,Quarterly Bundle,52.9,No,No,USD 1945.19,,
S-16493,Midwest,Quarterly Bundle,69.7,No,No,USD 1274.96,,
S-16541,Midwest,Quarterly Bundle,62.7,False,False,"$1,131.60",,
S-17789,West,Monthly Essentials,75.7,No,0,588.92,,
S-18209,Northeast,Quarterly Bundle,86.8,False,0,USD 955.70,,
S-11438,South,Monthly Essentials,55.3,1,Yes,$424.03,5.2,too expensive
S-10107,Northeast,Quarterly Bundle,39.0,True,1,3248.66,10.8,moving/relocating
S-15832,West,Quarterly Bundle,61.7,0,1,"$2,178.28",,shipping issues
S-15578,Northeast,Monthly Essentials,63.2,False,False,409.11,,
S-14034,West,Quarterly Bundle,41.2,No,No,USD 1473.95,,
S-11759,West,Monthly Essentials,57.8,True,No,320.00,2.0,
S-12840,Midwest,Monthly Essentials,93.2,Yes,No,250.19,7.7,
S-12184,South,Monthly Essentials,95.7,True,False,961.07,1.8,
S-13022,Northeast,Monthly Essentials,77.0,Yes,False,729.04,11.6,
S-14180,West,Quarterly Bundle,44.0,False,No,3585.96,,
S-13865,South,Quarterly Bundle,41.5,False,No,1073.75,,
S-13487,Northeast,Monthly Essentials,50.6,False,True,USD 603.41,,no longer needed
S-16556,South,Monthly Essentials,62.9,False,False,624.09,,
S-10070,West,Quarterly Bundle,35.6,Yes,Yes,824.65,4.1,shipping issues
S-16621,West,Quarterly Bundle,62.1,False,Yes,1387.61,,bad support experience
S-11591,Midwest,Monthly Essentials,57.1,1,Yes,$70.47,11.2,
S-12987,South,Quarterly Bundle,98.0,1,False,"$1,764.35",6.3,
S-11192,Northeast,Monthly Plus,59.0,Yes,No,"$1,040.10",1.1,
S-10762,West,Monthly Essentials,42.7,True,0,601.16,6.5,
S-10739,Northeast,Quarterly Bundle,39.3,Yes,Yes,1168.13,4.3,bad support experience
S-17896,Northeast,Quarterly Bundle,82.0,0,No,$838.34,,
S-10910,Northeast,Monthly Plus,39.3,Yes,1,USD 1155.92,6.0,found alternative
S-12388,South,Monthly Plus,88.8,True,False,USD 249.74,8.4,
S-10988,Midwest,Monthly Plus,52.1,Yes,No,651.98,7.5,
S-15121,Northeast,Monthly Plus,62.3,No,False,732.97,,
S-16223,Northeast,Monthly Plus,74.7,No,0,USD 1194.61,,
S-15570,South,Monthly Essentials,61.6,0,False,$568.22,,
S-15407,Northeast,Monthly Plus,74.9,False,False,676.70,,
S-18219,West,Monthly Essentials,81.8,False,No,243.01,,
S-14410,Midwest,Monthly Essentials,35.1,False,True,896.46,,poor quality
S-17826,West,Monthly Essentials,96.0,False,False,876.29,,
S-10103,Midwest,Monthly Essentials,54.5,1,No,USD 728.57,4.2,
S-12318,Midwest,Quarterly Bundle,94.9,True,True,$484.66,12.1,
S-12057,South,Quarterly Bundle,58.0,Yes,No,"$2,600.62",12.7,
S-13066,South,Monthly Plus,76.2,Yes,True,641.17,3.6,
S-16902,Northeast,Quarterly Bundle,84.3,False,False,USD 3032.05,,
S-18159,West,Monthly Plus,77.6,No,No,$899.26,,
S-17482,Northeast,Monthly Plus,87.8,0,False,$526.09,,
S-13903,Midwest,Quarterly Bundle,54.9,False,No,USD 291.25,,
S-18135,South,Quarterly Bundle,86.8,False,False,USD 1834.39,,
S-15947,Northeast,Quarterly Bundle,66.5,No,No,USD 874.11,,
S-11287,West,Monthly Plus,73.9,Yes,No,USD 1156.17,13.9,
S-12957,Northeast,Monthly Essentials,93.7,Yes,0,USD 829.90,2.0,
S-13106,South,Quarterly Bundle,88.6,Yes,No,159.00,12.8,
S-14934,Midwest,Monthly Essentials,43.8,False,False,145.89,,
S-14941,Midwest,Monthly Essentials,41.1,No,No,762.73,,
S-10329,Midwest,Monthly Essentials,52.8,True,No,348.53,0.8,
S-17495,West,Monthly Plus,95.9,False,False,USD 690.60,,
S-12833,South,Monthly Essentials,83.5,Yes,1,551.48,11.4,moving/relocating
S-10765,West,Quarterly Bundle,45.2,Yes,True,1146.23,7.1,moving/relocating
S-11342,West,Quarterly Bundle,65.1,1,No,USD 3062.69,14.0,
S-13795,Northeast,Monthly Essentials,51.4,No,No,115.22,,
S-15097,Midwest,Quarterly Bundle,59.1,No,No,451.03,,
S-13963,Midwest,Quarterly Bundle,54.3,False,False,1301.88,,
S-11659,Midwest,Quarterly Bundle,70.6,1,No,"$2,004.86",10.9,
S-10158,West,Monthly Essentials,41.4,Yes,True,USD 225.62,7.5,no longer needed
S-10158,West,Monthly Essentials,41.4,Yes,True,USD 225.62,7.5,no longer needed
S-12667,Northeast,Monthly Essentials,92.2,Yes,0,414.03,6.7,
S-10980,Northeast,Quarterly Bundle,41.7,True,1,"$2,487.83",4.7,bad support experience
S-11805,South,Monthly Plus,58.0,1,False,USD 732.74,2.1,
S-16276,Northeast,Monthly Essentials,72.5,No,No,$856.45,,
S-10115,South,Monthly Plus,43.3,True,Yes,838.54,3.9,
S-16957,West,Monthly Essentials,90.8,False,0,$82.31,,
S-11189,Midwest,Monthly Plus,67.6,True,No,1382.74,1.3,
S-12443,South,Quarterly Bundle,83.9,True,0,3557.22,9.4,
S-13514,South,Quarterly Bundle,40.0,No,False,955.30,,
S-13998,West,Monthly Essentials,44.4,0,False,107.53,,
S-17033,Northeast,Quarterly Bundle,92.0,False,No,"$1,131.38",,
S-12807,West,Quarterly Bundle,95.7,Yes,False,1441.89,1.6,
S-16986,Midwest,Quarterly Bundle,78.4,0,No,148.44,,
S-16682,West,Monthly Plus,78.5,False,No,USD 708.54,,
S-11654,West,Quarterly Bundle,72.5,Yes,False,137.17,0.3,
S-12973,West,Monthly Essentials,96.9,1,False,37.62,0.7,
S-12554,West,Monthly Plus,96.8,True,False,117.02,3.5,
S-13321,West,Quarterly Bundle,54.6,False,No,915.79,,
S-18173,West,Monthly Plus,94.3,No,0,USD 481.72,,
S-15444,West,Quarterly Bundle,70.2,0,True,2243.97,,paused indefinitely
S-12088,Midwest,Quarterly Bundle,58.9,True,Yes,"$1,074.84",10.1,too expensive
S-12061,Midwest,Quarterly Bundle,55.8,True,0,2019.65,11.1,
S-12419,South,Quarterly Bundle,77.7,True,1,USD 145.28,2.7,poor quality
S-16734,West,Monthly Essentials,78.9,0,No,150.98,,
S-17296,Midwest,Monthly Plus,75.9,False,No,$996.92,,
S-17031,Northeast,Quarterly Bundle,87.4,No,No,$465.66,,
S-14688,Midwest,Monthly Plus,45.1,False,True,USD 435.66,,bad support experience
S-13528,Midwest,Quarterly Bundle,49.0,No,0,3397.69,,
S-17813,West,Monthly Plus,79.1,False,False,1150.66,,
S-13563,Northeast,Monthly Plus,37.0,False,0,USD 275.20,,
S-15668,West,Quarterly Bundle,69.4,False,No,163.67,,
S-15316,Midwest,Monthly Essentials,59.3,0,No,$114.44,,
S-13498,Northeast,Monthly Essentials,52.3,False,True,$573.70,,found alternative
S-11932,South,Quarterly Bundle,57.7,True,False,1376.49,6.4,
S-13835,Northeast,Quarterly Bundle,39.5,0,No,USD 1794.80,,
S-11827,Northeast,Quarterly Bundle,63.9,Yes,No,2391.51,11.3,
S-15146,South,Quarterly Bundle,58.5,False,No,"$1,711.13",,
S-17901,West,Monthly Essentials,97.3,No,No,$467.81,,
S-10537,South,Monthly Plus,45.2,Yes,True,185.31,3.8,bad support experience
S-12991,Midwest,Quarterly Bundle,86.1,True,False,USD 3100.38,7.4,
S-10501,Northeast,Monthly Essentials,46.6,1,True,USD 575.64,12.6,no longer needed
S-14238,Northeast,Monthly Essentials,41.0,False,No,$390.01,,
S-12509,South,Monthly Plus,77.6,Yes,No,"$1,295.10",3.3,
S-12565,West,Monthly Plus,76.7,Yes,1,USD 429.10,10.3,too expensive
S-14200,Northeast,Monthly Plus,51.2,False,0,596.51,,
S-12754,Midwest,Quarterly Bundle,88.1,Yes,No,USD 3747.22,13.3,
S-17927,South,Monthly Essentials,89.0,0,False,506.81,,
S-11568,West,Monthly Essentials,59.4,1,Yes,$920.56,7.1,paused indefinitely
S-17431,West,Monthly Essentials,98.5,No,No,491.56,,
S-16966,South,Quarterly Bundle,82.6,0,False,USD 583.35,,
S-13162,Midwest,Monthly Essentials,76.9,Yes,False,223.55,1.7,
S-12778,Northeast,Monthly Essentials,90.1,Yes,0,967.47,8.3,
S-13377,Northeast,Monthly Essentials,36.6,0,0,$547.26,,
S-12268,West,Quarterly Bundle,76.1,Yes,0,$306.40,8.3,
S-13608,West,Quarterly Bundle,46.9,False,False,2429.98,,
S-15219,West,Monthly Plus,68.3,No,False,1173.50,,
S-18168,Northeast,Quarterly Bundle,76.4,No,False,"$3,802.55",,
S-10689,West,Quarterly Bundle,45.5,Yes,Yes,"$3,511.72",0.8,no longer needed
S-14055,Northeast,Monthly Plus,42.9,0,Yes,249.30,,no longer needed
S-11386,South,Quarterly Bundle,60.8,True,0,$973.79,6.6,
S-10112,Northeast,Monthly Plus,41.5,True,False,1398.48,5.2,
S-12365,Northeast,Monthly Plus,94.8,Yes,False,675.88,2.7,
S-14900,West,Monthly Plus,43.9,No,False,436.19,,
S-14223,Midwest,Quarterly Bundle,36.8,0,0,USD 1241.65,,
S-14568,South,Monthly Plus,49.1,No,No,962.91,,
S-13628,Northeast,Monthly Plus,50.9,No,No,110.10,,
S-11435,South,Monthly Plus,69.4,True,Yes,USD 435.71,12.4,found alternative
S-18360,Midwest,Quarterly Bundle,85.3,False,No,2853.61,,
S-11748,West,Monthly Essentials,60.5,True,False,USD 613.54,5.7,
S-12846,West,Monthly Essentials,75.2,True,Yes,923.35,4.3,no longer needed
S-12587,West,Monthly Essentials,86.1,True,True,USD 904.21,1.3,
S-17628,West,Monthly Essentials,88.0,No,True,$225.19,,no longer needed
S-12640,Midwest,Monthly Essentials,91.8,True,False,527.29,6.1,
S-12557,Midwest,Monthly Essentials,82.2,1,No,887.67,7.4,
S-15242,South,Monthly Plus,61.7,False,No,USD 190.05,,
S-14074,Northeast,Monthly Plus,39.4,No,0,$974.76,,
S-13304,Midwest,Monthly Essentials,52.7,No,Yes,420.70,,moving/relocating
S-10091,West,Quarterly Bundle,48.6,Yes,Yes,"$1,905.69",12.1,bad support experience
S-16435,Midwest,Monthly Plus,66.9,No,False,1326.43,,
S-10857,South,Monthly Plus,35.6,Yes,False,$975.02,10.8,
S-13506,South,Quarterly Bundle,52.0,False,No,945.45,,
S-16121,Midwest,Monthly Essentials,73.6,No,No,904.27,,
S-15410,West,Quarterly Bundle,62.8,False,0,3624.24,,
S-17215,Midwest,Monthly Essentials,94.7,False,0,$931.10,,
S-11049,South,Monthly Essentials,48.1,1,1,$855.22,9.5,poor quality
S-11910,Midwest,Monthly Plus,57.1,True,True,1369.76,10.6,shipping issues
S-13345,Northeast,Monthly Plus,54.4,False,False,USD 707.19,,
S-14285,West,Monthly Essentials,53.7,No,0,673.12,,
S-16272,Midwest,Monthly Plus,68.0,No,0,1191.31,,
S-15120,Northeast,Monthly Plus,67.3,0,No,962.39,,
S-11391,Northeast,Quarterly Bundle,64.3,True,True,"$1,190.44",12.8,shipping issues
S-10495,Midwest,Monthly Plus,46.9,True,Yes,58.34,10.3,paused indefinitely
S-17413,Northeast,Quarterly Bundle,80.3,False,No,1451.22,,
S-16658,West,Monthly Essentials,59.0,False,No,812.38,,
S-15271,South,Quarterly Bundle,65.2,No,0,USD 1059.48,,
S-17966,Midwest,Monthly Plus,75.0,False,0,1207.23,,
S-13427,Midwest,Monthly Plus,49.7,False,True,724.08,,poor quality
S-12772,Northeast,Monthly Essentials,94.4,Yes,No,80.40,10.0,
S-14320,Northeast,Monthly Essentials,38.8,No,No,USD 507.27,,
S-13279,West,Quarterly Bundle,53.1,No,No,2070.37,,
S-10443,South,Quarterly Bundle,43.4,True,True,861.88,2.2,
S-13139,West,Monthly Plus,95.6,True,0,$641.34,2.1,
S-12086,Northeast,Monthly Essentials,74.0,True,False,$371.16,7.4,
S-12669,Midwest,Monthly Essentials,94.1,True,0,$758.55,0.0,
S-11792,West,Quarterly Bundle,66.8,Yes,No,444.56,5.3,
S-12493,Midwest,Monthly Plus,81.4,True,False,160.53,11.4,
S-16307,West,Monthly Plus,71.5,No,False,357.43,,
S-16307,West,Monthly Plus,71.5,No,False,357.43,,
S-15954,South,Monthly Plus,58.0,No,False,430.71,,
S-12256,West,Monthly Essentials,85.5,True,0,USD 212.68,3.1,
S-13126,Northeast,Monthly Plus,76.8,Yes,0,686.84,1.1,
S-10233,West,Quarterly Bundle,52.9,True,False,3720.47,13.0,
S-12085,Midwest,Quarterly Bundle,74.7,Yes,True,1618.49,5.7,found alternative
S-11068,Midwest,Monthly Essentials,36.2,1,No,36.92,1.3,
S-12448,West,Quarterly Bundle,86.1,Yes,False,649.89,3.4,
S-17143,Midwest,Monthly Plus,84.6,False,No,221.67,,
S-14761,Midwest,Quarterly Bundle,43.8,False,No,444.45,,
S-15538,Midwest,Monthly Plus,56.7,0,0,1285.60,,
S-14375,Northeast,Monthly Essentials,42.8,No,False,207.28,,
S-11214,Midwest,Quarterly Bundle,58.9,True,True,1634.05,2.9,found alternative
S-17401,Northeast,Quarterly Bundle,81.6,False,0,USD 1729.53,,
S-12891,West,Quarterly Bundle,82.3,Yes,True,1711.12,9.1,
S-16390,West,Monthly Essentials,73.1,No,False,141.41,,
S-10376,West,Quarterly Bundle,44.1,True,Yes,3389.95,5.6,no longer needed
S-14317,Midwest,Quarterly Bundle,52.3,False,False,USD 1930.53,,
S-18350,West,Monthly Plus,86.4,False,No,"$1,326.01",,
S-16397,Northeast,Monthly Plus,63.5,No,False,$559.96,,
S-16601,Northeast,Monthly Essentials,63.2,No,0,USD 761.41,,
S-11589,Midwest,Monthly Essentials,66.8,True,0,$554.12,13.6,
S-12631,Northeast,Monthly Plus,75.6,True,False,880.45,10.3,
S-12659,West,Quarterly Bundle,79.6,True,True,1698.82,2.6,found alternative
S-16530,Northeast,Monthly Plus,73.1,False,False,362.54,,
S-14136,West,Monthly Essentials,53.0,0,Yes,265.71,,found alternative
S-10613,Northeast,Monthly Plus,54.5,True,True,$524.04,7.6,moving/relocating
S-15961,Northeast,Monthly Essentials,59.8,No,No,895.60,,
S-12655,West,Monthly Essentials,92.3,1,No,558.81,10.4,
S-18322,South,Monthly Essentials,97.4,No,False,597.57,,
S-12200,South,Quarterly Bundle,88.2,True,False,"$1,107.89",6.7,
S-13404,Northeast,Monthly Essentials,43.4,False,No,719.84,,
S-14164,South,Monthly Plus,45.1,No,False,308.38,,
S-12808,Midwest,Monthly Essentials,95.4,True,0,$374.00,7.6,
S-17407,Midwest,Quarterly Bundle,85.1,0,False,1581.09,,
S-13469,Midwest,Quarterly Bundle,45.2,No,No,USD 837.08,,
S-17523,Midwest,Quarterly Bundle,87.7,No,No,$152.28,,
S-13347,South,Quarterly Bundle,44.8,0,False,2863.61,,
S-16131,Midwest,Monthly Essentials,65.1,No,False,780.51,,
S-13944,West,Quarterly Bundle,46.7,No,False,1185.69,,
S-18305,West,Monthly Plus,81.1,No,False,615.17,,
S-13872,Midwest,Quarterly Bundle,45.8,No,Yes,$683.76,,shipping issues
S-15166,Northeast,Monthly Plus,66.1,0,0,$605.21,,
S-10460,South,Monthly Plus,44.8,1,Yes,673.71,4.5,too expensive
S-14645,West,Monthly Plus,54.0,0,No,1119.87,,
S-14543,Northeast,Monthly Essentials,40.6,False,False,$360.10,,
S-17494,Midwest,Monthly Plus,86.1,0,False,"$1,034.35",,
S-17625,Midwest,Monthly Plus,96.9,No,False,USD 734.20,,
S-11648,Northeast,Monthly Essentials,62.9,Yes,False,USD 378.61,1.2,
S-13673,Northeast,Monthly Essentials,35.9,False,No,212.22,,
S-10571,West,Quarterly Bundle,46.0,Yes,Yes,USD 2850.84,13.8,bad support experience
S-10274,Midwest,Monthly Essentials,35.7,1,1,903.21,3.5,poor quality
S-10210,Northeast,Monthly Essentials,50.5,True,True,259.94,5.5,poor quality
S-14358,South,Monthly Essentials,43.6,No,0,$195.08,,
S-12756,South,Monthly Plus,87.2,1,No,"$1,387.70",8.8,
S-14885,West,Quarterly Bundle,36.5,False,No,2915.40,,
S-17862,West,Quarterly Bundle,91.1,False,0,814.08,,
S-11348,South,Monthly Essentials,61.9,Yes,True,$532.41,6.2,poor quality
S-17054,Northeast,Monthly Plus,78.5,No,False,$162.57,,
S-14691,Northeast,Quarterly Bundle,41.1,False,No,USD 954.02,,
S-17019,Midwest,Quarterly Bundle,87.4,False,False,"$1,276.25",,
S-12995,South,Quarterly Bundle,95.6,Yes,No,"$1,996.59",12.6,
S-13223,South,Monthly Essentials,80.1,True,1,$556.19,10.9,shipping issues
S-10419,South,Monthly Plus,39.6,True,True,1277.48,6.7,paused indefinitely
S-17248,South,Quarterly Bundle,84.5,No,False,3189.37,,
S-16468,South,Monthly Plus,55.4,No,False,$332.72,,
S-17915,South,Monthly Essentials,96.8,False,0,722.06,,
S-13356,West,Monthly Plus,45.1,False,0,$278.75,,
S-17903,Northeast,Quarterly Bundle,82.2,0,False,2474.98,,
S-17990,Midwest,Quarterly Bundle,82.9,False,No,$572.29,,
S-13583,West,Monthly Plus,43.0,False,No,869.63,,
S-17673,Midwest,Quarterly Bundle,86.2,False,False,1016.57,,
S-12967,Midwest,Monthly Essentials,81.6,Yes,0,USD 619.08,5.5,
S-15824,West,Monthly Plus,58.2,False,No,USD 649.84,,
S-11592,South,Monthly Plus,66.2,1,No,1382.17,4.2,
S-14990,Northeast,Quarterly Bundle,66.9,0,No,"$1,185.95",,
S-11358,South,Monthly Plus,59.3,True,True,705.94,8.7,found alternative
S-11358,South,Monthly Plus,59.3,True,True,705.94,8.7,found alternative
S-12383,Northeast,Monthly Plus,78.3,1,False,$998.96,11.8,
S-11427,Northeast,Monthly Essentials,61.6,1,No,668.12,13.0,
S-17932,Northeast,Monthly Plus,87.1,False,No,"$1,096.43",,
S-15485,Northeast,Monthly Essentials,63.8,No,False,190.14,,
S-11180,South,Monthly Essentials,64.9,Yes,True,$305.80,8.9,
S-18075,West,Quarterly Bundle,88.2,0,0,USD 1764.49,,
S-16096,South,Monthly Plus,71.0,False,False,$55.60,,
S-10008,West,Quarterly Bundle,40.3,1,Yes,$804.84,7.5,paused indefinitely
S-11616,Northeast,Quarterly Bundle,62.9,1,True,$710.57,10.9,moving/relocating
S-12579,West,Monthly Essentials,82.6,Yes,True,822.27,2.7,bad support experience
S-17201,Midwest,Quarterly Bundle,95.6,0,0,"$2,464.61",,
S-17436,South,Monthly Plus,81.8,No,No,USD 341.09,,
S-16894,South,Monthly Plus,78.4,False,No,"$1,267.23",,
S-18137,West,Monthly Plus,76.5,No,No,$237.27,,
S-10566,West,Quarterly Bundle,51.0,Yes,False,1475.54,11.6,
S-12177,Northeast,Quarterly Bundle,93.4,Yes,True,$750.51,4.4,no longer needed
S-10000,West,Quarterly Bundle,37.2,Yes,1,"$1,215.85",2.6,moving/relocating
S-11394,Midwest,Monthly Plus,56.4,Yes,No,USD 1511.76,13.0,
S-12570,South,Quarterly Bundle,79.7,True,No,$691.30,8.4,
S-15626,Northeast,Monthly Plus,57.2,0,True,$301.67,,moving/relocating
S-17386,Northeast,Monthly Plus,76.3,False,No,$752.28,,
S-11400,Northeast,Quarterly Bundle,61.3,True,True,USD 1552.17,2.3,too expensive
S-15330,West,Monthly Plus,60.7,False,False,542.18,,
S-15560,Northeast,Quarterly Bundle,72.9,False,False,"$2,564.07",,
S-11143,Midwest,Monthly Plus,73.2,True,No,USD 316.82,1.5,
S-17653,Northeast,Monthly Plus,81.0,No,No,$930.25,,
S-10710,West,Monthly Essentials,47.4,Yes,False,USD 894.08,13.4,
S-16115,Midwest,Quarterly Bundle,61.4,No,No,3884.95,,
S-14857,Midwest,Quarterly Bundle,52.6,False,Yes,USD 1006.68,,poor quality
S-13130,West,Quarterly Bundle,91.7,True,No,"$3,231.29",9.7,
S-16514,Midwest,Monthly Essentials,67.1,No,No,USD 676.77,,
S-13088,West,Monthly Plus,77.7,True,Yes,1296.01,8.4,shipping issues
S-15484,West,Monthly Essentials,60.5,0,Yes,160.43,,poor quality
S-14465,West,Monthly Essentials,39.4,No,False,246.59,,
S-12188,Midwest,Monthly Essentials,84.7,Yes,Yes,255.73,1.9,
S-16991,West,Monthly Essentials,94.6,No,0,USD 835.45,,
S-13793,Midwest,Monthly Plus,49.1,False,No,721.83,,
S-12438,West,Quarterly Bundle,97.9,True,True,USD 140.12,5.3,shipping issues
S-13548,Midwest,Quarterly Bundle,44.9,No,False,934.92,,
S-14292,South,Monthly Plus,50.4,False,False,$57.08,,
S-14714,South,Monthly Essentials,38.1,False,False,177.73,,
S-13698,Northeast,Quarterly Bundle,42.9,False,0,2776.02,,
S-12263,Midwest,Quarterly Bundle,88.6,True,0,$964.26,1.9,
S-16385,Midwest,Monthly Essentials,65.3,No,No,984.76,,
S-16281,South,Monthly Plus,70.2,No,False,304.59,,
S-17423,West,Monthly Essentials,90.6,False,No,$419.13,,
S-12582,West,Monthly Essentials,92.1,True,False,$959.22,2.3,
S-13513,Northeast,Monthly Essentials,46.5,False,No,$802.01,,
S-11484,Northeast,Quarterly Bundle,71.9,True,No,USD 3268.98,4.1,
S-13604,Midwest,Monthly Essentials,50.4,0,No,$604.26,,
S-16974,West,Monthly Plus,94.5,No,False,USD 1052.36,,
S-18252,West,Monthly Plus,91.1,No,0,$412.06,,
S-14909,South,Quarterly Bundle,43.5,False,Yes,3610.92,,moving/relocating
S-13873,Northeast,Monthly Plus,49.4,0,0,"$1,285.29",,
S-15871,West,Monthly Plus,66.8,No,No,USD 585.27,,
S-12638,West,Monthly Essentials,94.2,Yes,No,$831.09,7.5,
S-15044,South,Monthly Plus,57.2,False,0,161.43,,
S-15044,South,Monthly Plus,57.2,False,0,161.43,,
S-11993,Midwest,Monthly Plus,60.6,True,No,USD 939.59,1.3,
S-12927,Midwest,Monthly Plus,99.3,1,False,255.43,4.6,
S-12589,Midwest,Monthly Essentials,90.8,True,No,523.70,8.4,
S-18313,South,Quarterly Bundle,97.6,False,False,"$3,488.08",,
S-12094,Northeast,Monthly Essentials,74.3,Yes,No,$690.83,0.3,
S-16868,South,Quarterly Bundle,98.2,False,1,2962.26,,too expensive
S-16417,West,Quarterly Bundle,57.7,No,Yes,$483.71,,too expensive
S-17830,West,Monthly Essentials,79.8,No,0,USD 293.76,,
S-15217,West,Monthly Plus,69.6,No,False,464.96,,
S-15331,Midwest,Monthly Plus,55.3,0,No,USD 219.82,,
S-12132,West,Monthly Essentials,62.7,True,False,$745.96,11.4,
S-17863,South,Quarterly Bundle,97.8,0,0,"$1,490.03",,
S-17203,Northeast,Monthly Plus,85.7,False,No,186.64,,
S-15147,West,Monthly Essentials,66.6,No,No,452.98,,
S-17449,Midwest,Quarterly Bundle,80.9,False,False,1643.85,,
S-11112,Northeast,Monthly Plus,57.0,Yes,0,$294.64,5.8,
S-13166,Northeast,Monthly Essentials,90.8,True,No,551.57,0.5,
S-11806,Northeast,Monthly Essentials,70.8,Yes,True,734.51,0.9,paused indefinitely
S-15587,Northeast,Monthly Plus,56.6,False,No,927.22,,
S-15625,Northeast,Monthly Plus,73.5,No,False,$558.12,,
S-10907,South,Monthly Plus,46.3,Yes,Yes,1005.46,12.8,no longer needed
S-16352,Northeast,Quarterly Bundle,56.9,False,False,$284.17,,
S-15270,Midwest,Quarterly Bundle,66.0,False,No,1016.07,,
S-14245,South,Monthly Essentials,53.6,False,No,$672.99,,
S-16843,West,Quarterly Bundle,90.6,0,False,USD 1212.18,,
S-15112,West,Quarterly Bundle,66.3,False,No,1405.32,,
S-10583,Northeast,Monthly Essentials,52.4,1,False,USD 713.54,9.5,
S-15134,South,Quarterly Bundle,61.6,False,0,"$3,527.18",,
S-13208,West,Monthly Essentials,78.5,True,False,USD 931.40,13.7,
S-16691,West,Monthly Plus,84.9,No,False,$436.51,,
S-12122,West,Quarterly Bundle,57.4,True,False,2718.05,13.7,
S-16581,Northeast,Monthly Plus,68.9,0,0,676.22,,
S-12997,Midwest,Monthly Plus,87.8,Yes,True,USD 406.61,11.0,too expensive
S-10469,Midwest,Monthly Essentials,35.0,True,False,113.44,7.7,
S-15203,Midwest,Monthly Plus,73.8,False,False,USD 1018.77,,
S-16954,South,Quarterly Bundle,92.6,No,0,1677.52,,
S-10155,Midwest,Quarterly Bundle,39.3,True,No,USD 751.89,2.5,
S-12371,Northeast,Monthly Essentials,82.4,1,False,USD 38.84,14.0,
S-11111,West,Monthly Essentials,72.2,True,True,257.28,8.6,
S-16012,Northeast,Quarterly Bundle,68.8,0,No,1941.28,,
S-10720,South,Monthly Plus,42.7,True,1,682.58,12.9,no longer needed
S-17360,Northeast,Quarterly Bundle,96.8,False,No,USD 3540.01,,
S-15686,West,Monthly Essentials,66.0,No,False,$161.90,,
S-11276,Northeast,Monthly Essentials,69.1,Yes,0,80.04,12.6,
S-15313,Midwest,Monthly Essentials,62.0,0,No,462.90,,
S-10125,South,Quarterly Bundle,52.7,True,Yes,3265.35,4.3,bad support experience
S-14184,Midwest,Monthly Essentials,46.8,No,False,USD 665.15,,
S-14685,West,Monthly Plus,53.1,False,No,1008.47,,
S-13950,Midwest,Monthly Plus,50.0,No,False,868.63,,
S-16191,South,Monthly Plus,61.1,False,False,247.18,,
S-10420,Northeast,Quarterly Bundle,41.4,1,0,"$3,777.27",5.6,
S-14987,Midwest,Quarterly Bundle,55.7,False,No,"$2,207.73",,
S-16663,Midwest,Monthly Plus,67.8,False,0,824.78,,
S-15573,South,Monthly Essentials,68.5,No,False,72.96,,
S-18351,West,Quarterly Bundle,89.1,False,False,795.21,,
S-17894,West,Monthly Plus,96.4,No,False,123.95,,
S-17767,Midwest,Monthly Essentials,79.0,No,No,$80.71,,
S-17948,Midwest,Monthly Plus,91.7,False,False,"$1,085.01",,
S-11074,Northeast,Monthly Plus,43.2,Yes,Yes,1379.22,9.9,
S-15106,West,Monthly Plus,73.9,False,No,1229.01,,
S-15079,Northeast,Monthly Plus,64.3,False,No,811.53,,
S-10844,South,Monthly Essentials,36.2,True,True,749.61,5.6,moving/relocating
S-14276,South,Monthly Plus,49.6,0,False,USD 853.74,,
S-11710,South,Monthly Plus,61.5,True,No,709.77,10.0,
S-13768,West,Quarterly Bundle,50.4,False,False,2452.22,,
S-14626,West,Monthly Plus,48.9,False,0,274.42,,
S-14659,South,Monthly Essentials,53.2,No,False,790.35,,
S-15729,West,Quarterly Bundle,72.1,False,0,2949.33,,
S-16593,Northeast,Monthly Essentials,74.7,0,0,$166.83,,
S-16687,Northeast,Monthly Essentials,91.8,No,No,911.24,,
S-12434,Midwest,Monthly Essentials,83.9,Yes,No,492.41,0.3,
S-15421,Northeast,Quarterly Bundle,56.7,False,False,2785.38,,
S-15745,South,Monthly Essentials,60.3,False,0,394.04,,
S-17370,Midwest,Monthly Plus,89.4,No,No,$823.01,,
S-16208,West,Monthly Plus,74.7,No,False,254.86,,
S-12560,Northeast,Monthly Plus,93.4,Yes,False,1270.64,4.0,
S-18181,West,Monthly Plus,75.2,False,No,$106.55,,
S-14487,South,Monthly Essentials,39.8,False,0,USD 981.92,,
S-16243,Midwest,Monthly Plus,68.9,0,1,USD 1324.55,,poor quality
S-18292,Midwest,Monthly Essentials,79.7,False,No,340.88,,
S-16830,Midwest,Quarterly Bundle,80.9,No,False,"$1,756.38",,
S-15675,West,Monthly Essentials,68.0,0,False,106.63,,
S-17121,South,Monthly Plus,85.8,No,0,USD 185.97,,
S-10116,Northeast,Monthly Plus,42.7,1,Yes,USD 917.64,11.3,
S-15432,Northeast,Monthly Plus,56.7,False,True,"$1,232.49",,no longer needed
S-18230,West,Monthly Essentials,86.8,No,Yes,USD 40.79,,paused indefinitely
S-11423,Midwest,Monthly Plus,74.3,Yes,False,714.47,8.0,
S-12003,South,Quarterly Bundle,64.2,1,Yes,$142.55,4.3,shipping issues
S-17543,South,Quarterly Bundle,99.7,No,0,"$1,373.97",,
S-18260,South,Monthly Essentials,96.5,False,0,75.93,,
S-13638,Northeast,Monthly Plus,51.8,0,No,192.89,,
S-10987,West,Monthly Essentials,40.6,Yes,Yes,427.74,9.3,moving/relocating
S-12858,Northeast,Monthly Plus,94.9,Yes,No,893.25,11.0,
S-15543,Midwest,Monthly Plus,70.9,False,False,$488.66,,
S-16139,Northeast,Monthly Plus,65.2,False,No,"$1,119.24",,
S-12971,Midwest,Monthly Plus,76.1,Yes,False,392.31,2.5,
S-15916,Northeast,Monthly Essentials,64.1,No,0,$360.86,,
S-18308,South,Monthly Plus,86.7,False,0,USD 1207.13,,
S-12287,Midwest,Quarterly Bundle,82.0,1,0,USD 1371.17,8.2,
S-13841,West,Monthly Essentials,52.5,No,0,244.78,,
S-13445,South,Monthly Plus,40.3,False,False,USD 410.16,,
S-16376,Northeast,Quarterly Bundle,71.0,No,0,1614.14,,
S-15834,Midwest,Monthly Plus,69.3,0,No,"$1,206.75",,
S-10153,Northeast,Monthly Plus,41.5,True,No,"$1,273.20",10.1,
S-14864,South,Monthly Essentials,53.8,False,No,739.08,,
S-10264,Midwest,Monthly Essentials,38.1,True,No,418.79,12.8,
S-18396,Midwest,Monthly Essentials,80.7,False,No,USD 436.29,,
S-11315,Midwest,Monthly Essentials,57.2,True,No,374.86,3.4,
S-14095,Midwest,Monthly Plus,44.0,False,No,719.68,,
S-12019,South,Quarterly Bundle,58.5,1,Yes,USD 3266.57,4.5,bad support experience
S-10968,West,Quarterly Bundle,49.9,Yes,False,$299.32,13.1,
S-11615,South,Monthly Essentials,59.6,Yes,Yes,$521.48,13.4,paused indefinitely
S-16895,Northeast,Quarterly Bundle,93.2,No,False,USD 759.70,,
S-14134,Northeast,Monthly Essentials,39.6,No,False,USD 542.75,,
S-11667,Midwest,Monthly Essentials,72.3,1,True,USD 152.69,12.4,
S-12243,West,Monthly Essentials,82.0,True,0,USD 327.24,8.4,
S-14604,West,Quarterly Bundle,46.3,0,False,3767.70,,
S-11446,Midwest,Quarterly Bundle,64.9,Yes,False,$556.52,1.4,
S-10810,Midwest,Monthly Plus,36.7,1,True,967.05,10.0,too expensive
S-10203,Midwest,Quarterly Bundle,36.4,True,True,USD 2435.97,3.3,moving/relocating
S-16074,Midwest,Monthly Plus,73.3,No,False,445.57,,
S-16172,Northeast,Monthly Essentials,55.3,0,False,727.18,,
S-14813,South,Quarterly Bundle,47.5,No,0,2342.58,,
S-14813,South,Quarterly Bundle,47.5,No,0,2342.58,,
S-16155,West,Monthly Plus,66.2,0,False,USD 62.80,,
S-18336,Northeast,Monthly Essentials,81.1,No,False,$73.53,,
S-16568,West,Monthly Essentials,63.7,False,No,$203.73,,
S-12663,West,Quarterly Bundle,79.6,1,No,"$1,433.34",9.3,
S-12663,West,Quarterly Bundle,79.6,1,No,"$1,433.34",9.3,
S-10242,West,Monthly Essentials,47.4,Yes,False,USD 870.44,9.5,
S-10826,West,Quarterly Bundle,41.9,True,Yes,USD 405.04,6.7,no longer needed
S-13829,West,Quarterly Bundle,55.0,False,1,147.64,,too expensive
S-11872,Northeast,Monthly Essentials,56.4,Yes,True,$638.66,4.8,
S-17769,Northeast,Monthly Plus,86.4,False,0,USD 612.85,,
S-17507,Midwest,Quarterly Bundle,84.4,No,No,"$3,267.85",,
S-16034,West,Monthly Essentials,58.4,0,False,USD 807.97,,
S-18115,South,Monthly Plus,94.7,0,False,$59.51,,
S-18369,Northeast,Monthly Essentials,79.9,No,No,230.55,,
S-10767,Midwest,Monthly Essentials,39.0,True,Yes,75.11,8.2,shipping issues
S-15666,West,Quarterly Bundle,60.8,No,No,"$1,117.52",,
S-10295,Northeast,Monthly Plus,43.6,True,Yes,893.65,8.2,no longer needed
S-11601,Northeast,Monthly Essentials,64.4,True,Yes,USD 606.51,5.0,moving/relocating
S-18003,South,Quarterly Bundle,75.4,No,0,$457.56,,
S-17029,South,Monthly Plus,79.9,False,No,410.97,,
S-11078,Midwest,Quarterly Bundle,45.4,True,False,"$1,660.05",13.8,
S-15213,South,Monthly Essentials,67.7,False,No,460.15,,
S-11030,West,Monthly Essentials,40.5,True,False,USD 576.90,6.1,
S-11030,West,Monthly Essentials,40.5,True,False,USD 576.90,6.1,
S-10945,West,Monthly Plus,45.5,True,1,251.80,10.5,bad support experience
S-15847,Northeast,Monthly Essentials,56.3,No,False,661.28,,
S-12947,South,Quarterly Bundle,89.2,Yes,False,$287.06,1.3,
S-13120,South,Quarterly Bundle,78.7,1,No,USD 1349.86,13.8,
S-13120,South,Quarterly Bundle,78.7,1,No,USD 1349.86,13.8,
S-15850,Midwest,Quarterly Bundle,57.5,False,False,"$1,094.40",,
S-12342,West,Monthly Essentials,82.2,Yes,False,$794.05,13.3,
S-12789,South,Monthly Essentials,79.5,Yes,0,123.85,11.8,
S-10396,West,Monthly Plus,48.2,Yes,1,411.72,9.0,shipping issues
S-10740,Northeast,Quarterly Bundle,44.7,True,1,"$2,050.08",3.6,
S-11720,South,Quarterly Bundle,60.8,True,False,"$2,769.81",5.6,
S-16141,Midwest,Quarterly Bundle,59.3,False,0,3785.07,,
S-15687,Midwest,Monthly Plus,68.3,No,No,901.73,,
S-17865,South,Monthly Essentials,87.0,False,True,"$1,008.25",,moving/relocating
S-14673,Northeast,Quarterly Bundle,51.2,0,No,$815.51,,
S-12969,Northeast,Monthly Essentials,93.4,True,False,147.30,12.9,
S-13352,South,Quarterly Bundle,54.9,No,Yes,USD 3359.28,,shipping issues
S-12300,West,Monthly Essentials,86.1,1,1,430.59,10.5,found alternative
S-13450,Northeast,Monthly Essentials,40.0,No,False,USD 263.55,,
S-15290,Northeast,Monthly Plus,73.2,False,No,$127.37,,
S-12221,West,Monthly Plus,93.6,True,False,1035.02,10.0,
S-15592,Midwest,Quarterly Bundle,68.4,False,0,607.29,,
S-16565,Midwest,Quarterly Bundle,59.2,No,True,"$2,912.90",,shipping issues
S-14300,South,Quarterly Bundle,38.8,0,0,$950.69,,
S-14014,Northeast,Monthly Essentials,46.9,0,False,$227.76,,
S-10627,South,Monthly Plus,38.9,Yes,True,292.77,3.7,no longer needed
S-11953,West,Monthly Essentials,73.1,Yes,True,$200.35,8.6,
S-14696,Midwest,Monthly Essentials,51.8,No,False,USD 42.77,,
S-14908,West,Monthly Essentials,38.6,0,No,$726.43,,
S-18306,West,Monthly Essentials,80.4,No,No,$870.81,,
S-12940,West,Monthly Essentials,98.3,True,No,USD 762.36,10.4,
S-10755,West,Monthly Essentials,53.9,Yes,True,$304.34,12.9,moving/relocating
S-17544,Midwest,Monthly Plus,89.8,No,No,441.92,,
S-13981,South,Monthly Essentials,47.1,No,False,$204.68,,
S-12518,Northeast,Monthly Plus,87.8,Yes,False,475.19,13.5,
S-15031,Midwest,Monthly Essentials,55.8,No,0,$592.18,,
S-15944,Northeast,Monthly Plus,72.4,False,False,USD 270.51,,
S-18131,South,Monthly Essentials,94.8,False,False,$42.65,,
S-16840,South,Monthly Plus,99.7,False,No,$590.37,,
S-12517,Northeast,Monthly Essentials,96.1,True,False,708.15,13.2,
S-17954,West,Quarterly Bundle,99.7,No,False,2621.79,,
S-15470,South,Monthly Plus,72.1,No,Yes,759.95,,found alternative
S-13277,South,Monthly Essentials,35.4,False,0,USD 649.93,,
S-15327,West,Monthly Essentials,68.6,False,1,$450.72,,bad support experience
S-11786,Northeast,Monthly Plus,64.7,Yes,No,USD 326.63,8.5,
S-12627,West,Monthly Essentials,94.6,True,False,$609.02,9.9,
S-13275,Northeast,Monthly Plus,36.9,0,False,"$1,375.51",,
S-17979,South,Quarterly Bundle,99.5,False,No,1405.60,,
S-16740,South,Monthly Plus,87.8,No,False,850.79,,
S-15469,Midwest,Quarterly Bundle,74.8,False,False,"$3,166.36",,
S-10847,West,Monthly Essentials,42.7,1,Yes,940.43,11.9,moving/relocating
S-13577,Midwest,Monthly Plus,46.8,0,False,762.07,,
S-13577,Midwest,Monthly Plus,46.8,0,False,762.07,,
S-11314,Northeast,Monthly Essentials,67.3,Yes,0,460.79,6.3,
S-11488,Northeast,Monthly Plus,57.6,True,No,1217.37,4.2,
S-10523,Midwest,Quarterly Bundle,41.8,1,Yes,USD 2902.50,1.0,moving/relocating
S-12236,South,Monthly Plus,84.2,Yes,False,753.65,4.7,
S-13187,South,Monthly Essentials,81.0,Yes,False,357.84,3.4,
S-11883,Northeast,Monthly Plus,71.3,Yes,True,USD 181.48,8.0,found alternative
S-17014,South,Monthly Plus,87.9,False,No,$613.77,,
S-11355,Midwest,Monthly Essentials,68.1,True,1,$656.74,12.2,
S-11949,South,Monthly Essentials,62.1,Yes,True,223.21,6.2,found alternative
S-13831,Midwest,Monthly Plus,45.6,0,False,241.05,,
S-10447,West,Monthly Plus,52.4,Yes,Yes,163.49,13.1,poor quality
S-17181,South,Monthly Plus,79.1,False,False,USD 769.99,,
S-16870,Midwest,Monthly Plus,78.5,No,No,1202.50,,
S-16677,South,Monthly Essentials,70.6,No,No,402.55,,
S-11011,South,Quarterly Bundle,43.4,True,1,2313.71,6.1,moving/relocating
S-10721,Northeast,Monthly Plus,36.0,True,0,1010.75,1.6,
S-14671,West,Monthly Essentials,47.7,0,False,616.31,,
S-15088,West,Quarterly Bundle,61.2,0,False,3579.68,,
S-17654,Midwest,Monthly Essentials,92.9,0,No,USD 82.33,,
S-14097,Northeast,Quarterly Bundle,49.0,False,0,"$2,590.51",,
S-16028,South,Monthly Plus,73.9,0,0,"$1,261.26",,
S-16500,Midwest,Monthly Essentials,56.7,False,No,USD 429.81,,
S-16085,South,Monthly Plus,66.8,False,False,USD 1202.53,,
S-13306,Midwest,Monthly Plus,40.9,0,False,"$1,337.09",,
S-14602,South,Monthly Plus,50.7,False,Yes,USD 1367.73,,too expensive
S-11146,West,Monthly Essentials,62.2,True,No,$498.89,5.9,
S-14545,Northeast,Monthly Plus,37.7,False,No,1462.60,,
S-11673,Northeast,Monthly Essentials,69.9,Yes,False,410.41,0.9,
S-12528,Midwest,Monthly Plus,80.5,Yes,True,$709.43,6.6,moving/relocating
S-12775,West,Quarterly Bundle,85.4,True,False,2396.65,6.3,
S-10398,South,Quarterly Bundle,39.5,1,True,$940.67,6.1,moving/relocating
S-15883,South,Monthly Plus,60.4,No,0,$748.10,,
S-12014,West,Quarterly Bundle,62.2,Yes,Yes,2515.66,7.7,moving/relocating
S-15447,West,Monthly Essentials,64.7,No,No,300.13,,
S-17771,West,Monthly Essentials,77.9,False,No,953.34,,
S-15837,South,Monthly Plus,56.8,False,1,1326.65,,
S-10880,Northeast,Monthly Essentials,38.1,Yes,False,426.32,3.5,
S-15694,Midwest,Monthly Essentials,61.8,False,0,563.28,,
S-12698,South,Quarterly Bundle,92.2,True,False,1891.42,8.5,
S-14488,Midwest,Monthly Plus,46.3,False,0,724.04,,
S-10594,Midwest,Quarterly Bundle,44.1,1,0,"$1,235.47",2.5,
S-13877,South,Quarterly Bundle,38.6,No,False,835.83,,
S-15645,South,Monthly Plus,65.8,No,No,619.97,,
S-11902,Northeast,Monthly Essentials,64.3,True,0,120.08,12.8,
S-16605,Midwest,Monthly Essentials,66.4,No,False,USD 478.59,,
S-12192,South,Quarterly Bundle,95.2,Yes,1,"$3,758.60",4.9,no longer needed
S-13739,West,Quarterly Bundle,45.8,False,No,"$2,070.58",,
S-12908,West,Monthly Plus,94.6,Yes,True,USD 456.90,4.7,paused indefinitely
S-15104,Midwest,Monthly Plus,63.6,False,Yes,USD 959.03,,paused indefinitely
S-11278,Northeast,Monthly Plus,66.8,True,No,$219.34,5.1,
S-13290,Northeast,Quarterly Bundle,38.9,No,0,1178.07,,
S-16372,Northeast,Monthly Essentials,68.0,False,No,$342.89,,
S-16772,West,Monthly Essentials,79.8,False,False,$531.82,,
S-16136,Northeast,Monthly Essentials,67.0,No,No,$286.35,,
S-17947,South,Quarterly Bundle,82.5,False,False,USD 156.43,,
S-16901,South,Monthly Plus,79.3,0,No,1384.17,,
S-15707,Northeast,Quarterly Bundle,65.3,False,False,3249.25,,
S-17227,Northeast,Quarterly Bundle,87.8,False,False,2652.34,,
S-15594,West,Quarterly Bundle,70.5,False,True,1829.50,,paused indefinitely
S-10749,South,Quarterly Bundle,46.9,True,True,USD 1945.80,9.3,poor quality
S-10819,West,Monthly Plus,50.6,True,No,312.63,9.1,
S-13493,Midwest,Monthly Plus,38.5,False,False,$258.15,,
S-10922,West,Quarterly Bundle,53.8,Yes,No,3755.00,13.4,
S-11912,South,Monthly Plus,57.3,True,False,193.94,5.2,
S-14562,West,Monthly Plus,51.5,No,False,321.40,,
S-14562,West,Monthly Plus,51.5,No,False,321.40,,
S-17211,West,Monthly Essentials,75.7,False,0,789.94,,
S-16449,West,Quarterly Bundle,68.5,False,False,USD 3215.72,,
S-11570,Midwest,Monthly Essentials,64.4,Yes,False,USD 85.68,0.6,
S-15816,Midwest,Quarterly Bundle,65.8,False,False,2783.63,,
S-11129,West,Monthly Essentials,69.5,Yes,Yes,USD 908.51,9.2,poor quality
S-16394,Midwest,Monthly Plus,63.5,No,False,490.51,,
S-16578,West,Quarterly Bundle,63.4,No,Yes,816.99,,moving/relocating
S-13186,South,Monthly Plus,90.7,Yes,0,323.81,8.9,
S-15885,West,Monthly Plus,72.8,0,No,"$1,082.25",,
S-16192,South,Quarterly Bundle,64.3,0,No,"$1,942.69",,
S-14342,Northeast,Monthly Plus,37.8,No,Yes,USD 173.88,,shipping issues
S-10588,Northeast,Monthly Essentials,47.5,True,No,$517.55,8.2,
S-17252,Midwest,Monthly Essentials,93.8,False,False,USD 78.29,,
S-11606,South,Monthly Plus,58.3,True,False,$899.51,2.3,
S-10327,Northeast,Monthly Plus,46.0,Yes,False,1125.38,3.8,
S-12271,Midwest,Monthly Plus,90.9,True,False,USD 575.03,0.4,
S-14062,Midwest,Monthly Plus,53.4,False,1,USD 546.32,,paused indefinitely
S-13947,Midwest,Monthly Essentials,35.8,No,No,585.08,,
S-15188,West,Monthly Essentials,63.0,False,False,810.39,,
S-15684,Northeast,Quarterly Bundle,72.6,False,False,"$3,054.44",,
S-11555,Northeast,Quarterly Bundle,59.2,True,False,1306.71,6.7,
S-15752,South,Monthly Essentials,63.8,0,False,124.69,,
S-11141,Northeast,Quarterly Bundle,62.3,Yes,False,$980.27,3.7,
S-17036,Northeast,Monthly Plus,98.7,False,False,USD 762.62,,
S-10387,Northeast,Monthly Plus,52.7,Yes,No,1326.63,9.0,
S-18314,Midwest,Monthly Essentials,90.5,False,True,343.95,,poor quality
S-16995,Midwest,Monthly Essentials,80.7,No,False,USD 436.12,,
S-13507,Northeast,Quarterly Bundle,50.1,False,0,"$3,407.16",,
S-17521,Northeast,Monthly Essentials,87.5,False,False,544.63,,
S-16821,Northeast,Monthly Plus,78.5,No,0,USD 57.19,,
S-14199,West,Monthly Essentials,37.1,0,False,291.61,,
S-14219,Northeast,Monthly Plus,53.0,No,Yes,997.10,,shipping issues
S-12581,South,Monthly Plus,78.5,True,False,$308.63,7.9,
S-14708,South,Monthly Essentials,47.8,No,0,383.19,,
S-11840,Northeast,Monthly Essentials,62.9,1,1,976.03,0.3,moving/relocating
S-16790,Midwest,Monthly Plus,97.5,No,False,320.88,,
S-13595,Midwest,Monthly Plus,51.8,False,No,116.38,,
S-10615,South,Monthly Plus,52.4,True,No,USD 1041.24,6.1,
S-15951,Northeast,Monthly Plus,73.9,0,No,373.54,,
S-13401,West,Monthly Plus,47.2,No,True,$523.32,,bad support experience
S-18088,West,Monthly Plus,94.0,False,False,1079.00,,
S-16180,Northeast,Monthly Essentials,66.4,False,False,964.71,,
S-10321,Northeast,Monthly Essentials,50.1,True,1,720.88,7.4,found alternative
S-10413,South,Quarterly Bundle,50.5,True,True,"$2,706.26",9.2,poor quality
S-10422,West,Quarterly Bundle,48.7,True,True,3357.71,5.9,shipping issues
S-11946,South,Monthly Essentials,71.2,True,False,108.90,13.7,
S-15681,West,Monthly Plus,71.9,False,False,$922.73,,
S-11052,South,Monthly Plus,45.6,Yes,Yes,626.90,12.8,paused indefinitely
S-16628,Northeast,Monthly Essentials,71.1,False,False,159.17,,
S-14426,Midwest,Quarterly Bundle,42.9,False,True,2180.25,,
S-17593,Northeast,Quarterly Bundle,82.8,No,No,USD 1840.20,,
S-12601,West,Quarterly Bundle,87.8,True,No,$278.33,7.1,
S-14234,South,Quarterly Bundle,36.1,No,No,150.78,,
S-11818,South,Quarterly Bundle,69.8,True,False,"$1,100.72",9.4,
S-16968,South,Monthly Plus,87.1,False,False,182.13,,
S-14121,Northeast,Monthly Plus,47.3,No,False,$924.38,,
S-13879,West,Quarterly Bundle,47.6,False,False,781.19,,
S-13588,Northeast,Monthly Plus,38.0,No,Yes,697.64,,bad support experience
S-18197,Northeast,Monthly Essentials,84.7,No,False,677.80,,
S-13640,South,Monthly Plus,40.2,No,False,$990.86,,
S-16773,South,Monthly Essentials,90.7,0,False,$470.62,,
S-11627,South,Quarterly Bundle,60.1,True,True,3233.40,13.1,no longer needed
S-15111,South,Monthly Plus,66.8,False,False,USD 480.63,,
S-15632,Northeast,Monthly Essentials,65.2,False,No,$108.87,,
S-14114,West,Quarterly Bundle,35.7,No,False,562.92,,
S-13357,South,Quarterly Bundle,53.3,False,0,475.44,,
S-11577,West,Monthly Plus,66.7,1,0,378.46,3.2,
S-11149,Northeast,Quarterly Bundle,67.9,Yes,0,$272.65,7.4,
S-11402,Northeast,Monthly Essentials,72.9,1,False,$498.14,11.7,
S-16308,Midwest,Monthly Plus,73.4,False,False,304.58,,
S-16263,Midwest,Monthly Essentials,57.4,0,False,659.30,,
S-10875,Northeast,Monthly Plus,37.6,1,False,324.24,8.6,
S-14365,South,Quarterly Bundle,41.4,False,No,"$3,263.57",,
S-15398,West,Monthly Plus,62.1,No,False,"$1,243.14",,
S-13549,West,Monthly Essentials,40.5,No,0,304.43,,
S-14233,Northeast,Quarterly Bundle,54.2,False,True,1620.21,,
S-11587,Midwest,Monthly Plus,61.1,1,1,$665.41,3.3,too expensive
S-14156,West,Monthly Essentials,36.0,No,No,USD 497.63,,
S-16280,South,Quarterly Bundle,56.8,0,False,"$1,592.39",,
S-17298,Midwest,Quarterly Bundle,78.7,False,Yes,USD 2549.74,,no longer needed
S-14059,Midwest,Monthly Essentials,39.6,False,No,277.30,,
S-15346,South,Quarterly Bundle,73.3,False,1,USD 2865.56,,shipping issues
S-17503,South,Monthly Plus,75.6,No,True,106.98,,bad support experience
S-12167,South,Monthly Essentials,92.8,Yes,No,846.34,11.7,
S-16275,West,Quarterly Bundle,71.5,False,0,3265.91,,
S-12320,Northeast,Monthly Essentials,88.6,True,Yes,$256.72,12.5,no longer needed
S-10343,South,Monthly Plus,51.8,Yes,False,USD 181.02,4.8,
S-16590,West,Quarterly Bundle,73.6,No,No,$481.67,,
S-13415,Midwest,Quarterly Bundle,35.3,False,No,USD 3338.23,,
S-17415,South,Monthly Essentials,82.8,False,0,588.72,,
S-14222,South,Quarterly Bundle,43.0,No,No,USD 2385.81,,
S-17447,West,Monthly Essentials,92.8,No,False,USD 723.91,,
S-14041,Midwest,Monthly Essentials,39.9,No,False,664.74,,
S-12101,Northeast,Monthly Plus,64.1,Yes,Yes,$636.00,6.4,paused indefinitely
S-11153,West,Monthly Essentials,71.6,True,True,USD 856.50,0.3,too expensive
S-12347,Midwest,Monthly Essentials,75.2,True,No,$345.09,9.1,
S-18354,Northeast,Monthly Plus,94.5,0,False,"$1,178.02",,
S-16072,Northeast,Monthly Essentials,64.4,No,No,$70.83,,
S-10337,Northeast,Quarterly Bundle,49.2,True,Yes,USD 1962.80,6.3,found alternative
S-18036,Northeast,Monthly Essentials,83.9,False,False,105.48,,
S-11698,South,Monthly Plus,58.7,True,No,1112.52,4.1,
S-14252,Midwest,Monthly Essentials,52.7,False,No,666.28,,
S-15763,Midwest,Quarterly Bundle,69.0,0,0,USD 1759.12,,
S-16679,Midwest,Quarterly Bundle,86.7,0,0,2344.80,,
S-15514,Northeast,Monthly Plus,69.2,No,0,1125.63,,
S-16834,Northeast,Monthly Essentials,79.7,No,False,$697.48,,
S-12604,Northeast,Monthly Essentials,93.6,Yes,No,$397.73,0.1,
S-17226,Midwest,Monthly Plus,95.1,False,False,1365.84,,
S-16399,South,Monthly Plus,62.5,No,0,1034.69,,
S-12036,Northeast,Monthly Essentials,71.7,True,Yes,USD 405.28,12.5,no longer needed
S-11198,Northeast,Monthly Plus,66.4,Yes,Yes,949.98,13.9,bad support experience
S-10049,Northeast,Quarterly Bundle,49.6,1,No,"$2,112.68",12.2,
S-12574,Northeast,Monthly Essentials,95.8,True,False,973.67,1.8,
S-11791,South,Monthly Essentials,74.5,Yes,False,974.89,11.8,
S-10753,West,Quarterly Bundle,43.9,True,True,"$3,133.18",11.6,paused indefinitely
S-17088,Northeast,Quarterly Bundle,91.9,False,No,1263.04,,
S-16690,Midwest,Quarterly Bundle,80.9,No,0,"$2,169.85",,
S-11828,West,Monthly Plus,62.2,1,Yes,$60.76,1.1,
S-18232,West,Monthly Essentials,76.8,No,No,342.83,,
S-14104,Northeast,Quarterly Bundle,45.7,No,No,"$1,344.46",,
S-15577,Northeast,Monthly Essentials,69.0,No,0,941.82,,
S-11501,Northeast,Monthly Essentials,55.1,True,No,598.57,11.4,
S-11194,West,Monthly Essentials,66.4,True,True,$419.53,4.5,moving/relocating
S-18006,South,Quarterly Bundle,87.1,No,False,USD 892.01,,
S-11914,West,Quarterly Bundle,71.1,True,True,3093.48,13.1,poor quality
S-13579,Midwest,Monthly Essentials,52.9,No,No,543.04,,
S-10823,Northeast,Monthly Essentials,40.8,True,True,USD 576.21,3.2,too expensive
S-16127,South,Monthly Plus,71.8,No,0,$655.90,,
S-17844,Midwest,Quarterly Bundle,92.1,No,False,"$2,284.90",,
S-13936,Midwest,Monthly Essentials,53.6,No,No,$346.44,,
S-12081,Northeast,Monthly Essentials,64.8,True,True,USD 71.19,2.2,paused indefinitely
S-11251,Midwest,Quarterly Bundle,72.4,Yes,1,USD 2700.75,9.4,paused indefinitely
S-12366,Midwest,Monthly Plus,80.8,Yes,0,$629.14,7.2,
S-16092,Midwest,Monthly Essentials,60.4,False,No,$874.09,,
S-15797,South,Monthly Plus,70.6,No,No,$242.18,,
S-15711,South,Monthly Essentials,74.1,0,False,170.16,,
S-14122,West,Monthly Plus,35.1,No,No,"$1,260.76",,
S-11416,West,Monthly Plus,71.5,Yes,Yes,USD 319.75,6.6,
S-12471,Northeast,Monthly Plus,92.6,Yes,No,317.35,1.3,
S-11778,West,Quarterly Bundle,72.8,True,True,"$1,246.12",9.1,
S-15710,Midwest,Quarterly Bundle,74.1,False,No,2724.46,,
S-15749,West,Monthly Plus,70.5,No,False,USD 598.97,,
S-18024,Midwest,Quarterly Bundle,79.1,No,0,USD 2406.02,,
S-15521,South,Quarterly Bundle,64.6,False,No,USD 2343.90,,
S-13213,West,Quarterly Bundle,95.8,Yes,False,"$1,735.75",2.4,
S-13213,West,Quarterly Bundle,95.8,Yes,False,"$1,735.75",2.4,
S-12871,South,Quarterly Bundle,87.6,Yes,No,USD 2279.32,10.4,
S-11736,South,Monthly Plus,63.4,Yes,No,USD 487.24,9.2,
S-16685,South,Monthly Essentials,90.0,False,0,$411.45,,
S-12760,Midwest,Monthly Plus,90.4,True,False,$642.61,8.5,
S-14409,Midwest,Quarterly Bundle,37.0,No,Yes,"$1,114.12",,
S-14182,South,Monthly Plus,36.3,0,Yes,249.80,,poor quality
S-11682,Midwest,Monthly Essentials,71.5,True,True,111.02,6.2,shipping issues
S-12771,Northeast,Quarterly Bundle,82.6,True,False,USD 3391.08,0.7,
S-18277,South,Quarterly Bundle,88.3,0,No,1483.25,,
S-10750,Northeast,Monthly Essentials,41.0,True,Yes,872.97,2.7,too expensive
S-10750,Northeast,Monthly Essentials,41.0,True,Yes,872.97,2.7,too expensive
S-11801,South,Monthly Plus,69.8,Yes,No,$671.35,8.5,
S-12642,West,Quarterly Bundle,84.7,1,False,2107.36,10.4,
S-14452,West,Monthly Plus,37.2,False,No,"$1,239.51",,
S-16602,South,Monthly Essentials,56.0,No,No,85.16,,
S-13954,South,Monthly Plus,53.0,No,False,57.89,,
S-18103,West,Monthly Essentials,84.4,False,False,$77.37,,
S-14504,West,Monthly Essentials,39.6,False,No,$293.56,,
S-16483,South,Quarterly Bundle,72.2,0,0,$749.78,,
S-15682,Midwest,Quarterly Bundle,60.9,0,0,USD 163.67,,
S-15291,South,Monthly Plus,58.5,No,No,939.33,,
S-17953,Midwest,Quarterly Bundle,86.0,No,No,2413.16,,
S-17688,Midwest,Monthly Plus,83.8,False,0,1376.81,,
S-15841,Northeast,Monthly Essentials,74.2,False,No,USD 332.20,,
S-16863,South,Monthly Plus,87.4,No,False,USD 1396.93,,
S-15207,Midwest,Monthly Plus,65.5,No,No,113.54,,
S-15703,West,Monthly Plus,63.0,False,False,USD 1034.64,,
S-16934,West,Quarterly Bundle,95.2,No,False,548.61,,
S-14977,Northeast,Monthly Plus,57.8,False,No,USD 565.28,,
S-15876,South,Monthly Plus,57.6,False,False,$359.80,,
S-10728,West,Monthly Essentials,37.1,Yes,Yes,791.79,12.9,bad support experience
S-12195,West,Quarterly Bundle,97.6,True,True,2696.29,0.5,no longer needed
S-15997,Midwest,Quarterly Bundle,70.6,False,No,2203.85,,
S-10235,Northeast,Monthly Essentials,49.8,Yes,False,37.80,2.3,
S-13971,Northeast,Monthly Essentials,49.2,0,No,680.61,,
S-13833,West,Monthly Plus,51.0,0,No,USD 57.00,,
S-14916,West,Monthly Plus,44.0,0,False,USD 295.78,,
S-14220,South,Quarterly Bundle,41.1,No,False,"$1,677.46",,
S-15082,South,Monthly Essentials,59.6,No,No,647.65,,
S-10801,Northeast,Quarterly Bundle,35.4,Yes,False,USD 1662.73,12.5,
S-15714,West,Monthly Plus,73.5,No,False,$485.94,,
S-17465,West,Quarterly Bundle,79.9,False,False,2131.36,,
S-18102,Northeast,Quarterly Bundle,77.1,No,False,"$2,516.73",,
S-13660,South,Monthly Essentials,38.0,No,No,$585.06,,
S-15412,Northeast,Monthly Essentials,61.2,False,False,USD 436.75,,
S-17692,Northeast,Monthly Plus,91.4,No,No,189.73,,
S-15456,Midwest,Monthly Plus,57.1,0,True,1510.63,,poor quality
S-11170,West,Monthly Essentials,69.2,Yes,No,338.42,0.9,
S-13067,West,Monthly Plus,96.7,True,False,627.03,9.6,
S-13914,Midwest,Monthly Plus,36.4,0,True,$230.54,,poor quality
S-16461,South,Quarterly Bundle,60.5,False,No,2977.57,,
S-15962,Northeast,Monthly Essentials,64.0,No,False,41.91,,
S-11557,West,Monthly Essentials,61.5,True,No,$75.28,11.3,
S-14718,Northeast,Monthly Essentials,38.9,0,0,768.53,,
S-16296,South,Quarterly Bundle,59.8,0,0,3062.87,,
S-18031,South,Monthly Essentials,92.2,No,No,USD 476.18,,
S-12461,West,Monthly Plus,98.4,Yes,False,937.14,11.4,
S-11662,South,Monthly Plus,61.7,True,Yes,$536.15,5.9,
S-12561,South,Quarterly Bundle,88.8,1,False,2927.70,8.2,
S-11193,West,Quarterly Bundle,66.8,True,False,1267.45,6.1,
S-17324,South,Monthly Plus,95.0,False,False,955.78,,
S-16306,West,Monthly Essentials,66.1,0,False,USD 357.69,,
S-10252,Northeast,Monthly Plus,50.0,Yes,No,116.28,9.8,
S-14967,Midwest,Monthly Plus,67.7,False,False,$575.50,,
S-11099,South,Monthly Essentials,65.6,True,False,81.19,10.8,
S-13701,Midwest,Monthly Plus,47.4,False,False,USD 188.93,,
S-12511,Midwest,Quarterly Bundle,77.1,1,No,3280.09,8.9,
S-13034,West,Monthly Plus,83.7,Yes,0,609.79,2.9,
S-14983,West,Monthly Essentials,60.7,No,False,1004.64,,
S-15381,Midwest,Monthly Plus,69.5,No,No,USD 1243.98,,
S-10723,Northeast,Monthly Essentials,36.1,True,Yes,$878.17,4.0,paused indefinitely
S-13919,Northeast,Monthly Essentials,51.0,0,1,$110.08,,no longer needed
S-15465,Midwest,Monthly Plus,59.8,False,False,$748.52,,
S-12368,West,Quarterly Bundle,96.8,1,1,2447.12,10.5,moving/relocating
S-14178,Midwest,Monthly Essentials,37.5,No,No,745.24,,
S-14767,West,Monthly Essentials,36.0,False,False,180.81,,
S-16109,West,Monthly Essentials,61.7,False,False,738.73,,
S-15723,South,Monthly Plus,69.9,0,0,1279.23,,
S-13744,West,Monthly Plus,51.5,False,0,1480.06,,
S-17824,South,Quarterly Bundle,80.2,No,No,"$2,477.34",,
S-11060,Northeast,Monthly Plus,41.4,Yes,Yes,USD 629.02,3.8,moving/relocating
S-13802,Midwest,Monthly Plus,49.2,No,False,$365.09,,
S-17508,West,Quarterly Bundle,87.5,No,No,USD 1269.79,,
S-13522,West,Monthly Plus,35.2,0,False,886.51,,
S-10664,West,Monthly Essentials,54.0,1,Yes,$862.91,9.6,bad support experience
S-10664,West,Monthly Essentials,54.0,1,Yes,$862.91,9.6,bad support experience
S-13300,Midwest,Monthly Essentials,40.6,False,No,39.78,,
S-16589,Northeast,Monthly Essentials,55.1,False,No,$802.09,,
S-12456,Midwest,Quarterly Bundle,98.4,1,True,2518.85,5.0,poor quality
S-14353,West,Quarterly Bundle,54.8,No,No,USD 2510.97,,
S-14519,Northeast,Monthly Essentials,38.8,No,No,539.10,,
S-14700,South,Monthly Essentials,37.7,No,0,$254.31,,
S-17047,West,Monthly Plus,86.0,0,No,920.11,,
S-12968,West,Monthly Essentials,96.5,True,Yes,$457.76,10.2,found alternative
S-10079,South,Monthly Essentials,48.2,True,True,421.33,8.3,found alternative
S-18202,Midwest,Quarterly Bundle,87.1,False,False,3746.70,,
S-12102,West,Monthly Plus,61.4,1,Yes,120.88,2.2,bad support experience
S-14193,West,Monthly Plus,37.2,False,True,$299.66,,bad support experience
S-16469,Northeast,Monthly Essentials,74.8,No,False,694.78,,
S-15948,Northeast,Monthly Essentials,59.0,False,False,USD 659.80,,
S-11047,Northeast,Monthly Essentials,47.8,Yes,No,956.75,6.0,
S-14992,Midwest,Quarterly Bundle,60.9,False,0,$954.69,,
S-17243,South,Quarterly Bundle,79.6,0,False,"$2,920.35",,
S-11718,West,Quarterly Bundle,58.2,1,0,"$3,101.81",9.1,
S-11524,West,Monthly Essentials,69.6,True,True,$689.36,4.6,paused indefinitely
S-10082,West,Monthly Essentials,35.1,1,True,512.69,5.7,moving/relocating
S-11304,West,Monthly Essentials,68.8,1,False,$471.56,5.0,
S-16160,Midwest,Monthly Essentials,63.4,No,True,USD 492.28,,shipping issues
S-16587,South,Monthly Plus,71.5,False,0,"$1,127.72",,
S-15324,Midwest,Monthly Plus,72.6,0,False,660.80,,
S-16662,South,Monthly Plus,60.6,False,No,227.55,,
S-16329,South,Quarterly Bundle,56.7,False,False,975.47,,
S-14438,Midwest,Monthly Plus,47.0,False,No,474.42,,
S-12809,South,Monthly Plus,85.9,Yes,No,$673.46,0.4,
S-17266,West,Monthly Essentials,85.8,False,0,USD 593.54,,
S-16978,West,Quarterly Bundle,97.5,0,False,3165.90,,
S-10570,Northeast,Monthly Essentials,50.4,Yes,False,$337.14,13.5,
S-15562,Midwest,Quarterly Bundle,58.7,No,0,2531.09,,
S-18221,Midwest,Quarterly Bundle,97.4,No,False,"$2,962.99",,
S-12298,Northeast,Monthly Essentials,89.9,True,False,$408.70,6.9,
S-14886,Midwest,Monthly Essentials,50.7,False,False,276.11,,
S-14886,Midwest,Monthly Essentials,50.7,False,False,276.11,,
S-17987,South,Monthly Plus,84.5,False,No,490.48,,
S-17405,Midwest,Quarterly Bundle,81.6,False,False,3918.19,,
S-10193,Northeast,Monthly Essentials,42.3,True,True,880.82,5.2,bad support experience
S-14829,Northeast,Quarterly Bundle,52.7,No,0,$272.58,,
S-18142,Midwest,Monthly Plus,98.1,No,1,USD 168.59,,paused indefinitely
S-13179,Northeast,Monthly Plus,89.5,Yes,False,USD 1206.41,9.5,
S-12110,South,Monthly Essentials,73.1,1,No,82.03,8.2,
S-11166,Northeast,Monthly Plus,57.3,True,False,643.50,2.4,
S-14976,Northeast,Quarterly Bundle,72.6,False,No,3065.70,,
S-11006,South,Monthly Plus,45.2,Yes,Yes,USD 60.10,1.6,paused indefinitely
S-13530,South,Quarterly Bundle,45.2,False,0,USD 749.74,,
S-17060,Northeast,Quarterly Bundle,91.0,No,False,"$2,902.31",,
S-12389,Midwest,Quarterly Bundle,92.7,Yes,No,"$2,515.31",1.4,
S-11206,West,Quarterly Bundle,63.1,True,No,1011.38,0.2,
S-12028,West,Monthly Essentials,70.1,1,Yes,USD 211.00,5.7,found alternative
S-17458,South,Monthly Plus,78.6,0,False,497.65,,
S-12458,South,Monthly Essentials,78.4,Yes,False,$333.76,2.6,
S-16731,West,Monthly Essentials,83.0,No,False,790.69,,
S-14107,Midwest,Monthly Essentials,43.3,No,No,671.77,,
S-18033,West,Monthly Plus,84.0,0,No,"$1,291.61",,
S-17270,Northeast,Monthly Essentials,89.4,False,False,481.84,,
S-15445,Midwest,Quarterly Bundle,60.9,0,No,2064.43,,
S-14003,West,Quarterly Bundle,47.8,No,No,"$3,287.71",,
S-17439,Northeast,Quarterly Bundle,84.6,0,0,969.30,,
S-15227,Northeast,Quarterly Bundle,73.3,No,No,2948.41,,
S-15157,West,Monthly Plus,72.4,False,False,565.00,,
S-10359,Northeast,Quarterly Bundle,49.0,Yes,No,"$2,779.72",0.4,
S-12103,Northeast,Monthly Plus,62.9,Yes,True,"$1,409.08",3.0,no longer needed
S-17129,Northeast,Monthly Essentials,93.0,No,False,$326.22,,
S-11079,Northeast,Quarterly Bundle,73.6,Yes,No,"$3,758.74",13.5,
S-10705,South,Quarterly Bundle,51.8,True,No,1254.53,10.3,
S-13310,Midwest,Quarterly Bundle,49.4,0,False,645.37,,
S-14388,West,Monthly Plus,45.5,False,False,"$1,309.54",,
S-17318,South,Monthly Plus,76.2,False,No,1429.62,,
S-11493,South,Monthly Plus,68.5,Yes,No,821.50,1.8,
S-13788,West,Monthly Plus,47.5,No,No,$380.58,,
S-14989,Midwest,Monthly Plus,65.7,No,False,USD 1019.05,,
S-11656,Midwest,Monthly Essentials,58.4,Yes,1,$971.31,1.8,no longer needed
S-13847,West,Monthly Plus,36.8,False,No,$57.95,,
S-17899,West,Monthly Essentials,80.0,False,False,535.49,,
S-12777,West,Monthly Essentials,87.5,1,False,411.12,13.0,
S-16089,West,Quarterly Bundle,65.9,No,False,USD 2480.53,,
S-16111,South,Monthly Essentials,72.0,No,No,975.69,,
S-12107,Northeast,Quarterly Bundle,58.8,True,No,3124.52,7.4,
S-15231,South,Quarterly Bundle,60.9,False,No,1899.64,,
S-13984,West,Monthly Essentials,48.3,No,False,309.88,,
S-15070,West,Quarterly Bundle,64.7,False,1,2275.72,,
S-11383,Northeast,Quarterly Bundle,70.7,True,Yes,3488.73,6.8,poor quality
S-10148,Northeast,Monthly Plus,45.8,Yes,Yes,$61.99,9.4,
S-10666,Midwest,Monthly Plus,38.2,1,True,$674.55,5.6,paused indefinitely
S-16891,Midwest,Monthly Essentials,77.4,False,False,$380.74,,
S-10319,Northeast,Monthly Essentials,54.3,Yes,Yes,$331.17,10.8,shipping issues
S-17104,South,Monthly Essentials,96.9,False,False,601.87,,
S-10369,Northeast,Monthly Essentials,40.0,1,False,$37.94,4.1,
S-11425,Northeast,Monthly Plus,61.0,Yes,False,$926.42,5.2,
S-10764,Northeast,Monthly Essentials,50.5,Yes,True,$675.15,10.3,paused indefinitely
S-15586,Northeast,Monthly Plus,62.6,0,No,432.82,,
S-15586,Northeast,Monthly Plus,62.6,0,No,432.82,,
S-16374,South,Quarterly Bundle,70.9,False,No,USD 271.92,,
S-10099,South,Monthly Essentials,41.3,True,1,291.27,6.3,no longer needed
S-16342,Midwest,Monthly Plus,66.9,0,False,305.66,,
S-10775,Northeast,Monthly Plus,48.1,Yes,Yes,USD 944.67,13.0,moving/relocating
S-17963,Northeast,Quarterly Bundle,96.3,No,False,472.93,,
S-10430,Northeast,Monthly Plus,35.2,1,False,USD 1276.74,6.7,
S-11411,Midwest,Monthly Essentials,59.3,True,No,457.26,12.1,
S-12534,Midwest,Monthly Plus,76.5,1,True,394.79,8.6,paused indefinitely
S-14647,West,Monthly Essentials,50.3,No,False,USD 457.43,,
S-10065,Midwest,Quarterly Bundle,36.5,Yes,No,USD 2709.01,12.7,
S-13546,Midwest,Monthly Essentials,48.6,False,False,USD 153.07,,
S-13629,West,Quarterly Bundle,49.4,0,True,1511.85,,shipping issues
S-17635,West,Quarterly Bundle,85.9,0,False,2723.70,,
S-12104,Midwest,Monthly Essentials,61.6,True,False,USD 846.13,5.9,
S-10612,South,Quarterly Bundle,52.8,True,Yes,847.01,6.5,shipping issues
S-12180,South,Monthly Plus,83.2,Yes,No,USD 287.97,9.3,
S-12568,Northeast,Monthly Plus,96.6,Yes,False,USD 857.02,8.8,
S-12713,South,Monthly Plus,99.1,Yes,0,292.97,7.4,
S-11839,Midwest,Monthly Plus,63.3,True,True,USD 1425.12,5.3,bad support experience
S-10853,West,Quarterly Bundle,45.0,Yes,Yes,"$1,028.04",8.9,no longer needed
S-12034,West,Monthly Essentials,70.7,Yes,False,675.67,6.6,
S-11301,Midwest,Monthly Plus,72.6,Yes,No,533.86,4.9,
S-11320,South,Quarterly Bundle,56.9,True,No,$296.13,3.3,
S-17187,Midwest,Quarterly Bundle,84.9,0,0,2562.00,,
S-10313,South,Monthly Plus,50.0,Yes,Yes,810.77,9.4,bad support experience
S-16437,South,Monthly Plus,74.3,No,False,"$1,273.87",,
S-13463,Northeast,Monthly Plus,35.1,False,False,571.26,,
S-16744,West,Monthly Essentials,85.0,False,False,$79.32,,
S-12630,South,Monthly Plus,77.7,Yes,0,1103.15,0.6,
S-11645,Northeast,Monthly Essentials,62.3,True,Yes,730.40,5.5,moving/relocating
S-15133,Northeast,Monthly Essentials,55.9,No,0,USD 311.48,,
S-13991,Northeast,Quarterly Bundle,41.5,False,No,2937.78,,
S-14362,West,Monthly Essentials,53.7,No,0,USD 752.08,,
S-13094,South,Quarterly Bundle,80.4,Yes,No,$473.70,13.7,
S-12994,South,Quarterly Bundle,95.6,Yes,No,USD 325.90,9.2,
S-11179,South,Monthly Essentials,58.8,True,False,$920.78,2.1,
S-10338,Midwest,Monthly Plus,43.7,True,Yes,$604.40,3.0,paused indefinitely
S-15972,West,Monthly Essentials,65.9,0,No,USD 413.96,,
S-15709,Midwest,Monthly Essentials,60.0,No,No,USD 496.05,,
S-16980,Northeast,Monthly Essentials,75.8,No,False,582.61,,
S-13805,South,Monthly Plus,41.5,0,False,"$1,164.87",,
S-17056,West,Monthly Essentials,99.9,False,False,41.76,,
S-16428,South,Monthly Plus,59.5,No,False,$123.47,,
S-12894,Midwest,Monthly Plus,97.5,True,True,"$1,091.29",6.3,poor quality
S-10352,Midwest,Monthly Essentials,42.1,True,True,$393.58,10.6,moving/relocating
S-11186,South,Monthly Plus,67.0,1,Yes,1376.27,2.9,shipping issues
S-17443,Midwest,Monthly Plus,82.7,False,No,547.00,,
S-17490,West,Monthly Plus,76.7,False,False,1150.68,,
S-11760,Northeast,Monthly Essentials,58.7,True,False,$907.37,6.5,
S-10267,West,Monthly Plus,50.9,Yes,Yes,684.71,13.7,poor quality
S-10623,West,Monthly Plus,36.8,1,True,$982.47,3.4,
S-12135,South,Quarterly Bundle,69.4,True,True,474.47,6.7,
S-11671,Midwest,Quarterly Bundle,73.8,1,No,2589.73,6.0,
S-15380,West,Quarterly Bundle,71.4,No,No,3577.61,,
S-11246,South,Monthly Essentials,70.0,True,Yes,$552.94,13.7,no longer needed
S-16588,Midwest,Quarterly Bundle,60.7,No,No,"$2,048.07",,
S-17604,Northeast,Monthly Essentials,98.9,0,False,USD 161.16,,
S-14470,Northeast,Monthly Essentials,52.7,False,False,$693.31,,
S-11403,Northeast,Monthly Plus,55.4,Yes,True,590.86,3.3,
S-10356,Midwest,Quarterly Bundle,53.2,Yes,No,993.85,8.9,
S-14839,Midwest,Quarterly Bundle,46.2,No,No,USD 2607.60,,
S-14361,West,Quarterly Bundle,37.3,False,No,1314.23,,
S-13999,Northeast,Monthly Plus,42.3,False,False,$416.40,,
S-11174,West,Monthly Essentials,71.9,Yes,No,$732.80,2.1,
S-11158,South,Quarterly Bundle,60.2,Yes,Yes,USD 1413.88,2.7,no longer needed
S-16854,Midwest,Quarterly Bundle,76.2,False,False,824.69,,
S-16353,West,Quarterly Bundle,56.3,False,0,1386.77,,
S-10806,Midwest,Monthly Essentials,37.9,Yes,True,USD 660.71,1.3,shipping issues
S-13457,Northeast,Monthly Essentials,49.6,No,Yes,240.82,,shipping issues
S-13871,Midwest,Monthly Essentials,51.3,False,False,414.09,,
S-10879,South,Monthly Plus,54.2,1,Yes,"$1,097.44",4.1,
S-12835,Midwest,Monthly Essentials,82.8,Yes,0,$856.30,12.1,
S-13110,Midwest,Monthly Essentials,86.0,True,False,USD 82.76,0.5,
S-11767,Midwest,Quarterly Bundle,70.2,1,False,1143.21,8.5,
S-16401,West,Quarterly Bundle,64.1,False,0,USD 2302.28,,
S-16061,West,Quarterly Bundle,64.0,False,True,"$2,686.22",,shipping issues
S-14086,Northeast,Quarterly Bundle,35.6,No,False,2228.05,,
S-18372,Northeast,Monthly Plus,85.5,No,No,$272.60,,
S-17093,West,Quarterly Bundle,99.7,False,0,$862.10,,
S-12404,Northeast,Monthly Essentials,93.0,True,True,614.83,2.4,poor quality
S-10952,West,Monthly Plus,42.3,True,False,$693.59,5.3,
S-15257,West,Quarterly Bundle,69.2,No,No,"$2,814.00",,
S-11013,West,Monthly Essentials,36.5,True,0,874.04,10.4,
S-13212,Northeast,Monthly Essentials,77.3,True,False,334.00,9.9,
S-16366,West,Monthly Plus,67.9,No,0,64.79,,
S-16366,West,Monthly Plus,67.9,No,0,64.79,,
S-12715,Northeast,Monthly Essentials,92.2,1,No,253.18,12.9,
S-18049,South,Monthly Plus,98.6,No,False,734.03,,
S-14044,South,Monthly Essentials,51.4,No,False,$583.47,,
S-12747,Midwest,Quarterly Bundle,93.4,True,No,2000.42,0.9,
S-12152,Northeast,Quarterly Bundle,73.2,Yes,False,"$1,905.74",9.9,
S-17464,Midwest,Monthly Plus,82.3,0,False,107.82,,
S-11382,Midwest,Quarterly Bundle,64.6,1,No,3226.87,6.5,
S-12230,Northeast,Monthly Plus,98.6,True,False,USD 839.86,6.0,
S-13473,South,Monthly Essentials,41.0,False,0,USD 850.64,,
S-10713,West,Quarterly Bundle,44.3,True,0,$144.80,4.2,
S-10204,South,Monthly Plus,42.1,True,True,$129.56,3.4,bad support experience
S-12052,South,Monthly Essentials,68.3,Yes,1,482.24,12.1,too expensive
S-14910,West,Quarterly Bundle,44.0,False,False,327.39,,
S-14851,Northeast,Quarterly Bundle,46.2,False,False,USD 2461.93,,
S-13466,South,Monthly Plus,42.1,0,False,USD 285.07,,
S-12399,Midwest,Monthly Essentials,76.3,True,False,$708.92,8.3,
S-13537,West,Monthly Plus,35.3,False,No,1168.31,,
S-13656,West,Quarterly Bundle,43.8,False,False,2494.78,,
S-13286,South,Monthly Essentials,35.1,No,No,245.29,,
S-16738,Northeast,Quarterly Bundle,75.7,No,No,"$3,380.76",,
S-14050,West,Monthly Plus,43.1,False,No,$597.39,,
S-13419,South,Quarterly Bundle,42.8,False,0,1349.83,,
S-16318,South,Monthly Essentials,58.7,False,No,USD 212.05,,
S-17340,Northeast,Quarterly Bundle,88.9,No,False,$158.19,,
S-14515,South,Monthly Plus,45.8,No,No,$248.06,,
S-10171,Midwest,Quarterly Bundle,54.9,1,No,1557.28,0.9,
S-10574,South,Quarterly Bundle,43.2,True,Yes,$414.57,2.0,poor quality
S-15226,West,Quarterly Bundle,60.8,No,No,421.32,,
S-17785,Northeast,Monthly Plus,98.6,No,False,USD 1166.64,,
S-15434,South,Monthly Plus,56.2,No,No,966.67,,
S-17013,South,Monthly Plus,90.6,No,0,968.10,,
S-17052,South,Quarterly Bundle,77.9,0,No,3221.20,,
S-13536,Midwest,Monthly Plus,51.6,No,False,299.88,,
S-14793,Midwest,Quarterly Bundle,49.3,False,No,856.44,,
S-13218,South,Monthly Plus,88.4,True,True,"$1,055.94",4.3,found alternative
S-11983,West,Monthly Plus,71.7,True,True,405.74,2.3,bad support experience
S-15342,Midwest,Monthly Essentials,70.9,False,False,422.80,,
S-12583,Midwest,Monthly Plus,85.8,True,No,345.96,12.5,
S-14429,West,Quarterly Bundle,52.9,0,No,USD 1446.58,,
S-10699,Northeast,Monthly Essentials,48.0,True,Yes,USD 408.11,6.5,found alternative
S-13576,Midwest,Monthly Plus,41.4,No,No,965.07,,
S-13014,West,Monthly Essentials,80.5,1,Yes,USD 889.14,6.9,moving/relocating
S-13431,West,Quarterly Bundle,51.8,False,No,1091.12,,
S-17889,Northeast,Monthly Essentials,78.1,0,False,469.15,,
S-16914,West,Monthly Plus,93.8,No,0,USD 1047.05,,
S-17055,Northeast,Monthly Essentials,79.9,0,No,40.99,,
S-15228,South,Monthly Plus,68.9,False,No,$561.23,,
S-12668,West,Monthly Plus,75.2,True,False,"$1,342.48",8.8,
S-14229,Midwest,Monthly Plus,41.1,No,False,$183.27,,
S-10462,Midwest,Quarterly Bundle,36.8,True,0,418.28,7.8,
S-14740,South,Quarterly Bundle,47.6,False,0,2685.80,,
S-16839,Northeast,Monthly Plus,75.8,0,0,1180.49,,
S-16069,South,Monthly Essentials,58.4,False,False,937.42,,
S-18110,Northeast,Monthly Plus,96.8,No,False,"$1,271.86",,
S-10744,West,Monthly Plus,39.6,Yes,No,859.05,12.9,
S-17114,South,Quarterly Bundle,87.0,No,False,1813.08,,
S-14720,South,Monthly Essentials,46.3,No,False,784.87,,
S-16093,Midwest,Monthly Plus,57.6,False,No,USD 1103.82,,
S-10444,Midwest,Quarterly Bundle,49.5,1,Yes,1106.16,12.6,poor quality
S-13499,Northeast,Monthly Plus,44.3,No,False,296.64,,
S-16476,South,Monthly Plus,65.2,False,False,58.32,,
S-11482,South,Monthly Essentials,65.0,True,False,USD 335.47,4.8,
S-16129,Northeast,Monthly Plus,61.1,No,False,179.81,,
S-15439,South,Monthly Essentials,66.6,False,No,498.95,,
S-11548,Northeast,Monthly Essentials,57.7,Yes,Yes,USD 72.29,6.1,paused indefinitely
S-16949,South,Monthly Plus,89.0,No,1,557.43,,paused indefinitely
S-16850,West,Monthly Plus,99.3,No,0,USD 612.65,,
S-15967,South,Monthly Essentials,65.1,0,False,451.06,,
S-10228,South,Quarterly Bundle,50.0,Yes,Yes,2211.65,5.3,moving/relocating
S-11261,Northeast,Monthly Plus,62.1,True,No,"$1,135.94",12.1,
S-14246,South,Monthly Essentials,35.5,0,No,$735.50,,
S-16669,West,Monthly Essentials,66.3,No,No,USD 687.82,,
S-13521,South,Monthly Plus,35.1,No,False,719.28,,
S-11553,South,Monthly Essentials,67.7,1,No,210.35,13.6,
S-10560,Northeast,Monthly Essentials,39.0,Yes,False,USD 770.56,6.7,
S-15522,Northeast,Monthly Essentials,68.7,0,Yes,835.47,,paused indefinitely
S-16526,Northeast,Monthly Essentials,64.3,False,False,$780.81,,
S-11154,Northeast,Quarterly Bundle,68.9,1,True,USD 833.51,2.9,
S-15736,West,Quarterly Bundle,63.1,False,False,3693.39,,
S-12821,West,Quarterly Bundle,88.8,True,False,162.74,13.3,
S-14996,West,Quarterly Bundle,65.1,0,No,3185.44,,
S-10807,West,Monthly Plus,42.1,True,Yes,349.98,1.1,too expensive
S-11364,South,Quarterly Bundle,64.4,True,False,USD 1788.80,2.3,
S-18397,Midwest,Quarterly Bundle,95.5,False,False,"$1,370.74",,
S-13390,Midwest,Monthly Essentials,37.4,0,No,72.08,,
S-13390,Midwest,Monthly Essentials,37.4,0,No,72.08,,
S-18106,Northeast,Quarterly Bundle,80.6,No,False,2749.73,,
S-13683,Northeast,Monthly Essentials,42.5,False,No,$467.72,,
S-15139,Midwest,Monthly Plus,65.4,No,No,USD 298.00,,
S-10868,West,Quarterly Bundle,53.1,True,True,2317.32,11.7,
S-12916,Northeast,Monthly Plus,83.6,1,No,378.00,11.0,
S-14895,West,Quarterly Bundle,43.2,False,No,2743.13,,
S-18094,Midwest,Monthly Essentials,98.7,No,0,890.41,,
S-14601,West,Monthly Essentials,50.0,No,No,166.07,,
S-15949,South,Monthly Essentials,57.5,No,0,$895.15,,
S-14422,South,Monthly Essentials,48.8,No,False,113.91,,
S-13964,Northeast,Quarterly Bundle,46.1,No,True,USD 3515.05,,moving/relocating
S-10609,Northeast,Monthly Plus,47.0,Yes,True,"$1,065.14",4.5,
S-17225,Northeast,Quarterly Bundle,79.7,0,False,$402.37,,
S-17419,South,Quarterly Bundle,97.4,False,True,3264.44,,shipping issues
S-13461,South,Monthly Essentials,43.6,False,True,USD 606.97,,shipping issues
S-12939,Midwest,Monthly Plus,99.4,Yes,0,1018.90,1.7,
S-11456,Northeast,Monthly Plus,57.7,Yes,No,946.10,7.0,
S-16715,West,Monthly Plus,82.3,0,False,948.71,,
S-13759,South,Monthly Essentials,48.1,False,No,$192.71,,
S-11362,West,Monthly Plus,57.6,1,1,1497.42,1.5,poor quality
S-15713,West,Quarterly Bundle,58.0,False,No,1199.91,,
S-14781,South,Monthly Plus,48.9,False,No,1221.94,,
S-10294,West,Quarterly Bundle,49.9,Yes,True,USD 2894.62,2.3,too expensive
S-11014,Northeast,Quarterly Bundle,50.3,True,True,"$1,631.05",0.2,moving/relocating
S-15376,South,Monthly Essentials,74.0,False,No,467.23,,
S-17180,West,Monthly Plus,94.4,No,No,USD 110.17,,
S-15805,West,Monthly Plus,55.2,False,False,748.73,,
S-14215,South,Monthly Plus,48.8,No,0,USD 644.10,,
S-16386,South,Monthly Plus,56.5,0,No,"$1,471.90",,
S-14127,Midwest,Monthly Plus,43.3,False,No,$59.98,,
S-16050,South,Quarterly Bundle,60.6,0,No,3052.55,,
S-18359,West,Monthly Plus,84.6,0,No,USD 1079.55,,
S-16125,West,Monthly Essentials,59.9,False,False,$288.69,,
S-17434,Northeast,Monthly Plus,85.5,No,No,USD 610.30,,
S-18017,Midwest,Quarterly Bundle,98.7,0,No,USD 3523.94,,
S-16348,Northeast,Monthly Plus,68.2,0,True,1202.46,,found alternative
S-14040,South,Monthly Plus,50.6,No,0,USD 382.08,,
S-11155,Midwest,Quarterly Bundle,67.3,True,True,2268.90,11.1,
S-17667,South,Monthly Plus,95.0,No,False,$434.44,,
S-16885,South,Monthly Essentials,88.4,0,No,684.95,,
S-16699,South,Monthly Plus,81.9,False,No,115.06,,
S-16641,West,Quarterly Bundle,61.8,False,False,2780.04,,
S-13753,Midwest,Quarterly Bundle,54.0,No,No,"$2,655.89",,
S-16747,Midwest,Quarterly Bundle,85.7,False,No,"$2,618.00",,
S-10062,Northeast,Monthly Plus,45.0,True,1,"$1,304.34",4.1,too expensive
S-17067,Midwest,Monthly Plus,85.3,False,No,USD 216.04,,
S-13358,Midwest,Monthly Plus,50.1,No,No,852.01,,
S-16911,West,Monthly Plus,75.5,False,0,USD 1133.59,,
S-16011,Northeast,Monthly Plus,64.3,No,False,USD 1020.33,,
S-11763,South,Monthly Essentials,63.8,Yes,True,$281.63,12.2,no longer needed
S-14471,West,Monthly Plus,36.7,0,Yes,1232.80,,no longer needed
S-10850,South,Monthly Essentials,45.4,Yes,No,$542.63,11.6,
S-13680,West,Monthly Essentials,54.5,No,False,$802.62,,
S-11593,West,Monthly Essentials,58.9,Yes,False,162.99,8.5,
S-11344,South,Monthly Plus,68.6,1,False,371.53,3.6,
S-12825,Northeast,Monthly Plus,93.5,Yes,1,653.74,10.6,shipping issues
S-12246,West,Monthly Essentials,89.9,Yes,No,254.71,11.5,
S-11948,South,Monthly Plus,70.8,True,0,1213.81,4.0,
S-12970,Northeast,Monthly Essentials,93.2,Yes,Yes,$79.17,0.3,poor quality
S-17195,Northeast,Monthly Plus,80.5,0,False,116.34,,
S-14903,South,Monthly Essentials,44.3,No,True,76.54,,paused indefinitely
S-11202,West,Monthly Essentials,66.6,True,0,USD 158.09,1.8,
S-13940,Northeast,Quarterly Bundle,41.5,False,No,USD 436.37,,
S-11334,South,Monthly Plus,72.9,True,True,"$1,328.92",1.1,no longer needed
S-12024,Northeast,Monthly Essentials,64.2,True,No,USD 678.83,4.0,
S-17279,Midwest,Monthly Plus,99.5,No,False,1126.87,,
S-15833,Northeast,Monthly Essentials,66.1,No,False,$868.70,,
S-10608,South,Quarterly Bundle,40.7,Yes,True,USD 157.71,11.0,found alternative
S-13378,Midwest,Monthly Plus,35.3,False,No,USD 713.01,,
S-17582,West,Monthly Essentials,97.4,0,No,150.29,,
S-11263,South,Monthly Plus,59.3,True,False,1100.71,12.7,
S-17614,Northeast,Monthly Essentials,89.2,No,0,84.74,,
S-17614,Northeast,Monthly Essentials,89.2,No,0,84.74,,
S-14249,South,Monthly Essentials,35.3,No,False,781.01,,
S-14726,Midwest,Monthly Essentials,47.3,False,No,827.54,,
S-13508,Northeast,Monthly Plus,45.5,No,False,"$1,226.75",,
S-11975,South,Quarterly Bundle,66.8,Yes,False,"$3,145.33",2.3,
S-12157,West,Quarterly Bundle,56.9,Yes,No,USD 1490.69,7.3,
S-16714,South,Quarterly Bundle,97.8,No,False,$814.97,,
S-17194,West,Monthly Plus,90.7,No,No,340.91,,
S-13157,Midwest,Monthly Plus,78.3,True,No,835.26,3.5,
S-15863,West,Monthly Essentials,73.5,0,False,735.67,,
S-13170,West,Monthly Essentials,83.1,True,Yes,633.88,0.9,moving/relocating
S-17872,Northeast,Monthly Essentials,76.4,No,False,USD 611.29,,
S-18183,South,Quarterly Bundle,83.2,0,No,"$3,089.85",,
S-10302,West,Monthly Essentials,47.8,True,Yes,353.70,0.9,too expensive
S-11973,Northeast,Quarterly Bundle,70.4,1,No,USD 1612.65,11.4,
S-17510,Northeast,Monthly Plus,96.4,0,True,"$1,506.75",,
S-11695,West,Monthly Essentials,67.4,Yes,False,424.67,10.5,
S-12348,Midwest,Quarterly Bundle,96.3,Yes,False,"$2,211.67",12.5,
S-15922,Northeast,Quarterly Bundle,73.2,False,False,3754.37,,
S-11139,West,Monthly Essentials,55.2,1,True,$697.85,14.0,found alternative
S-17411,South,Monthly Plus,90.1,No,No,422.75,,
S-13976,Midwest,Quarterly Bundle,48.5,False,No,2712.75,,
S-11847,West,Monthly Essentials,62.4,True,Yes,143.56,2.2,found alternative
S-13965,South,Monthly Essentials,45.3,False,No,USD 149.76,,
S-10450,South,Monthly Plus,36.8,1,Yes,486.00,7.1,paused indefinitely
S-13978,South,Monthly Essentials,42.1,No,0,591.62,,
S-13724,South,Quarterly Bundle,45.3,No,No,"$2,136.43",,
S-18205,South,Quarterly Bundle,90.2,False,False,1000.77,,
S-15017,Northeast,Quarterly Bundle,69.2,No,False,USD 1782.57,,
S-10314,South,Quarterly Bundle,52.5,True,No,2252.87,8.0,
S-11237,Northeast,Monthly Essentials,55.6,True,No,410.28,11.3,
S-15068,Midwest,Monthly Plus,68.8,No,No,$617.52,,
S-15919,Northeast,Monthly Essentials,73.3,No,No,621.28,,
S-11218,West,Quarterly Bundle,64.8,Yes,No,3286.80,7.9,
S-15239,Northeast,Quarterly Bundle,66.9,No,False,3654.28,,
S-16951,South,Quarterly Bundle,88.2,False,No,404.80,,
S-13114,South,Monthly Plus,81.8,Yes,True,$535.14,5.2,no longer needed
S-15048,Midwest,Monthly Plus,74.1,False,Yes,USD 910.90,,moving/relocating
S-16570,Midwest,Quarterly Bundle,74.4,False,False,USD 1898.95,,
S-17234,South,Quarterly Bundle,81.2,No,False,$270.71,,
S-15815,Northeast,Quarterly Bundle,63.7,False,0,1410.85,,
S-14874,South,Monthly Essentials,40.3,False,False,$453.07,,
S-12811,South,Monthly Plus,95.1,Yes,No,1077.06,11.8,
S-11085,Northeast,Monthly Essentials,58.8,Yes,No,$404.12,3.7,
S-10649,South,Monthly Plus,53.0,True,Yes,"$1,284.16",0.3,
S-11929,Midwest,Quarterly Bundle,68.1,Yes,Yes,USD 3923.22,0.2,poor quality
S-16279,West,Quarterly Bundle,66.7,No,False,2619.44,,
S-14009,West,Monthly Essentials,41.4,No,No,$391.52,,
S-17259,Northeast,Quarterly Bundle,91.8,0,No,"$1,453.93",,
S-16271,South,Monthly Plus,57.8,No,No,USD 429.10,,
S-16855,West,Monthly Plus,78.7,0,No,460.62,,
S-17842,Midwest,Quarterly Bundle,98.4,0,No,USD 408.49,,
S-17363,Midwest,Quarterly Bundle,78.4,No,True,1055.42,,bad support experience
S-13574,Midwest,Monthly Plus,49.4,False,No,64.85,,
S-11533,Northeast,Monthly Essentials,70.4,True,False,$433.96,1.5,
S-18388,South,Quarterly Bundle,79.7,False,False,1630.71,,
S-14390,West,Monthly Essentials,45.2,0,False,$199.29,,
S-13783,Northeast,Quarterly Bundle,44.1,False,False,USD 3614.29,,
S-16042,Northeast,Monthly Essentials,62.4,False,False,$671.21,,
S-16042,Northeast,Monthly Essentials,62.4,False,False,$671.21,,
S-17930,West,Monthly Essentials,77.6,False,No,732.27,,
S-15760,Northeast,Monthly Essentials,61.7,0,No,$35.55,,
S-10097,West,Monthly Essentials,44.8,Yes,True,USD 262.75,2.6,no longer needed
S-15552,West,Quarterly Bundle,73.2,No,False,USD 3029.86,,
S-15423,West,Quarterly Bundle,74.9,False,False,1960.07,,
S-13967,Midwest,Monthly Essentials,35.7,False,No,671.56,,
S-16112,Midwest,Monthly Plus,56.8,0,False,1295.55,,
S-11547,Midwest,Monthly Essentials,67.3,Yes,No,126.97,7.9,
S-12026,Northeast,Monthly Essentials,71.3,True,False,$112.73,1.8,
S-15785,South,Monthly Essentials,69.7,False,No,$483.18,,
S-16284,South,Monthly Plus,68.4,False,False,246.93,,
S-12165,West,Quarterly Bundle,95.8,Yes,False,2865.11,12.9,
S-14019,Midwest,Quarterly Bundle,36.8,False,Yes,315.23,,too expensive
S-11676,West,Monthly Essentials,59.8,True,1,$37.23,2.4,
S-10885,Midwest,Monthly Plus,51.9,Yes,0,$859.02,2.8,
S-14572,Northeast,Monthly Essentials,54.8,0,No,796.55,,
S-11711,South,Monthly Plus,72.7,True,False,730.24,8.9,
S-17081,South,Monthly Plus,96.1,False,False,258.03,,
S-15598,Northeast,Monthly Essentials,58.8,0,No,$641.18,,
S-10685,South,Monthly Plus,45.4,True,True,$57.42,4.1,shipping issues
S-12023,Northeast,Monthly Plus,59.6,True,No,1038.57,2.4,
S-12322,Midwest,Monthly Essentials,96.5,True,True,398.15,2.9,
S-11890,South,Monthly Essentials,60.8,Yes,No,354.53,1.1,
S-12990,South,Quarterly Bundle,86.0,True,No,USD 581.00,7.6,
S-14833,Northeast,Monthly Essentials,43.6,False,False,783.73,,
S-16205,South,Monthly Plus,73.0,0,No,1029.95,,
S-14901,West,Monthly Plus,36.9,0,False,1072.08,,
S-16032,Midwest,Monthly Plus,58.7,False,False,USD 61.80,,
S-10698,South,Monthly Plus,36.2,1,True,320.21,3.0,
S-10012,South,Monthly Essentials,53.3,Yes,True,78.68,1.3,bad support experience
S-10355,West,Monthly Essentials,43.1,Yes,True,211.79,11.0,moving/relocating
S-18267,Northeast,Quarterly Bundle,93.0,False,False,2076.24,,
S-18190,Midwest,Monthly Essentials,75.1,False,False,$722.47,,
S-15607,West,Quarterly Bundle,74.9,No,0,543.56,,
S-14754,Midwest,Monthly Essentials,48.4,0,No,460.42,,
S-12709,South,Quarterly Bundle,88.9,True,No,$144.24,11.5,
S-18127,West,Monthly Plus,84.6,False,1,$171.26,,bad support experience
S-12387,South,Quarterly Bundle,84.0,True,False,$162.19,10.7,
S-15076,West,Monthly Plus,69.2,False,False,1447.65,,
S-15848,West,Quarterly Bundle,59.0,0,No,"$1,228.94",,
S-15351,Northeast,Quarterly Bundle,59.2,No,No,2574.12,,
S-18077,South,Monthly Essentials,94.7,No,No,USD 215.44,,
S-11650,South,Monthly Plus,56.9,1,Yes,275.28,8.1,bad support experience
S-11650,South,Monthly Plus,56.9,1,Yes,275.28,8.1,bad support experience
S-12563,Northeast,Monthly Essentials,86.7,True,False,353.71,13.6,
S-10143,Midwest,Monthly Essentials,50.2,Yes,1,$427.58,9.4,
S-12133,West,Monthly Plus,60.3,Yes,False,742.18,7.0,
S-13258,Midwest,Quarterly Bundle,36.5,0,No,USD 3328.01,,
S-15251,West,Monthly Essentials,67.0,False,1,USD 315.32,,too expensive
S-17017,Northeast,Quarterly Bundle,83.8,0,No,"$1,408.82",,
S-14264,Northeast,Quarterly Bundle,45.6,No,No,2409.71,,
S-15304,Northeast,Quarterly Bundle,58.4,False,True,USD 3231.36,,poor quality
S-15304,Northeast,Quarterly Bundle,58.4,False,True,USD 3231.36,,poor quality
S-10475,Midwest,Monthly Essentials,43.6,Yes,True,USD 666.76,12.8,moving/relocating
S-15983,South,Monthly Plus,60.5,False,True,$592.98,,poor quality
S-14583,West,Monthly Essentials,46.6,No,No,585.99,,
S-16756,West,Monthly Essentials,95.5,False,False,352.66,,
S-16381,Northeast,Monthly Essentials,66.7,No,False,829.06,,
S-14357,Northeast,Quarterly Bundle,48.3,False,No,3249.74,,
S-16170,South,Quarterly Bundle,55.9,No,No,USD 1329.30,,
S-14297,West,Quarterly Bundle,45.2,No,No,USD 1821.72,,
S-12602,West,Quarterly Bundle,96.0,True,No,"$3,029.43",13.4,
S-14310,West,Quarterly Bundle,50.1,False,1,USD 842.50,,shipping issues
S-18046,Midwest,Monthly Plus,75.5,No,No,USD 853.90,,
S-12688,South,Monthly Essentials,90.1,1,False,$254.82,10.8,
S-16908,Midwest,Quarterly Bundle,95.7,False,False,USD 676.48,,
S-13168,Northeast,Quarterly Bundle,81.2,Yes,No,2850.13,7.9,
S-11414,Midwest,Monthly Essentials,67.3,True,True,191.28,3.4,moving/relocating
S-12707,South,Monthly Essentials,79.6,Yes,1,397.53,11.6,shipping issues
S-17645,South,Monthly Essentials,90.1,False,No,USD 820.52,,
S-12293,South,Monthly Plus,81.2,Yes,False,62.48,2.8,
S-17076,Midwest,Quarterly Bundle,89.8,No,No,"$1,460.64",,
S-11249,Midwest,Monthly Essentials,57.4,Yes,False,USD 626.83,13.4,
S-15042,Midwest,Monthly Essentials,59.7,False,False,USD 38.41,,
S-12508,Midwest,Monthly Plus,95.2,True,False,$394.79,4.3,
S-11960,Midwest,Monthly Essentials,70.1,Yes,False,USD 246.76,4.4,
S-10919,South,Quarterly Bundle,45.7,1,Yes,USD 2997.02,11.2,moving/relocating
S-17218,Midwest,Quarterly Bundle,79.7,False,False,1646.55,,
S-17649,Midwest,Quarterly Bundle,94.7,0,False,3020.40,,
S-17448,West,Monthly Plus,93.8,False,False,917.96,,
S-17341,South,Quarterly Bundle,92.1,No,False,2169.39,,
S-10702,Midwest,Monthly Plus,49.6,Yes,Yes,$763.72,7.9,poor quality
S-17809,Midwest,Quarterly Bundle,91.3,0,No,$148.17,,
S-16346,South,Quarterly Bundle,69.2,No,1,2779.04,,poor quality
S-17330,West,Monthly Essentials,91.3,No,0,707.82,,
S-16146,Midwest,Monthly Essentials,61.1,False,No,$653.27,,
S-13280,Northeast,Quarterly Bundle,48.9,No,False,1434.07,,
S-14111,West,Quarterly Bundle,38.0,False,No,464.44,,
S-18012,West,Quarterly Bundle,88.4,0,False,USD 935.45,,
S-16097,Northeast,Quarterly Bundle,68.3,No,No,3361.56,,
S-17768,Northeast,Monthly Essentials,77.6,0,0,356.14,,
S-12690,Northeast,Quarterly Bundle,90.5,True,False,USD 2908.74,13.7,
S-16599,Northeast,Monthly Plus,66.6,No,False,"$1,218.67",,
S-18143,Midwest,Monthly Essentials,93.6,0,False,275.99,,
S-18104,Midwest,Quarterly Bundle,81.4,False,No,1531.45,,
S-15939,West,Monthly Essentials,73.6,No,False,80.71,,
S-11417,Midwest,Monthly Plus,65.7,Yes,Yes,63.12,12.2,shipping issues
S-17294,Midwest,Monthly Plus,94.0,False,No,"$1,340.31",,
S-16698,West,Quarterly Bundle,75.3,False,False,1245.02,,
S-14798,Midwest,Monthly Essentials,45.9,No,No,667.77,,
S-15526,West,Quarterly Bundle,71.7,False,No,3703.54,,
S-14848,West,Monthly Plus,46.8,No,Yes,"$1,277.04",,found alternative
S-17916,South,Monthly Plus,95.1,No,False,"$1,273.12",,
S-18034,South,Quarterly Bundle,75.6,False,False,275.10,,
S-11967,South,Monthly Plus,56.1,True,False,USD 1497.42,1.6,
S-16935,Northeast,Monthly Plus,97.5,False,No,57.58,,
S-10105,South,Monthly Essentials,51.0,Yes,0,609.44,1.7,
S-18299,Midwest,Monthly Plus,89.0,False,False,124.58,,
S-10365,Northeast,Monthly Plus,35.5,Yes,True,"$1,187.86",4.5,poor quality
S-15113,West,Monthly Essentials,63.5,No,1,621.82,,paused indefinitely
S-16463,Northeast,Monthly Plus,63.1,0,0,USD 840.44,,
S-10325,Northeast,Quarterly Bundle,48.7,True,True,"$2,638.91",10.7,bad support experience
S-13974,West,Monthly Plus,52.8,0,No,"$1,358.30",,
S-18015,West,Quarterly Bundle,88.7,No,No,$141.30,,
S-14614,South,Monthly Essentials,51.9,No,No,895.00,,
S-10854,West,Monthly Plus,48.6,True,1,USD 56.12,10.8,found alternative
S-12489,South,Monthly Plus,94.9,Yes,No,341.56,6.6,
S-12832,Midwest,Monthly Plus,81.9,True,No,1515.56,4.5,
S-15903,Northeast,Monthly Essentials,73.2,False,False,443.64,,
S-15906,Northeast,Monthly Essentials,56.2,No,True,899.82,,poor quality
S-13092,South,Quarterly Bundle,77.7,Yes,False,3233.13,8.0,
S-14240,Midwest,Quarterly Bundle,48.0,No,True,USD 2576.70,,paused indefinitely
S-15618,Northeast,Quarterly Bundle,60.1,No,No,2446.65,,
S-10069,Northeast,Monthly Plus,36.3,Yes,Yes,USD 1293.71,10.9,moving/relocating
S-17097,Midwest,Quarterly Bundle,86.8,False,False,$486.62,,
S-18383,Northeast,Monthly Plus,88.5,No,False,277.53,,
S-12191,West,Monthly Plus,79.4,Yes,No,665.51,8.3,
S-15809,Northeast,Quarterly Bundle,74.8,False,False,USD 699.54,,
S-10763,Midwest,Monthly Essentials,40.5,Yes,False,"$1,005.83",1.2,
S-17757,Northeast,Monthly Plus,83.3,No,False,$108.00,,
S-11945,West,Monthly Essentials,67.8,Yes,True,USD 121.98,0.3,
S-16151,Northeast,Monthly Essentials,74.2,No,False,293.87,,
S-15128,West,Monthly Plus,74.9,False,0,1419.18,,
S-11061,South,Monthly Plus,35.9,Yes,True,$793.58,0.4,no longer needed
S-16849,Midwest,Monthly Essentials,80.5,No,False,852.05,,
S-14655,Northeast,Quarterly Bundle,53.0,False,True,1289.40,,too expensive
S-11133,South,Quarterly Bundle,68.8,True,True,"$2,561.39",8.7,poor quality
S-10128,West,Monthly Plus,42.4,Yes,False,USD 441.31,9.6,
S-15241,South,Monthly Essentials,61.3,No,1,$293.04,,too expensive
S-11413,Northeast,Monthly Plus,62.2,True,True,1168.52,3.6,
S-17065,Midwest,Monthly Essentials,81.5,False,Yes,70.21,,poor quality
S-17188,West,Quarterly Bundle,90.1,No,0,USD 2486.67,,
S-11819,Northeast,Quarterly Bundle,63.2,True,0,"$3,252.64",10.2,
S-17440,South,Quarterly Bundle,77.4,False,False,USD 617.27,,
S-12117,Northeast,Monthly Essentials,63.6,Yes,False,$279.44,11.1,
S-16781,West,Quarterly Bundle,91.9,No,0,"$3,027.31",,
S-15773,West,Quarterly Bundle,55.2,False,False,"$1,898.90",,
S-14743,South,Quarterly Bundle,53.4,No,0,USD 2611.36,,
S-17208,South,Monthly Plus,99.2,0,0,$109.39,,
S-10101,Northeast,Quarterly Bundle,39.5,True,False,967.97,4.1,
S-11870,Midwest,Monthly Essentials,65.6,True,1,$950.97,10.7,no longer needed
S-17041,South,Monthly Plus,82.2,0,No,482.02,,
S-11882,West,Monthly Essentials,58.2,True,No,$363.85,4.2,
S-10556,West,Monthly Essentials,43.7,True,False,$471.22,8.6,
S-11491,South,Quarterly Bundle,69.2,True,No,711.30,2.6,
S-14315,Midwest,Monthly Essentials,41.8,False,0,$923.03,,
S-12337,West,Monthly Essentials,77.1,Yes,False,USD 498.77,7.6,
S-11860,West,Monthly Plus,69.1,True,True,267.73,3.3,too expensive
S-15286,Midwest,Monthly Essentials,60.6,False,Yes,$607.73,,too expensive
S-12105,West,Monthly Plus,71.6,True,True,118.14,1.1,
S-10169,West,Monthly Plus,43.0,1,Yes,223.45,12.1,no longer needed
S-11405,Northeast,Monthly Plus,74.5,True,True,"$1,063.23",12.0,paused indefinitely
S-12370,South,Monthly Essentials,84.7,True,No,332.84,3.5,
S-10644,South,Monthly Plus,46.3,True,Yes,1033.56,9.0,found alternative
S-12439,West,Monthly Plus,91.6,Yes,False,$531.13,2.9,
S-13104,West,Quarterly Bundle,79.9,Yes,False,"$1,375.90",6.8,
S-12670,South,Monthly Plus,95.4,Yes,No,469.85,5.4,
S-16559,Northeast,Monthly Essentials,70.3,0,No,USD 836.54,,
S-14580,South,Monthly Essentials,47.7,No,No,888.12,,
S-17409,South,Quarterly Bundle,81.9,0,No,3600.66,,
S-13015,South,Monthly Plus,77.1,1,0,$531.89,10.9,
S-16812,Midwest,Monthly Plus,83.0,0,0,$550.78,,
S-15700,West,Monthly Essentials,70.6,No,No,857.39,,
S-11332,South,Monthly Plus,55.9,True,True,USD 1294.55,5.4,moving/relocating
S-18229,Midwest,Monthly Essentials,88.4,False,0,USD 760.22,,
S-17197,Midwest,Monthly Plus,76.5,No,No,USD 120.12,,
S-13635,Northeast,Quarterly Bundle,38.1,False,True,3435.98,,found alternative
S-16994,Midwest,Monthly Plus,99.4,No,False,"$1,331.38",,
S-10277,West,Monthly Plus,50.6,True,False,USD 597.34,4.7,
S-17832,Northeast,Monthly Essentials,99.0,False,False,166.66,,
S-13155,Northeast,Monthly Essentials,89.1,True,False,$680.65,2.9,
S-11991,Midwest,Monthly Essentials,72.1,Yes,False,641.64,13.6,
S-12654,West,Monthly Plus,92.3,Yes,1,821.65,10.6,moving/relocating
S-10095,Northeast,Monthly Plus,53.1,Yes,Yes,811.22,0.3,too expensive
S-16216,West,Monthly Plus,55.3,False,Yes,1073.21,,paused indefinitely
S-18312,West,Monthly Essentials,94.2,False,False,543.54,,
S-17127,West,Monthly Essentials,84.5,False,False,$140.77,,
S-10619,South,Monthly Plus,48.7,True,True,"$1,214.97",5.5,moving/relocating
S-15140,Northeast,Monthly Essentials,56.2,No,False,$524.38,,
S-12264,South,Monthly Plus,99.5,1,False,1294.05,3.0,
S-15654,South,Quarterly Bundle,55.6,0,0,USD 1650.55,,
S-14149,South,Monthly Essentials,42.4,No,True,$635.70,,shipping issues
S-13610,South,Monthly Essentials,44.4,No,True,338.17,,bad support experience
S-18086,South,Monthly Plus,96.4,No,No,"$1,171.33",,
S-10948,South,Monthly Essentials,48.9,True,True,217.38,9.6,shipping issues
S-17297,Midwest,Monthly Essentials,87.8,False,No,$666.02,,
S-10520,Midwest,Monthly Plus,46.0,True,False,USD 503.66,1.5,
S-17286,West,Quarterly Bundle,96.3,False,False,1592.71,,
S-16182,South,Monthly Essentials,73.7,False,0,500.48,,
S-13975,West,Monthly Plus,54.9,No,No,"$1,224.09",,
S-11563,South,Monthly Essentials,74.0,True,1,426.32,5.3,
S-16116,Northeast,Quarterly Bundle,58.5,False,False,1891.29,,
S-14528,Northeast,Quarterly Bundle,44.6,No,False,$943.81,,
S-14194,South,Quarterly Bundle,52.2,No,True,3415.95,,no longer needed
S-16363,Midwest,Monthly Essentials,74.5,No,0,764.21,,
S-10572,South,Monthly Plus,42.3,True,Yes,432.77,13.9,no longer needed
S-12850,West,Monthly Plus,91.1,True,True,702.34,12.1,
S-11811,South,Monthly Plus,64.4,Yes,True,435.62,13.4,shipping issues
S-15974,Midwest,Quarterly Bundle,58.6,0,0,3793.97,,
S-15604,Northeast,Quarterly Bundle,71.7,No,1,1242.72,,found alternative
S-15952,South,Quarterly Bundle,64.1,0,False,USD 798.84,,
S-14424,West,Quarterly Bundle,54.8,False,False,3696.10,,
S-15770,South,Quarterly Bundle,61.6,0,0,1937.33,,
S-14175,West,Monthly Essentials,43.2,No,False,$686.70,,
S-16651,West,Monthly Essentials,62.9,No,No,$371.32,,
S-13626,Midwest,Monthly Essentials,44.7,No,False,USD 142.91,,
S-10580,Midwest,Monthly Plus,39.2,Yes,1,303.67,5.8,paused indefinitely
S-11631,Midwest,Quarterly Bundle,63.3,1,False,2182.42,12.4,
S-15541,Northeast,Quarterly Bundle,56.0,No,No,"$3,166.33",,
S-17364,South,Monthly Essentials,77.8,No,False,282.55,,
S-15056,Midwest,Monthly Plus,60.3,False,No,594.31,,
S-12343,South,Monthly Essentials,83.1,True,No,USD 928.51,6.4,
S-15923,Midwest,Monthly Essentials,69.9,No,False,676.01,,
S-14070,West,Quarterly Bundle,38.8,False,False,USD 150.01,,
S-16696,South,Monthly Essentials,90.9,False,0,334.57,,
S-14832,South,Monthly Plus,52.8,No,0,734.34,,
S-16450,South,Quarterly Bundle,56.6,No,0,1085.19,,
S-12033,Midwest,Monthly Plus,63.3,Yes,0,$178.02,1.5,
S-12699,West,Quarterly Bundle,76.4,1,False,3415.82,6.4,
S-12993,West,Quarterly Bundle,87.2,True,0,1299.15,7.5,
S-13709,West,Monthly Plus,39.0,0,0,217.06,,
S-17880,South,Monthly Essentials,99.5,False,0,$243.71,,
S-16083,Northeast,Quarterly Bundle,59.7,No,False,"$1,241.41",,
S-12411,West,Monthly Plus,79.5,Yes,No,627.71,1.5,
S-17551,South,Quarterly Bundle,91.9,False,No,"$1,630.89",,
S-16771,West,Monthly Essentials,99.7,False,0,$751.21,,
S-13615,West,Monthly Essentials,52.7,No,No,707.40,,
S-12868,South,Monthly Plus,82.4,Yes,No,124.81,0.6,
S-13996,West,Monthly Plus,48.6,0,No,"$1,255.65",,
S-15531,South,Monthly Plus,59.6,No,False,USD 1239.50,,
S-11422,West,Monthly Essentials,56.6,True,True,141.90,2.4,
S-18385,Midwest,Monthly Plus,84.3,No,False,USD 1026.63,,
S-13687,West,Quarterly Bundle,47.3,No,No,1851.81,,
S-13074,South,Quarterly Bundle,91.9,Yes,0,285.21,11.5,
S-15561,South,Quarterly Bundle,74.7,False,Yes,"$2,521.94",,no longer needed
S-11725,South,Monthly Essentials,57.6,Yes,True,$755.70,11.5,paused indefinitely
S-12691,West,Monthly Essentials,99.0,True,False,$319.63,3.9,
S-11551,West,Monthly Plus,59.8,True,No,USD 962.40,5.3,
S-14998,South,Monthly Essentials,73.0,False,Yes,USD 782.90,,moving/relocating
S-17763,West,Monthly Plus,81.8,No,No,464.49,,
S-13330,Midwest,Quarterly Bundle,36.1,0,0,327.57,,
S-16929,South,Monthly Essentials,96.7,0,0,$812.53,,
S-12111,Midwest,Quarterly Bundle,71.0,1,1,"$1,583.74",7.4,
S-11796,South,Monthly Plus,64.0,Yes,False,1244.21,0.8,
S-13228,Midwest,Monthly Plus,84.5,1,1,250.47,2.3,poor quality
S-11728,Midwest,Monthly Plus,71.1,True,True,767.07,8.6,too expensive
S-10298,Northeast,Quarterly Bundle,38.2,True,False,$611.96,13.3,
S-17189,West,Monthly Plus,83.1,False,Yes,961.11,,no longer needed
S-17879,South,Quarterly Bundle,79.6,0,False,"$2,333.56",,
S-16639,Northeast,Quarterly Bundle,70.6,0,True,USD 2211.97,,bad support experience
S-16328,West,Monthly Essentials,73.3,No,No,$467.35,,
S-16508,Northeast,Monthly Essentials,58.5,0,False,367.11,,
S-16806,Midwest,Quarterly Bundle,77.8,No,No,USD 1265.90,,
S-12029,Midwest,Monthly Essentials,65.7,1,Yes,USD 711.72,12.9,paused indefinitely
S-16377,West,Monthly Essentials,71.8,No,No,79.65,,
S-16532,West,Quarterly Bundle,62.1,No,No,3458.62,,
S-16283,Northeast,Quarterly Bundle,62.8,No,No,"$1,571.32",,
S-11421,South,Quarterly Bundle,61.4,True,True,USD 2761.72,13.3,shipping issues
S-15403,Northeast,Quarterly Bundle,55.8,0,False,1034.61,,
S-13564,Midwest,Monthly Essentials,49.2,0,No,147.97,,
S-18037,Northeast,Monthly Plus,77.2,No,No,USD 1314.71,,
S-11187,West,Monthly Essentials,57.0,1,True,$951.40,9.1,moving/relocating
S-17900,West,Monthly Plus,89.2,No,No,USD 127.40,,
S-14600,Northeast,Quarterly Bundle,42.9,False,No,1675.49,,
S-10498,West,Quarterly Bundle,51.7,1,No,1478.55,12.5,
S-14327,Midwest,Quarterly Bundle,39.2,No,False,"$2,242.11",,
S-17163,Northeast,Quarterly Bundle,86.6,No,No,1718.30,,
S-12355,Northeast,Monthly Essentials,87.1,True,False,205.09,5.0,
S-15473,Midwest,Monthly Essentials,62.9,No,No,$701.38,,
S-16315,Midwest,Monthly Essentials,74.0,False,False,USD 193.07,,
S-14462,South,Monthly Essentials,52.7,No,False,528.32,,
S-12210,South,Quarterly Bundle,81.8,1,Yes,USD 3811.05,13.6,shipping issues
S-10528,Northeast,Monthly Essentials,35.2,1,True,725.42,4.6,found alternative
S-16429,Midwest,Monthly Essentials,61.0,0,False,USD 556.23,,
S-10788,West,Quarterly Bundle,37.2,Yes,0,2402.37,3.9,
S-13180,Midwest,Quarterly Bundle,83.7,Yes,Yes,USD 141.03,4.9,found alternative
S-16494,West,Monthly Plus,70.0,0,No,"$1,215.64",,
S-10597,West,Monthly Plus,45.1,Yes,1,1302.82,7.4,
S-13423,West,Monthly Essentials,46.3,No,0,$316.24,,
S-18235,Northeast,Monthly Essentials,81.5,False,No,USD 489.82,,
S-17816,Northeast,Monthly Essentials,75.7,No,Yes,USD 948.36,,moving/relocating
S-13050,South,Monthly Essentials,81.4,True,1,$715.21,12.2,bad support experience
S-15638,West,Monthly Plus,69.8,No,False,1085.32,,
S-10625,West,Monthly Plus,44.6,True,False,$185.60,2.7,
S-16035,Midwest,Monthly Plus,64.3,False,False,1280.47,,
S-15693,West,Quarterly Bundle,64.0,0,No,2808.06,,
S-13807,Northeast,Quarterly Bundle,53.6,No,False,851.29,,
S-15317,Midwest,Monthly Essentials,73.4,False,0,757.95,,
S-14105,Northeast,Quarterly Bundle,47.1,No,0,"$1,428.16",,
S-16557,South,Monthly Plus,56.5,False,False,"$1,279.12",,
S-17803,South,Monthly Essentials,92.8,No,No,$538.75,,
S-15553,South,Monthly Plus,74.6,No,0,645.99,,
S-14087,Northeast,Monthly Essentials,47.2,False,No,149.70,,
S-12925,South,Monthly Plus,79.8,True,True,$306.67,8.9,found alternative
S-13650,Midwest,Monthly Essentials,52.9,0,False,250.50,,
S-12435,South,Monthly Essentials,92.5,1,0,681.42,7.1,
S-17247,West,Monthly Plus,77.1,No,No,"$1,210.42",,
S-14101,West,Monthly Plus,52.4,False,No,1069.18,,
S-16311,Northeast,Monthly Plus,59.2,No,False,161.61,,
S-15329,West,Monthly Essentials,65.8,No,False,USD 609.09,,
S-14639,West,Quarterly Bundle,47.3,False,False,USD 151.08,,
S-13885,Midwest,Monthly Essentials,40.3,False,No,USD 480.08,,
S-10149,Midwest,Monthly Essentials,41.2,1,No,$127.75,7.2,
S-15023,Midwest,Monthly Plus,74.3,False,False,1035.94,,
S-15671,West,Quarterly Bundle,66.4,False,No,USD 812.75,,
S-17210,South,Monthly Plus,98.7,False,0,186.04,,
S-15126,Northeast,Monthly Plus,70.4,False,False,114.29,,
S-16049,South,Quarterly Bundle,60.2,No,0,USD 1933.92,,
S-16056,West,Monthly Essentials,64.0,0,No,177.21,,
S-17472,Northeast,Monthly Essentials,91.2,False,0,407.49,,
S-15980,Northeast,Quarterly Bundle,55.6,False,0,USD 2642.17,,
S-14677,Midwest,Monthly Plus,36.5,0,No,USD 110.41,,
S-15084,Midwest,Quarterly Bundle,60.2,False,False,2052.00,,
S-14496,South,Monthly Essentials,50.1,No,True,885.39,,shipping issues
S-11369,Northeast,Monthly Essentials,71.7,Yes,True,967.82,1.4,too expensive
S-11419,West,Quarterly Bundle,61.0,Yes,False,$969.45,6.4,
S-13602,South,Monthly Essentials,40.6,False,No,296.65,,
S-11774,Midwest,Monthly Plus,61.1,Yes,False,$487.63,1.6,
S-16918,South,Monthly Essentials,97.2,False,False,$314.53,,
S-15725,Northeast,Quarterly Bundle,67.5,False,No,"$2,359.38",,
S-15094,West,Monthly Plus,63.8,0,False,USD 188.78,,
S-16357,Northeast,Monthly Essentials,69.5,No,False,USD 241.88,,
S-17487,Northeast,Monthly Plus,91.9,False,False,USD 860.20,,
S-10516,Midwest,Monthly Essentials,36.5,Yes,False,$462.52,10.2,
S-11612,West,Monthly Essentials,73.0,1,Yes,667.58,2.8,found alternative
S-14011,West,Quarterly Bundle,40.5,0,No,3216.11,,
S-11764,West,Quarterly Bundle,62.6,1,No,1127.75,4.6,
S-10812,South,Quarterly Bundle,37.0,True,Yes,USD 3550.12,4.4,bad support experience
S-16001,Northeast,Monthly Plus,74.2,No,False,1229.97,,
S-11445,Northeast,Monthly Plus,72.7,Yes,Yes,1131.44,6.0,shipping issues
S-14807,Midwest,Quarterly Bundle,45.8,No,No,1106.45,,
S-12077,Midwest,Quarterly Bundle,57.8,True,No,$139.52,8.1,
S-12030,South,Monthly Plus,64.1,True,False,914.97,7.7,
S-17709,Northeast,Quarterly Bundle,98.8,No,False,"$1,106.17",,
S-17870,South,Monthly Plus,87.1,0,False,"$1,357.82",,
S-14764,West,Monthly Essentials,41.4,No,No,684.59,,
S-17102,South,Monthly Essentials,78.3,False,False,591.64,,
S-14658,Midwest,Monthly Plus,53.8,0,True,62.82,,no longer needed
S-12351,Midwest,Monthly Essentials,94.0,True,1,529.53,1.5,shipping issues
S-16717,Midwest,Quarterly Bundle,96.6,No,0,2270.04,,
S-16454,West,Monthly Essentials,58.6,False,False,USD 924.60,,
S-11981,Midwest,Monthly Plus,72.4,Yes,True,1207.43,13.0,no longer needed
S-13239,Northeast,Quarterly Bundle,35.3,False,No,"$2,121.83",,
S-13241,Northeast,Quarterly Bundle,53.1,No,No,3374.95,,
S-13188,Northeast,Monthly Plus,93.6,Yes,True,USD 257.05,11.1,moving/relocating
S-14853,West,Monthly Essentials,51.0,False,False,41.67,,
S-16400,Northeast,Monthly Essentials,68.0,False,No,$159.18,,
S-11253,Midwest,Quarterly Bundle,57.7,True,Yes,3380.71,12.2,moving/relocating
S-12648,West,Monthly Essentials,88.6,Yes,False,USD 535.21,6.0,
S-18342,South,Monthly Plus,84.9,No,No,USD 60.86,,
S-14933,Northeast,Monthly Plus,37.8,No,Yes,185.98,,poor quality
S-11585,South,Monthly Essentials,59.9,1,No,319.44,5.3,
S-16052,South,Monthly Essentials,72.8,No,False,USD 845.51,,
S-16502,Midwest,Monthly Essentials,57.1,False,No,41.40,,
S-13973,West,Monthly Essentials,38.6,0,0,USD 704.47,,
S-12865,South,Quarterly Bundle,86.8,True,False,2068.65,7.6,
S-15358,South,Quarterly Bundle,56.0,No,False,2683.28,,
S-10845,Midwest,Monthly Plus,44.9,1,True,323.34,11.2,shipping issues
S-12838,Northeast,Monthly Essentials,93.5,Yes,False,$806.74,11.5,
S-14148,South,Monthly Plus,43.7,No,True,1337.12,,moving/relocating
S-16710,Northeast,Quarterly Bundle,78.7,False,False,3580.90,,
S-13707,Northeast,Monthly Plus,47.4,No,Yes,1001.40,,moving/relocating
S-13931,Northeast,Quarterly Bundle,46.3,No,0,1365.56,,
S-10138,West,Quarterly Bundle,37.8,Yes,True,1579.45,8.1,bad support experience
S-14311,Northeast,Monthly Plus,46.2,No,False,782.34,,
S-10676,South,Monthly Plus,42.5,Yes,True,1252.31,3.3,found alternative
S-15117,Northeast,Monthly Plus,71.8,False,0,USD 115.07,,
S-16246,Midwest,Monthly Essentials,60.0,No,No,$715.37,,
S-11010,Northeast,Monthly Plus,54.9,True,True,602.66,6.1,paused indefinitely
S-14881,Midwest,Quarterly Bundle,53.3,No,Yes,"$3,889.91",,paused indefinitely
S-17776,South,Monthly Plus,96.4,0,False,USD 53.88,,
S-16720,South,Monthly Plus,78.2,0,No,373.25,,
S-14540,Northeast,Monthly Plus,42.3,No,0,1116.53,,
S-11972,South,Quarterly Bundle,73.4,True,Yes,"$3,145.75",13.1,no longer needed
S-15059,Northeast,Monthly Essentials,73.9,0,No,USD 409.90,,
S-12039,South,Quarterly Bundle,71.5,1,No,1302.17,10.4,
S-11230,West,Monthly Essentials,59.5,Yes,0,USD 544.31,7.7,
S-16108,Midwest,Quarterly Bundle,70.5,0,False,"$1,858.59",,
S-12701,Midwest,Monthly Essentials,97.7,Yes,No,40.10,2.2,
S-12717,Northeast,Monthly Plus,84.8,1,False,1062.02,6.4,
S-17273,Northeast,Monthly Plus,90.3,0,False,377.17,,
S-14836,South,Monthly Essentials,38.4,False,No,USD 530.50,,
S-13372,Northeast,Monthly Essentials,41.9,False,Yes,979.91,,paused indefinitely
S-10974,West,Quarterly Bundle,44.6,True,Yes,2578.13,11.0,paused indefinitely
S-11490,South,Monthly Essentials,57.4,1,True,$659.55,4.3,paused indefinitely
S-10159,Northeast,Monthly Plus,50.1,True,Yes,"$1,031.35",1.5,bad support experience
S-10985,Northeast,Quarterly Bundle,38.5,1,True,USD 1767.76,2.0,paused indefinitely
S-12859,Midwest,Monthly Essentials,93.8,True,False,USD 641.09,8.7,
S-13752,Midwest,Quarterly Bundle,38.3,0,False,3593.10,,
S-14552,Northeast,Quarterly Bundle,50.8,No,0,412.51,,
S-11619,South,Monthly Essentials,64.5,Yes,1,$77.44,4.9,shipping issues
S-17608,South,Monthly Plus,76.1,False,No,1500.72,,
S-15482,Midwest,Monthly Plus,58.1,No,No,$571.14,,
S-11844,Northeast,Quarterly Bundle,61.4,True,Yes,"$3,307.66",10.7,no longer needed
S-12572,West,Monthly Plus,95.3,Yes,False,611.43,3.9,
S-17312,Northeast,Monthly Essentials,94.3,No,False,509.11,,
S-18172,South,Quarterly Bundle,86.0,False,No,1470.04,,
S-12559,South,Monthly Plus,89.3,1,False,1265.34,5.5,
S-12245,South,Monthly Plus,87.2,Yes,1,"$1,018.55",6.3,found alternative
S-12786,Midwest,Quarterly Bundle,87.9,Yes,True,USD 944.71,0.8,too expensive
S-13581,Midwest,Monthly Essentials,44.3,False,No,USD 303.47,,
S-14914,Northeast,Monthly Essentials,43.7,No,No,996.52,,
S-12553,West,Monthly Plus,79.1,True,0,741.30,7.3,
S-14288,South,Quarterly Bundle,46.8,No,False,1634.71,,
S-12720,South,Monthly Plus,75.6,True,0,USD 1179.27,2.3,
S-17117,South,Monthly Plus,79.2,No,No,623.23,,
S-18352,South,Monthly Essentials,86.1,False,0,42.10,,
S-12726,South,Monthly Plus,81.2,True,False,1101.70,6.3,
S-12834,Northeast,Quarterly Bundle,98.2,True,0,"$3,023.96",5.4,
S-15957,Northeast,Monthly Plus,58.0,No,False,358.40,,
S-14524,South,Monthly Essentials,51.3,False,1,35.38,,too expensive
S-16916,Midwest,Monthly Essentials,84.5,No,No,758.01,,
S-14190,Midwest,Monthly Essentials,51.4,No,No,209.03,,
S-18140,South,Quarterly Bundle,79.7,False,0,153.26,,
S-10646,West,Quarterly Bundle,40.8,True,True,2130.72,8.9,no longer needed
S-18391,West,Monthly Essentials,86.8,False,No,36.24,,
S-14018,West,Monthly Essentials,46.4,False,False,$669.33,,
S-12113,Northeast,Monthly Plus,60.8,1,Yes,USD 159.82,1.3,bad support experience
S-17062,West,Monthly Plus,79.2,0,False,642.74,,
S-11543,Northeast,Monthly Essentials,72.3,1,False,$540.37,7.7,
S-13137,Northeast,Monthly Essentials,96.9,Yes,False,$181.58,2.9,
S-17023,South,Monthly Plus,87.5,False,0,675.56,,
S-14818,Northeast,Quarterly Bundle,41.9,No,No,811.51,,
S-11359,Midwest,Monthly Essentials,59.3,True,True,934.45,8.9,
S-11658,South,Quarterly Bundle,70.8,Yes,No,USD 465.59,7.7,
S-14138,South,Monthly Plus,41.7,False,True,428.89,,poor quality
S-16504,Northeast,Quarterly Bundle,69.3,False,0,USD 3708.65,,
S-14072,South,Monthly Essentials,52.3,No,0,762.14,,
S-15789,West,Monthly Plus,61.2,No,False,312.35,,
S-17444,Northeast,Monthly Plus,77.0,False,False,$438.85,,
S-17976,Northeast,Quarterly Bundle,96.2,0,False,2037.53,,
S-16301,South,Quarterly Bundle,57.2,False,No,2420.41,,
S-15698,Midwest,Monthly Essentials,74.5,No,No,296.71,,
S-11750,West,Monthly Plus,64.9,Yes,False,USD 162.61,3.6,
S-15010,Northeast,Monthly Plus,69.8,False,No,USD 562.18,,
S-15457,Midwest,Quarterly Bundle,62.2,No,0,3196.86,,
S-10611,South,Monthly Essentials,38.2,1,No,529.63,3.2,
S-10122,South,Quarterly Bundle,51.5,Yes,1,USD 1451.12,2.2,too expensive
S-11691,Midwest,Quarterly Bundle,63.9,True,No,1697.01,3.9,
S-15288,Midwest,Quarterly Bundle,63.2,False,No,152.11,,
S-14073,Midwest,Monthly Essentials,38.9,False,0,USD 392.56,,
S-13078,South,Monthly Essentials,90.6,Yes,0,889.76,12.0,
S-16730,West,Monthly Plus,84.7,No,No,561.70,,
S-14749,Midwest,Monthly Essentials,43.5,False,No,$818.50,,
S-14814,Northeast,Monthly Essentials,35.6,False,1,224.38,,too expensive
S-11733,Northeast,Monthly Essentials,67.8,1,False,833.10,12.9,
S-10953,West,Monthly Essentials,35.4,True,0,473.27,11.0,
S-17393,Midwest,Monthly Plus,83.0,No,1,600.62,,found alternative
S-16334,West,Monthly Plus,71.9,No,No,274.12,,
S-12913,Northeast,Monthly Essentials,82.7,Yes,False,$446.32,13.7,
S-15557,West,Quarterly Bundle,58.7,0,No,727.70,,
S-14017,Northeast,Monthly Plus,41.9,False,False,USD 862.04,,
S-17907,Midwest,Monthly Plus,83.0,False,False,326.97,,
S-12151,West,Monthly Essentials,71.0,True,0,113.74,9.5,
S-11147,Northeast,Monthly Essentials,69.3,True,No,37.44,11.0,
S-13319,Northeast,Quarterly Bundle,49.1,False,No,3613.91,,
S-13488,Midwest,Quarterly Bundle,35.8,False,No,"$2,869.22",,
S-15301,Midwest,Monthly Essentials,67.5,0,True,USD 518.54,,moving/relocating
S-12676,South,Monthly Plus,92.5,Yes,No,1106.59,10.7,
S-13047,West,Quarterly Bundle,89.3,Yes,No,"$2,656.56",12.2,
S-17267,Midwest,Monthly Essentials,84.8,No,No,727.24,,
S-18007,Northeast,Monthly Essentials,84.2,No,False,867.87,,
S-17264,Midwest,Monthly Essentials,75.2,False,False,218.03,,
S-12331,Northeast,Monthly Plus,78.7,1,False,USD 296.38,7.7,
S-11581,West,Quarterly Bundle,61.7,True,True,3076.77,12.9,no longer needed
S-17594,West,Monthly Essentials,90.3,False,False,$78.62,,
S-13627,West,Quarterly Bundle,42.7,0,False,$815.80,,
S-14339,Midwest,Quarterly Bundle,48.7,False,1,"$3,112.88",,moving/relocating
S-17169,South,Monthly Essentials,82.5,False,No,$929.22,,
S-12550,Midwest,Monthly Essentials,99.8,Yes,No,205.26,9.5,
S-13057,Northeast,Quarterly Bundle,91.2,True,No,"$2,276.26",6.4,
S-12934,West,Monthly Plus,89.2,Yes,True,1180.63,10.6,paused indefinitely
S-10993,West,Monthly Essentials,35.3,Yes,No,USD 585.95,4.5,
S-18091,West,Monthly Essentials,76.6,False,False,928.68,,
S-13309,South,Monthly Plus,54.4,False,0,$331.94,,
S-17504,Midwest,Quarterly Bundle,81.0,False,No,2323.00,,
S-14187,South,Monthly Essentials,48.1,False,False,628.10,,
S-11716,Midwest,Monthly Essentials,57.8,True,No,$899.49,12.1,
S-10214,Northeast,Monthly Plus,42.7,1,False,USD 214.74,9.1,
S-14159,Northeast,Monthly Essentials,53.9,False,False,$213.22,,
S-11075,South,Monthly Plus,48.2,Yes,False,1025.14,4.3,
S-11700,Midwest,Quarterly Bundle,55.7,True,No,USD 2752.91,7.6,
S-13434,South,Monthly Essentials,53.0,No,No,USD 407.74,,
S-11900,West,Monthly Essentials,57.8,True,Yes,$179.30,1.8,poor quality
S-14130,Midwest,Monthly Plus,51.6,No,No,USD 110.83,,
S-14128,South,Monthly Essentials,48.9,No,False,253.41,,
S-11102,South,Monthly Plus,73.0,Yes,No,USD 1168.06,9.9,
S-17522,West,Monthly Plus,90.8,False,False,991.74,,
S-13686,West,Quarterly Bundle,46.6,No,0,277.90,,
S-14950,West,Quarterly Bundle,42.6,No,No,USD 2574.54,,
S-16612,South,Monthly Plus,67.5,No,Yes,$954.33,,too expensive
S-13682,West,Monthly Essentials,42.6,No,No,230.29,,
S-12549,South,Quarterly Bundle,84.1,True,No,"$2,096.17",2.2,
S-16727,Midwest,Monthly Essentials,80.2,0,False,739.16,,
S-12441,Northeast,Monthly Plus,78.0,Yes,False,560.98,12.8,
S-18079,Midwest,Monthly Plus,76.8,False,1,"$1,346.76",,too expensive
S-18109,Midwest,Monthly Essentials,89.0,No,False,789.11,,
S-15823,Northeast,Monthly Essentials,73.0,No,Yes,578.47,,shipping issues
S-15026,Northeast,Monthly Essentials,58.1,No,False,$718.54,,
S-10982,Midwest,Monthly Plus,44.5,Yes,1,USD 1187.06,9.7,bad support experience
S-10517,South,Quarterly Bundle,49.6,True,1,"$1,077.44",6.8,bad support experience
S-10162,South,Quarterly Bundle,38.0,True,True,USD 280.85,8.9,no longer needed
S-14092,Northeast,Monthly Essentials,40.9,False,0,190.17,,
S-10825,Midwest,Monthly Essentials,45.2,1,1,$540.63,0.2,
S-11625,Northeast,Monthly Essentials,57.5,1,No,USD 889.76,7.9,
S-10370,West,Monthly Essentials,43.3,Yes,True,$250.19,2.4,paused indefinitely
S-13101,South,Monthly Plus,81.3,True,Yes,893.11,8.7,bad support experience
S-12978,Northeast,Quarterly Bundle,78.4,Yes,No,"$3,157.81",4.7,
S-12548,Northeast,Monthly Plus,95.6,Yes,No,USD 415.24,0.8,
S-18263,West,Monthly Plus,77.5,No,No,1238.05,,
S-15306,Midwest,Monthly Plus,57.6,No,0,$258.61,,
S-14270,Northeast,Quarterly Bundle,42.2,No,No,$295.66,,
S-14147,West,Monthly Essentials,45.0,False,False,947.65,,
S-14536,Midwest,Quarterly Bundle,42.2,False,No,426.48,,
S-18316,Midwest,Quarterly Bundle,97.0,False,False,1525.76,,
S-17156,Midwest,Quarterly Bundle,82.6,False,False,USD 2514.83,,
S-15002,South,Quarterly Bundle,71.3,No,No,1398.65,,
S-13152,West,Monthly Essentials,89.2,Yes,False,$354.88,11.7,
S-10448,South,Monthly Plus,36.9,Yes,No,1235.49,2.4,
S-10592,Midwest,Quarterly Bundle,46.1,True,True,2151.06,3.3,bad support experience
S-14666,West,Monthly Plus,51.2,False,0,USD 634.55,,
S-11965,South,Monthly Essentials,66.3,Yes,True,168.36,5.9,no longer needed
S-10916,Midwest,Monthly Plus,47.9,True,True,"$1,011.02",5.0,
S-15260,South,Quarterly Bundle,68.0,No,False,USD 3205.25,,
S-17070,West,Quarterly Bundle,95.5,No,0,2111.19,,
S-13474,South,Quarterly Bundle,53.0,No,False,2985.28,,
S-15622,West,Monthly Essentials,65.1,False,False,617.04,,
S-11167,Midwest,Quarterly Bundle,57.1,True,1,3292.37,7.2,moving/relocating
S-13090,Midwest,Monthly Plus,84.3,True,No,417.58,8.2,
S-13893,Northeast,Monthly Plus,44.0,False,True,"$1,232.91",,found alternative
S-11065,Northeast,Monthly Essentials,44.0,Yes,True,USD 449.67,7.3,paused indefinitely
S-13902,West,Monthly Plus,51.7,False,0,1056.56,,
S-13845,Midwest,Monthly Essentials,43.5,0,0,392.05,,
S-15135,West,Monthly Plus,60.7,0,False,595.31,,
S-17485,Northeast,Monthly Essentials,91.9,False,0,$384.52,,
S-17745,Northeast,Monthly Essentials,75.0,False,False,$380.36,,
S-17732,Northeast,Quarterly Bundle,75.2,No,No,"$2,065.34",,
S-18014,South,Quarterly Bundle,84.8,No,True,3056.34,,poor quality
S-17082,Northeast,Quarterly Bundle,75.8,False,False,1452.09,,
S-18311,West,Quarterly Bundle,88.0,No,No,1931.22,,
S-17229,Midwest,Quarterly Bundle,80.6,False,No,"$1,155.04",,
S-13525,West,Monthly Essentials,43.2,No,True,776.12,,paused indefinitely
S-12494,Midwest,Monthly Plus,84.1,True,0,$669.45,4.4,
S-16403,Midwest,Monthly Plus,66.9,0,0,127.91,,
S-12877,South,Monthly Plus,88.8,True,Yes,"$1,225.01",0.8,too expensive
S-18067,West,Monthly Essentials,79.3,No,0,$313.67,,
S-14959,Northeast,Quarterly Bundle,57.3,0,False,USD 1492.39,,
S-10127,South,Monthly Plus,45.1,True,True,1393.58,11.2,no longer needed
S-15826,South,Monthly Plus,64.5,No,False,589.18,,
S-15204,Midwest,Quarterly Bundle,60.2,False,No,"$2,808.70",,
S-14502,Northeast,Monthly Plus,36.6,False,No,$377.40,,
S-17313,South,Monthly Plus,96.3,False,False,$237.30,,
S-17764,Midwest,Monthly Plus,88.5,False,No,$545.41,,
S-16430,Northeast,Monthly Plus,67.6,False,No,537.06,,
S-11123,Midwest,Quarterly Bundle,58.6,Yes,False,841.18,10.3,
S-13393,Midwest,Monthly Essentials,41.7,False,0,555.53,,
S-17800,Northeast,Monthly Plus,91.7,False,No,489.22,,
S-13702,South,Quarterly Bundle,36.0,False,No,"$3,264.48",,
S-16609,South,Monthly Essentials,69.5,False,False,USD 79.45,,
S-13146,Midwest,Monthly Plus,87.1,True,False,$350.07,3.2,
S-17385,Midwest,Quarterly Bundle,75.6,No,No,2214.89,,
S-12201,West,Monthly Essentials,96.4,True,0,USD 962.89,6.3,
S-10261,Northeast,Monthly Plus,53.0,True,Yes,USD 612.58,1.2,paused indefinitely
S-11521,West,Monthly Essentials,61.2,True,False,USD 644.46,9.2,
S-15165,West,Monthly Essentials,71.8,False,No,425.50,,
S-16844,Midwest,Quarterly Bundle,87.8,0,0,$678.92,,
S-10905,Midwest,Monthly Essentials,48.3,Yes,1,176.24,2.6,bad support experience
S-16484,West,Monthly Essentials,72.4,No,No,USD 325.46,,
S-15741,Northeast,Monthly Plus,68.3,No,0,1374.66,,
S-12933,West,Monthly Essentials,94.4,1,No,$230.50,6.1,
S-10529,Midwest,Quarterly Bundle,40.5,Yes,No,"$1,562.78",9.7,
S-17607,Northeast,Quarterly Bundle,95.5,False,0,1130.30,,
S-16036,South,Monthly Plus,72.0,No,False,961.14,,
S-16657,Midwest,Quarterly Bundle,63.7,0,False,USD 2671.83,,
S-13730,Northeast,Monthly Essentials,40.4,No,No,$182.37,,
S-13396,West,Quarterly Bundle,53.5,No,Yes,"$2,755.62",,shipping issues
S-12497,South,Monthly Essentials,98.1,Yes,False,545.82,10.1,
S-10661,Northeast,Monthly Essentials,46.0,1,0,USD 152.54,5.9,
S-13580,South,Monthly Essentials,47.6,No,No,395.89,,
S-15506,South,Quarterly Bundle,60.6,0,False,2475.53,,
S-18084,South,Monthly Essentials,83.2,No,No,882.23,,
S-10427,Northeast,Monthly Essentials,37.6,1,0,484.03,8.4,
S-12459,Northeast,Monthly Plus,76.5,True,No,"$1,450.26",8.5,
S-15039,South,Quarterly Bundle,59.5,No,No,3120.50,,
S-13273,South,Quarterly Bundle,51.8,False,False,USD 317.91,,
S-11451,West,Monthly Essentials,73.9,True,Yes,$502.43,11.9,found alternative
S-15409,Northeast,Monthly Essentials,67.3,False,False,USD 854.04,,
S-11930,West,Monthly Essentials,56.1,True,Yes,218.26,12.6,found alternative
S-11508,West,Monthly Plus,70.2,Yes,No,189.16,12.7,
S-15558,Midwest,Quarterly Bundle,71.0,No,False,USD 298.25,,
S-17524,South,Monthly Plus,83.1,No,No,$694.78,,
S-11216,West,Monthly Plus,57.7,1,1,$982.31,2.3,bad support experience
S-10815,Northeast,Quarterly Bundle,50.4,True,1,1776.12,8.3,
S-16827,Midwest,Monthly Essentials,79.8,0,False,84.64,,
S-11520,Northeast,Monthly Essentials,63.0,1,False,819.63,4.9,
S-16462,West,Monthly Essentials,69.7,0,No,799.95,,
S-15878,Northeast,Quarterly Bundle,74.1,No,False,958.31,,
S-15851,South,Monthly Plus,60.8,0,True,$932.28,,found alternative
S-15802,South,Monthly Essentials,57.5,False,False,$785.60,,
S-11213,South,Quarterly Bundle,67.6,Yes,Yes,289.72,9.0,
S-12930,Northeast,Quarterly Bundle,75.9,True,False,977.53,8.1,
S-13109,West,Quarterly Bundle,98.7,Yes,No,$406.32,11.5,
S-17131,Midwest,Monthly Essentials,82.6,0,False,$693.02,,
S-16422,Midwest,Monthly Essentials,74.5,False,0,543.58,,
S-11396,South,Monthly Plus,70.3,Yes,No,1193.91,4.0,
S-14279,West,Monthly Essentials,53.0,False,False,USD 737.40,,
S-14654,Midwest,Monthly Essentials,40.3,False,No,870.92,,
S-13408,Northeast,Monthly Essentials,44.3,No,No,$71.42,,
S-11463,Midwest,Quarterly Bundle,72.8,Yes,True,2027.52,3.3,shipping issues
S-15631,South,Monthly Essentials,71.3,False,False,855.81,,
S-16261,Northeast,Monthly Plus,70.7,False,False,1162.15,,
S-12087,Northeast,Monthly Essentials,66.0,Yes,False,$753.32,3.7,
S-15627,Midwest,Monthly Plus,55.2,No,0,"$1,415.95",,
S-10238,West,Quarterly Bundle,41.6,True,Yes,1301.01,9.8,moving/relocating
S-10175,Northeast,Monthly Essentials,36.3,Yes,False,150.81,13.2,
S-11406,Northeast,Monthly Plus,58.6,Yes,0,$573.16,0.8,
S-10289,Midwest,Monthly Plus,53.9,True,No,1098.70,13.7,
S-15190,West,Quarterly Bundle,64.2,No,No,3045.53,,
S-16387,Northeast,Monthly Plus,72.8,False,No,"$1,066.45",,
S-15263,Midwest,Monthly Plus,73.5,No,0,$637.30,,
S-13692,Northeast,Monthly Plus,53.5,0,No,1114.87,,
S-14680,West,Monthly Essentials,48.3,False,False,USD 682.98,,
S-16388,South,Monthly Plus,74.2,False,No,1195.35,,
S-18066,South,Monthly Plus,94.9,0,No,USD 907.25,,
S-15524,South,Monthly Essentials,69.3,No,False,$380.63,,
S-14061,South,Monthly Plus,37.2,False,0,"$1,146.78",,
S-13915,South,Monthly Plus,44.3,False,No,1548.73,,
S-11757,Northeast,Monthly Plus,66.3,True,0,242.23,13.5,
S-11418,Northeast,Monthly Plus,56.0,Yes,0,$59.88,3.0,
S-16044,South,Quarterly Bundle,66.2,0,True,1358.05,,too expensive
S-11666,Midwest,Monthly Essentials,59.3,Yes,1,514.17,1.4,found alternative
S-10971,Northeast,Quarterly Bundle,42.6,Yes,No,"$1,123.17",1.8,
S-12651,Northeast,Monthly Plus,94.7,True,1,$378.17,1.1,poor quality
S-11846,South,Monthly Plus,59.8,Yes,0,"$1,207.77",11.9,
S-15590,West,Quarterly Bundle,55.3,No,No,"$3,360.70",,
S-14477,West,Monthly Plus,47.4,No,No,1068.01,,
S-10582,Northeast,Monthly Plus,49.9,1,0,USD 393.02,3.9,
S-14241,West,Monthly Essentials,41.9,0,Yes,$887.82,,poor quality
S-16220,Northeast,Quarterly Bundle,58.5,0,0,"$2,104.87",,
S-13429,Midwest,Monthly Plus,35.4,False,0,USD 1073.47,,
S-11336,South,Monthly Essentials,59.2,Yes,True,938.97,2.6,too expensive
S-16981,Northeast,Monthly Plus,90.5,No,False,USD 643.26,,
S-12121,South,Monthly Essentials,60.3,1,Yes,$728.23,6.4,paused indefinitely
S-10389,West,Monthly Plus,51.5,1,No,$973.25,3.5,
S-11770,Northeast,Monthly Essentials,69.0,Yes,0,$289.36,13.0,
S-14682,Northeast,Monthly Essentials,35.7,No,False,70.78,,
S-10436,South,Quarterly Bundle,47.0,Yes,True,"$1,433.62",10.7,moving/relocating
S-12899,West,Monthly Plus,87.3,Yes,False,$59.97,8.1,
S-16584,South,Monthly Essentials,66.1,0,0,$42.86,,
S-17699,West,Quarterly Bundle,90.6,No,False,3183.58,,
S-11270,Northeast,Monthly Essentials,60.0,True,No,$510.91,10.4,
S-11573,Northeast,Quarterly Bundle,59.7,1,True,2045.03,10.1,too expensive
S-14079,South,Quarterly Bundle,46.6,No,No,2124.66,,
S-17840,Midwest,Monthly Essentials,87.8,No,False,USD 949.03,,
S-13266,West,Monthly Plus,41.8,False,0,$892.15,,
S-15302,Northeast,Quarterly Bundle,74.7,False,No,USD 2017.95,,
S-13307,West,Monthly Plus,50.5,False,No,$772.53,,
S-10622,South,Monthly Plus,39.0,Yes,0,$480.27,6.9,
S-16814,West,Quarterly Bundle,81.9,No,No,$302.69,,
S-11966,West,Monthly Plus,71.4,True,Yes,$269.92,4.5,no longer needed
S-13642,South,Monthly Plus,47.3,False,1,901.05,,paused indefinitely
S-13949,West,Monthly Essentials,40.7,No,False,USD 112.58,,
S-10901,Midwest,Monthly Plus,36.2,Yes,Yes,1270.42,5.2,moving/relocating
S-16924,West,Quarterly Bundle,88.7,False,False,USD 2280.72,,
S-14319,South,Quarterly Bundle,45.3,False,0,2639.93,,
S-13994,Midwest,Monthly Plus,37.0,No,False,"$1,185.00",,
S-10383,West,Quarterly Bundle,35.2,True,False,424.00,10.1,
S-15657,Northeast,Monthly Plus,58.6,No,False,267.01,,
S-16183,West,Quarterly Bundle,70.2,No,No,2316.02,,
S-17753,South,Monthly Plus,99.9,No,No,$532.33,,
S-11388,Midwest,Monthly Plus,71.1,Yes,1,USD 909.85,2.3,poor quality
S-14570,West,Quarterly Bundle,49.8,0,No,942.22,,
S-13318,South,Monthly Plus,37.1,No,No,"$1,305.14",,
S-12278,Northeast,Monthly Essentials,87.4,True,No,820.61,8.5,
S-12935,Northeast,Monthly Essentials,78.8,True,False,USD 192.70,9.0,
S-11569,South,Monthly Plus,58.5,True,Yes,$554.14,11.8,
S-10956,Northeast,Monthly Essentials,49.8,Yes,True,USD 221.94,0.3,bad support experience
S-12244,Midwest,Quarterly Bundle,77.3,True,False,USD 1234.70,8.1,
S-14168,Northeast,Monthly Plus,45.4,No,False,1275.43,,
S-16290,Midwest,Monthly Essentials,69.9,False,0,212.03,,
S-10009,West,Monthly Essentials,51.4,True,Yes,446.46,11.8,no longer needed
S-17466,Midwest,Monthly Essentials,88.6,False,No,$853.00,,
S-17418,West,Monthly Essentials,79.8,False,False,708.99,,
S-11766,West,Quarterly Bundle,62.8,True,0,"$2,841.05",3.8,
S-10215,South,Quarterly Bundle,51.7,True,True,"$1,606.13",0.9,found alternative
S-16898,West,Monthly Essentials,96.5,False,False,USD 847.56,,
S-16931,West,Monthly Essentials,79.0,No,False,$35.44,,
S-12938,Northeast,Monthly Essentials,84.2,True,False,USD 567.73,4.1,
S-11785,Midwest,Monthly Plus,61.6,1,Yes,368.91,5.6,no longer needed
S-16380,West,Quarterly Bundle,65.8,False,False,"$1,496.69",,
S-14280,West,Monthly Plus,44.0,False,False,USD 1098.21,,
S-12839,South,Monthly Plus,81.5,True,No,182.00,8.1,
S-14546,West,Monthly Plus,50.7,No,No,917.94,,
S-12041,South,Monthly Essentials,71.3,Yes,Yes,USD 835.73,8.4,
S-10061,West,Monthly Plus,41.1,1,False,369.59,9.9,
S-13489,South,Quarterly Bundle,44.0,False,False,"$2,822.07",,
S-11996,South,Monthly Essentials,60.9,True,False,USD 878.59,6.3,
S-16693,West,Monthly Plus,84.6,0,No,$793.51,,
S-14650,Midwest,Monthly Plus,39.8,No,No,866.36,,
S-10521,West,Quarterly Bundle,37.7,Yes,No,154.07,13.6,
S-16640,Northeast,Monthly Plus,69.6,0,No,678.14,,
S-10629,West,Monthly Essentials,49.1,1,1,167.19,11.7,shipping issues
S-12547,Northeast,Monthly Plus,85.5,Yes,False,534.41,12.2,
S-10544,South,Monthly Plus,41.6,1,True,1492.91,2.5,shipping issues
S-18192,Northeast,Quarterly Bundle,96.6,No,False,"$2,250.06",,
S-13773,Midwest,Monthly Plus,43.8,False,No,708.27,,
S-16670,Midwest,Quarterly Bundle,66.9,False,False,$482.77,,
S-16067,West,Quarterly Bundle,66.4,No,0,2999.58,,
S-16227,West,Monthly Essentials,55.9,0,1,$772.36,,paused indefinitely
S-14326,Midwest,Monthly Essentials,46.2,No,False,595.15,,
S-16922,Northeast,Monthly Plus,94.1,False,False,USD 60.20,,
S-16596,Midwest,Monthly Plus,63.4,False,No,303.55,,
S-11415,Northeast,Monthly Essentials,72.9,Yes,True,USD 592.87,9.4,too expensive
S-10541,Midwest,Monthly Essentials,48.8,1,Yes,83.38,3.1,
S-12281,South,Quarterly Bundle,88.6,Yes,False,790.55,9.0,
S-18269,West,Monthly Plus,81.4,No,False,"$1,421.15",,
S-11856,South,Quarterly Bundle,63.1,Yes,No,USD 1890.73,12.2,
S-14653,South,Quarterly Bundle,48.4,0,No,1727.91,,
S-17587,South,Monthly Essentials,86.7,No,False,609.14,,
S-13247,Northeast,Monthly Plus,38.7,No,No,438.44,,
S-15892,Northeast,Monthly Plus,72.5,No,No,USD 682.85,,
S-11040,South,Monthly Essentials,54.4,Yes,True,USD 887.10,6.4,paused indefinitely
S-15222,Midwest,Monthly Essentials,71.3,No,False,$262.00,,
S-17729,Midwest,Monthly Plus,86.8,False,False,798.36,,
S-12043,South,Monthly Plus,57.9,True,No,771.08,12.7,
S-10400,South,Monthly Essentials,35.8,True,No,USD 121.99,0.4,
S-15141,Northeast,Quarterly Bundle,60.9,False,False,1624.19,,
S-10760,Northeast,Monthly Plus,54.1,1,Yes,257.38,10.2,paused indefinitely
S-11350,Northeast,Quarterly Bundle,55.7,True,0,2639.95,0.8,
S-13867,Northeast,Quarterly Bundle,53.0,False,True,1706.41,,too expensive
S-16820,Northeast,Monthly Plus,80.0,False,No,USD 367.61,,
S-16779,South,Monthly Essentials,81.4,0,0,$421.29,,
S-14291,West,Monthly Essentials,39.2,No,False,$296.82,,
S-14393,Midwest,Monthly Essentials,43.1,False,0,808.12,,
S-13977,West,Monthly Essentials,42.1,0,True,853.84,,paused indefinitely
S-12708,Midwest,Quarterly Bundle,94.7,Yes,No,2123.44,13.4,
S-14595,South,Quarterly Bundle,36.4,False,No,1732.77,,
S-12881,South,Monthly Plus,95.6,Yes,No,$388.96,13.3,
S-17669,Midwest,Quarterly Bundle,94.0,No,No,1812.38,,
S-17821,Midwest,Monthly Plus,88.7,No,False,USD 968.39,,
S-14979,Northeast,Monthly Essentials,61.3,No,False,203.56,,
S-13982,West,Monthly Essentials,50.5,No,No,284.66,,
S-17075,Northeast,Quarterly Bundle,85.9,No,0,"$1,949.81",,
S-15116,Midwest,Quarterly Bundle,57.8,False,False,"$1,525.36",,
S-14529,Northeast,Quarterly Bundle,46.4,False,0,"$1,253.04",,
S-12339,Northeast,Monthly Plus,92.6,Yes,No,USD 667.03,7.4,
S-14231,Midwest,Monthly Essentials,41.2,No,False,141.20,,
S-12664,Midwest,Monthly Essentials,76.4,True,Yes,$629.63,0.4,
S-17045,West,Quarterly Bundle,93.6,No,No,1134.74,,
S-11858,South,Quarterly Bundle,57.1,1,False,1626.70,6.8,
S-11322,Northeast,Monthly Essentials,72.0,True,No,897.29,10.0,
S-15169,West,Quarterly Bundle,74.8,False,No,628.16,,
S-17577,West,Monthly Plus,98.8,0,False,1017.36,,
S-11744,Midwest,Monthly Plus,70.2,1,False,1366.09,13.6,
S-16294,Northeast,Quarterly Bundle,61.4,No,1,3359.42,,moving/relocating
S-11329,Northeast,Monthly Plus,66.9,Yes,Yes,818.91,5.2,no longer needed
S-10858,South,Monthly Plus,41.8,Yes,Yes,826.68,10.0,
S-14615,West,Monthly Plus,36.9,False,No,685.86,,
S-15089,Northeast,Monthly Essentials,70.3,False,False,$509.53,,
S-14875,Midwest,Monthly Essentials,48.7,False,1,242.67,,bad support experience
S-11053,West,Monthly Essentials,45.2,Yes,No,USD 862.35,1.8,
S-15100,West,Monthly Plus,59.9,No,0,181.50,,
S-12330,Midwest,Monthly Plus,92.1,Yes,False,USD 655.34,13.7,
S-17866,Midwest,Quarterly Bundle,75.4,No,No,$600.67,,
S-12842,West,Monthly Plus,82.5,True,1,219.85,13.0,found alternative
S-12982,South,Monthly Essentials,94.5,Yes,No,334.60,14.0,
S-11077,West,Quarterly Bundle,35.5,True,No,USD 1727.03,6.7,
S-11142,Northeast,Quarterly Bundle,68.6,1,False,"$3,074.12",4.8,
S-15996,Northeast,Quarterly Bundle,63.3,False,No,USD 3152.59,,
S-10417,Midwest,Quarterly Bundle,49.7,1,No,1685.34,1.6,
S-18188,West,Monthly Plus,99.8,False,False,USD 238.86,,
S-17502,Northeast,Monthly Plus,99.8,False,False,57.85,,
S-11076,West,Quarterly Bundle,36.0,1,No,1861.56,12.5,
S-12386,Northeast,Monthly Essentials,95.8,Yes,No,USD 112.33,2.3,
S-11184,South,Monthly Plus,69.2,Yes,0,USD 918.23,9.3,
S-15965,West,Monthly Plus,66.3,False,False,USD 700.44,,
S-10662,South,Monthly Essentials,47.8,1,True,USD 760.48,6.4,
S-15475,South,Monthly Plus,67.6,False,0,55.08,,
S-14968,West,Monthly Essentials,65.8,False,False,852.30,,
S-17130,Northeast,Monthly Essentials,78.1,False,No,$72.56,,
S-17652,Northeast,Quarterly Bundle,83.7,No,False,USD 2607.81,,
S-12185,West,Quarterly Bundle,89.2,Yes,0,2567.65,7.1,
S-10686,Northeast,Quarterly Bundle,49.0,True,0,$300.35,5.4,
S-12400,Northeast,Monthly Plus,78.9,True,No,1078.20,9.9,
S-10393,South,Monthly Essentials,36.2,Yes,Yes,630.30,6.9,too expensive
S-12736,South,Monthly Essentials,79.0,1,No,141.41,1.8,
S-12725,West,Monthly Plus,89.4,1,False,USD 1042.90,3.4,
S-12095,West,Monthly Essentials,61.2,Yes,True,725.11,8.6,moving/relocating
S-11458,Northeast,Monthly Essentials,56.5,True,True,$78.03,5.0,found alternative
S-13613,South,Quarterly Bundle,51.2,False,False,3571.02,,
S-10951,Northeast,Monthly Plus,35.5,True,True,$375.45,6.3,poor quality
S-13934,Northeast,Quarterly Bundle,52.9,False,False,3095.02,,
S-17786,South,Monthly Plus,77.7,No,No,819.47,,
S-13250,Midwest,Monthly Plus,49.1,0,0,"$1,279.24",,
S-16521,Midwest,Monthly Essentials,58.8,False,0,USD 284.35,,
S-15063,Midwest,Monthly Essentials,67.2,No,False,650.10,,
S-10631,South,Monthly Plus,43.7,True,True,USD 58.91,11.4,no longer needed
S-13677,Midwest,Monthly Plus,42.2,False,No,548.01,,
S-10480,Northeast,Monthly Essentials,43.5,True,Yes,112.71,13.2,poor quality
S-14984,Midwest,Quarterly Bundle,57.5,False,0,"$2,852.14",,
S-12852,South,Monthly Essentials,81.7,True,No,567.58,0.2,
S-13428,Midwest,Quarterly Bundle,45.7,False,False,"$2,421.02",,
S-11922,West,Monthly Essentials,69.6,True,False,478.00,7.6,
S-16729,Northeast,Monthly Plus,99.7,No,False,$169.27,,
S-12375,West,Monthly Plus,87.4,Yes,False,54.91,8.4,
S-14083,West,Quarterly Bundle,53.7,No,No,USD 431.27,,
S-14823,West,Monthly Essentials,50.3,No,Yes,593.12,,too expensive
S-11107,Midwest,Quarterly Bundle,65.3,True,False,3099.32,2.1,
S-16291,Northeast,Monthly Plus,63.2,No,No,"$1,161.07",,
S-17620,South,Quarterly Bundle,96.6,No,No,USD 2490.27,,
S-12356,West,Monthly Plus,97.8,True,1,1169.02,6.5,poor quality
S-11609,Midwest,Monthly Essentials,73.2,Yes,0,USD 746.81,8.2,
S-11542,South,Monthly Essentials,60.8,Yes,0,USD 365.59,6.5,
S-11737,South,Quarterly Bundle,57.4,1,No,"$1,388.87",8.8,
S-14569,Midwest,Monthly Plus,43.0,0,No,722.01,,
S-16919,Northeast,Monthly Plus,96.7,No,0,$446.47,,
S-11064,Northeast,Quarterly Bundle,36.4,True,Yes,"$2,481.48",5.8,shipping issues
S-12213,Midwest,Monthly Plus,78.6,Yes,No,"$1,210.48",6.4,
S-14683,Midwest,Monthly Essentials,39.8,False,False,$565.84,,
S-12212,South,Monthly Plus,81.6,True,No,USD 1409.14,8.0,
S-17596,Northeast,Monthly Plus,96.2,False,No,788.60,,
S-15821,West,Quarterly Bundle,60.4,No,False,USD 2161.51,,
S-13920,West,Quarterly Bundle,50.2,No,Yes,563.10,,found alternative
S-12373,Midwest,Monthly Plus,97.8,True,No,USD 1126.57,0.8,
S-13243,Midwest,Monthly Plus,47.4,0,No,754.07,,
S-11885,West,Monthly Essentials,55.2,Yes,False,$823.23,12.5,
S-16684,Midwest,Monthly Plus,76.3,0,0,1237.52,,
S-17420,Northeast,Monthly Essentials,77.1,No,False,35.64,,
S-13245,South,Quarterly Bundle,51.7,No,0,1469.20,,
S-18395,Northeast,Monthly Essentials,84.4,No,0,182.31,,
S-16515,South,Monthly Essentials,68.4,No,False,USD 700.86,,
S-12889,Northeast,Monthly Essentials,76.8,Yes,0,USD 363.40,2.5,
S-11920,West,Monthly Essentials,72.0,True,No,USD 81.06,3.4,
S-15158,West,Monthly Plus,64.0,False,No,$290.92,,
S-11050,Midwest,Quarterly Bundle,39.9,Yes,Yes,"$1,498.13",1.8,shipping issues
S-13169,Midwest,Quarterly Bundle,78.2,Yes,No,"$1,237.91",10.4,
S-17007,South,Quarterly Bundle,87.2,0,No,294.14,,
S-17459,Midwest,Quarterly Bundle,94.8,False,No,3574.75,,
S-13414,South,Monthly Plus,41.9,No,False,221.23,,
S-16465,Northeast,Monthly Essentials,65.3,False,True,$582.40,,too expensive
S-15536,South,Monthly Plus,66.3,No,No,161.85,,
S-14664,South,Monthly Plus,53.4,No,No,USD 818.91,,
S-10160,West,Monthly Plus,39.4,True,False,183.27,5.7,
S-11722,West,Monthly Essentials,67.0,Yes,No,208.70,13.0,
S-14165,South,Monthly Plus,42.7,False,0,$392.61,,
S-12144,West,Monthly Essentials,64.6,1,Yes,402.38,7.1,bad support experience
S-17138,West,Monthly Essentials,80.4,False,False,USD 419.14,,
S-10510,West,Quarterly Bundle,35.4,Yes,1,307.44,1.3,poor quality
S-11269,West,Monthly Essentials,75.0,True,No,$598.83,11.4,
S-15634,Northeast,Monthly Plus,58.3,No,No,USD 550.91,,
S-12687,Midwest,Monthly Plus,80.4,True,0,USD 1361.38,4.3,
S-12380,South,Quarterly Bundle,76.7,Yes,False,USD 138.52,4.9,
S-10248,West,Quarterly Bundle,37.2,Yes,1,1386.00,5.0,moving/relocating
S-15647,South,Quarterly Bundle,61.8,False,No,593.55,,
S-18331,Midwest,Monthly Essentials,94.7,No,No,USD 869.73,,
S-16531,Midwest,Monthly Plus,69.2,0,False,$642.80,,
S-17978,West,Monthly Essentials,97.7,False,No,USD 177.92,,
S-13988,South,Monthly Essentials,37.0,False,No,193.93,,
S-14661,West,Quarterly Bundle,48.2,No,No,1880.36,,
S-18095,Midwest,Monthly Essentials,78.1,No,False,852.33,,
S-18378,Midwest,Quarterly Bundle,87.9,False,0,USD 3093.34,,
S-16586,South,Monthly Essentials,58.7,No,False,USD 634.19,,
S-15855,South,Monthly Plus,60.2,False,No,$744.61,,
S-16785,Northeast,Monthly Plus,97.2,False,False,$234.02,,
S-14495,Northeast,Quarterly Bundle,42.2,No,No,USD 2713.14,,
S-15425,Northeast,Monthly Essentials,73.4,False,No,463.42,,
S-10852,South,Quarterly Bundle,49.0,True,True,USD 3899.62,5.2,too expensive
S-16171,South,Monthly Essentials,74.1,False,True,584.98,,poor quality
S-13559,Midwest,Monthly Essentials,41.9,No,False,849.23,,
S-14538,South,Monthly Plus,54.2,False,0,568.83,,
S-17204,Northeast,Quarterly Bundle,97.8,No,0,"$2,897.79",,
S-10209,Northeast,Quarterly Bundle,35.6,Yes,1,3293.28,1.5,poor quality
S-13834,South,Monthly Essentials,36.9,False,0,858.54,,
S-17675,West,Monthly Plus,95.6,No,Yes,$890.33,,no longer needed
S-11706,Northeast,Quarterly Bundle,55.9,True,No,315.52,3.3,
S-12416,Northeast,Monthly Plus,82.0,Yes,False,$648.38,2.8,
S-10542,South,Monthly Plus,50.4,True,Yes,$58.39,10.3,found alternative
S-13490,Northeast,Monthly Essentials,52.1,False,1,$532.36,,
S-15454,West,Monthly Essentials,65.0,False,No,$481.44,,
S-16897,South,Quarterly Bundle,96.4,False,No,$548.42,,
S-13706,Midwest,Quarterly Bundle,52.7,False,No,1246.39,,
S-13160,Midwest,Monthly Essentials,96.7,Yes,1,$793.47,13.6,
S-13255,South,Monthly Essentials,43.1,0,0,USD 734.64,,
S-14921,Midwest,Quarterly Bundle,40.5,No,False,3088.64,,
S-17107,West,Monthly Essentials,75.3,False,False,331.66,,
S-15019,Northeast,Monthly Plus,60.1,No,Yes,"$1,229.91",,shipping issues
S-14727,South,Monthly Plus,48.5,No,False,128.26,,
S-16110,Northeast,Monthly Essentials,55.4,False,True,USD 165.67,,moving/relocating
S-14256,Midwest,Monthly Essentials,38.7,False,No,USD 266.28,,
S-16248,Midwest,Monthly Plus,64.9,0,False,709.94,,
S-14637,West,Monthly Essentials,51.5,No,No,$340.84,,
S-11032,South,Monthly Plus,39.4,True,1,507.71,9.9,moving/relocating
S-17837,West,Quarterly Bundle,82.6,No,False,"$3,865.81",,
S-17562,South,Quarterly Bundle,82.1,No,No,1098.97,,
S-11003,Midwest,Quarterly Bundle,45.5,Yes,No,"$1,437.93",0.2,
S-16938,Northeast,Monthly Plus,98.7,No,False,USD 751.10,,
S-11747,Midwest,Monthly Plus,70.2,Yes,0,963.04,11.9,
S-17988,Northeast,Monthly Essentials,88.6,False,0,843.17,,
S-10364,Midwest,Quarterly Bundle,44.9,True,Yes,2918.58,9.4,too expensive
S-14771,Midwest,Monthly Essentials,49.0,False,0,73.21,,
S-10758,Northeast,Quarterly Bundle,47.3,Yes,Yes,"$1,432.04",10.5,found alternative
S-11515,Northeast,Monthly Plus,70.6,True,Yes,120.32,0.7,paused indefinitely
S-13185,Midwest,Monthly Plus,87.8,1,No,USD 759.12,4.2,
S-15988,Midwest,Monthly Essentials,57.1,No,False,$757.84,,
S-17002,South,Quarterly Bundle,85.6,False,No,2148.98,,
S-18268,South,Monthly Plus,93.6,0,False,"$1,347.24",,
S-10679,Northeast,Monthly Plus,45.3,True,False,USD 534.27,9.6,
S-18129,South,Monthly Essentials,80.8,False,False,$949.38,,
S-18375,South,Monthly Essentials,76.2,0,0,USD 848.91,,
S-10997,Northeast,Quarterly Bundle,49.8,Yes,Yes,"$1,332.48",2.3,bad support experience
S-12685,South,Monthly Essentials,83.3,1,No,$210.90,1.2,
S-12545,Midwest,Monthly Plus,85.5,1,No,299.88,8.6,
S-13476,West,Quarterly Bundle,42.6,No,No,"$1,310.79",,
S-15981,West,Monthly Essentials,65.1,No,0,647.32,,
S-14917,South,Quarterly Bundle,45.9,0,0,"$1,428.09",,
S-16168,West,Monthly Essentials,74.4,No,False,$608.31,,
S-13021,South,Monthly Plus,94.0,True,Yes,773.86,0.6,paused indefinitely
S-11494,West,Monthly Plus,62.8,True,False,USD 59.81,8.8,
S-13923,West,Monthly Plus,40.0,No,No,997.90,,
S-15579,South,Quarterly Bundle,68.6,No,1,USD 316.96,,paused indefinitely
S-12423,West,Monthly Plus,90.6,Yes,No,$647.74,0.1,
S-14051,West,Quarterly Bundle,41.8,No,No,145.76,,
S-16533,West,Monthly Plus,68.4,No,0,"$1,148.46",,
S-17554,West,Monthly Plus,75.2,False,No,"$1,200.07",,
S-13661,South,Quarterly Bundle,37.4,No,False,USD 3034.70,,
S-11243,Midwest,Monthly Essentials,61.9,1,0,$410.84,1.2,
S-15284,Northeast,Quarterly Bundle,65.7,No,0,$856.18,,
S-14701,South,Quarterly Bundle,43.7,No,0,3034.01,,
S-17455,South,Monthly Plus,99.7,No,False,$123.13,,
S-14753,Midwest,Monthly Plus,42.1,False,No,$925.33,,
S-11464,West,Monthly Essentials,57.6,True,No,$391.01,13.1,
S-13251,West,Quarterly Bundle,51.4,0,No,"$3,305.34",,
S-12872,Northeast,Quarterly Bundle,80.1,True,No,3097.02,8.0,
S-12056,Northeast,Monthly Essentials,68.8,True,No,840.54,11.7,
S-15209,Northeast,Monthly Plus,58.2,No,False,249.01,,
S-16848,Midwest,Quarterly Bundle,93.0,False,No,"$2,946.18",,
S-17895,West,Monthly Plus,75.8,False,0,956.81,,
S-11891,West,Monthly Essentials,64.6,True,0,USD 389.03,9.1,
S-16416,South,Quarterly Bundle,65.5,No,False,1615.30,,
S-14369,West,Monthly Plus,47.1,No,1,$785.56,,shipping issues
S-10835,Midwest,Quarterly Bundle,37.5,Yes,0,631.29,12.0,
S-13684,South,Quarterly Bundle,46.4,False,False,"$1,543.97",,
S-10915,West,Quarterly Bundle,35.8,True,Yes,1135.60,0.8,
S-10068,South,Monthly Essentials,35.7,Yes,0,USD 569.12,6.5,
S-11911,Northeast,Monthly Essentials,60.5,True,No,667.68,13.7,
S-10873,South,Quarterly Bundle,50.2,1,False,420.78,5.5,
S-15218,Midwest,Quarterly Bundle,63.6,False,No,2713.94,,
S-15005,Northeast,Quarterly Bundle,57.0,0,False,$320.12,,
S-16040,Northeast,Quarterly Bundle,57.9,0,True,2803.52,,no longer needed
S-12879,Northeast,Monthly Essentials,86.0,Yes,0,USD 754.69,7.6,
S-15917,Northeast,Quarterly Bundle,57.1,No,False,"$3,543.21",,
S-18363,West,Quarterly Bundle,89.9,False,False,"$1,872.64",,
S-12613,Northeast,Quarterly Bundle,77.3,1,0,USD 2039.62,3.9,
S-11855,South,Monthly Essentials,69.2,1,0,896.30,3.1,
S-10402,South,Monthly Essentials,38.6,True,True,USD 120.28,6.3,shipping issues
S-14861,Midwest,Quarterly Bundle,46.5,0,No,1825.42,,
S-17183,West,Quarterly Bundle,98.9,0,No,2446.29,,
S-14345,South,Quarterly Bundle,47.9,No,0,$929.49,,
S-14216,Northeast,Monthly Plus,51.1,False,No,1531.89,,
S-13059,South,Monthly Essentials,83.6,True,True,368.10,9.6,too expensive
S-17831,Midwest,Monthly Plus,79.8,False,0,USD 465.36,,
S-10035,Northeast,Quarterly Bundle,37.5,Yes,1,USD 1695.33,11.5,paused indefinitely
S-15210,Northeast,Quarterly Bundle,69.4,False,False,3290.99,,
S-11046,South,Monthly Essentials,39.0,Yes,True,78.64,12.5,too expensive
S-17432,Northeast,Quarterly Bundle,85.2,False,False,3101.46,,
S-13771,Northeast,Quarterly Bundle,39.0,No,True,678.95,,no longer needed
S-13030,West,Monthly Essentials,88.8,Yes,False,USD 563.25,7.1,
S-16355,West,Quarterly Bundle,56.2,False,No,"$2,347.27",,
S-14736,Midwest,Monthly Essentials,38.8,No,No,$265.54,,
S-11309,South,Monthly Essentials,73.5,1,1,USD 761.70,4.2,
S-12735,West,Quarterly Bundle,76.6,Yes,False,"$2,937.81",8.4,
S-11367,Midwest,Monthly Plus,61.2,Yes,True,$639.72,13.5,shipping issues
S-10249,Northeast,Monthly Plus,40.7,True,True,$168.95,7.9,bad support experience
S-14752,West,Monthly Plus,50.5,No,0,117.62,,
S-11927,Midwest,Monthly Essentials,62.4,True,True,649.11,8.8,paused indefinitely
S-12220,Midwest,Monthly Essentials,92.0,True,False,$378.84,5.6,
S-10887,Midwest,Monthly Plus,39.3,True,True,$628.68,13.2,moving/relocating
S-16360,West,Quarterly Bundle,62.4,0,0,USD 2827.02,,
S-16655,Northeast,Monthly Essentials,62.9,No,No,USD 862.93,,
S-16213,South,Monthly Essentials,64.9,No,False,411.83,,
S-14790,Northeast,Quarterly Bundle,43.1,No,True,1553.63,,poor quality
S-14981,Midwest,Monthly Plus,65.1,False,0,1028.56,,
S-12684,West,Monthly Essentials,80.2,True,Yes,388.75,2.8,bad support experience
S-12479,Northeast,Monthly Plus,86.4,True,False,$842.14,6.0,
S-10119,Midwest,Quarterly Bundle,52.0,Yes,No,2888.06,10.7,
S-13637,Midwest,Monthly Essentials,48.3,False,Yes,797.52,,no longer needed
S-16438,West,Monthly Essentials,66.1,No,False,USD 335.93,,
S-17568,Northeast,Monthly Essentials,77.5,False,No,$109.88,,
S-15015,Midwest,Monthly Essentials,70.3,False,False,316.64,,
S-12046,West,Quarterly Bundle,66.9,True,0,"$3,481.11",9.3,
S-15533,Midwest,Quarterly Bundle,56.9,No,No,1139.71,,
S-13828,Midwest,Monthly Essentials,40.7,False,Yes,964.40,,too expensive
S-14433,Northeast,Monthly Essentials,40.7,No,False,$415.18,,
S-14969,Midwest,Monthly Plus,59.9,No,No,1058.71,,
S-11789,Midwest,Quarterly Bundle,72.5,Yes,True,2519.08,8.2,found alternative
S-11886,Midwest,Quarterly Bundle,70.5,Yes,False,USD 2424.76,5.9,
S-11475,Midwest,Monthly Plus,64.2,True,False,$841.62,0.5,
S-17122,South,Monthly Essentials,82.1,No,False,$291.67,,
S-14948,West,Quarterly Bundle,45.6,No,False,"$1,924.41",,
S-15216,West,Quarterly Bundle,61.2,False,No,453.29,,
S-11997,Midwest,Quarterly Bundle,67.5,1,No,3227.83,5.1,
S-17293,Midwest,Monthly Plus,87.1,0,0,1231.90,,
S-14466,West,Monthly Essentials,38.0,False,False,USD 148.89,,
S-12390,South,Quarterly Bundle,85.7,Yes,No,3329.74,9.4,
S-11861,West,Monthly Essentials,60.1,True,No,$443.73,8.7,
S-14296,Midwest,Quarterly Bundle,45.9,False,False,"$3,436.26",,
S-18239,South,Quarterly Bundle,88.5,False,No,USD 1163.01,,
S-16737,South,Monthly Plus,95.8,False,0,USD 389.18,,
S-11743,South,Monthly Plus,73.7,True,No,392.18,12.4,
S-18376,South,Monthly Plus,85.7,False,No,"$1,043.43",,
S-12943,West,Monthly Essentials,76.5,True,No,266.97,6.9,
S-13260,Northeast,Quarterly Bundle,39.7,False,False,3759.49,,
S-17728,West,Monthly Plus,76.3,False,False,1007.90,,
S-15602,South,Monthly Essentials,60.6,False,0,USD 464.93,,
S-11115,West,Monthly Essentials,65.4,Yes,No,42.00,6.4,
S-17171,South,Monthly Essentials,81.2,0,No,793.89,,
S-15830,West,Monthly Plus,62.7,No,No,514.96,,
S-13068,Midwest,Monthly Plus,83.6,True,False,$185.05,1.5,
S-17638,Midwest,Quarterly Bundle,88.0,False,No,1656.83,,
S-15370,South,Monthly Essentials,68.5,No,No,323.94,,
S-12992,South,Monthly Essentials,98.1,True,False,$160.20,10.9,
S-18343,West,Quarterly Bundle,90.6,No,0,806.39,,
S-16325,South,Monthly Plus,61.1,0,False,57.21,,
S-15630,West,Monthly Plus,73.9,False,True,USD 1320.28,,no longer needed
S-17629,West,Quarterly Bundle,97.0,0,0,"$1,520.79",,
S-13108,Northeast,Monthly Essentials,91.6,Yes,1,$426.69,5.4,bad support experience
S-10201,Midwest,Monthly Essentials,53.9,True,False,USD 459.85,12.5,
S-16126,South,Monthly Essentials,68.3,False,No,$642.12,,
S-11817,Northeast,Quarterly Bundle,71.7,Yes,True,"$2,974.57",14.0,no longer needed
S-11241,Midwest,Monthly Plus,74.0,Yes,1,824.96,9.9,bad support experience
S-17529,West,Monthly Essentials,77.3,False,False,USD 74.55,,
S-10211,Northeast,Monthly Plus,37.2,Yes,1,$425.72,12.9,
S-12904,Midwest,Monthly Essentials,98.0,1,0,289.91,7.7,
S-10731,South,Monthly Essentials,36.2,Yes,Yes,502.79,8.2,shipping issues
S-15814,West,Monthly Essentials,73.1,No,No,675.51,,
S-14573,South,Monthly Essentials,42.0,No,False,406.37,,
S-17209,Northeast,Monthly Plus,93.9,No,False,120.97,,
S-13455,West,Monthly Plus,43.2,False,No,USD 301.42,,
S-14244,Northeast,Monthly Plus,55.0,No,False,1296.34,,
S-11151,South,Monthly Plus,70.0,True,False,$656.80,9.5,
S-15408,Midwest,Monthly Plus,65.1,0,No,USD 392.16,,
S-15771,West,Quarterly Bundle,58.5,No,No,2448.61,,
S-13360,West,Monthly Plus,51.3,No,False,594.00,,
S-12295,Midwest,Monthly Plus,90.2,1,True,"$1,019.94",13.2,moving/relocating
S-16982,Northeast,Monthly Essentials,99.0,No,False,77.03,,
S-11343,West,Monthly Plus,64.6,True,1,514.77,13.7,
S-10925,Northeast,Monthly Essentials,49.4,True,True,$756.33,0.0,too expensive
S-15520,Northeast,Monthly Essentials,66.5,False,True,539.10,,shipping issues
S-13000,Northeast,Monthly Plus,91.0,True,0,383.31,8.8,
S-12187,Midwest,Quarterly Bundle,75.4,1,No,3295.01,7.8,
S-17092,South,Monthly Essentials,79.7,0,False,$249.12,,
S-11360,South,Monthly Essentials,64.9,Yes,Yes,USD 286.62,7.5,too expensive
S-11813,West,Monthly Plus,68.8,1,No,$243.32,6.5,
S-11554,Northeast,Monthly Essentials,56.8,True,Yes,$381.01,4.4,found alternative
S-11690,South,Monthly Plus,59.7,1,No,1413.50,1.9,
S-17159,South,Monthly Essentials,93.2,False,No,238.30,,
S-14350,Northeast,Monthly Plus,47.9,False,0,59.36,,
S-16976,West,Monthly Plus,79.9,No,No,986.38,,
S-12948,West,Monthly Plus,77.7,1,No,579.89,3.3,
S-13215,West,Monthly Plus,82.9,True,False,637.91,6.9,
S-17849,Midwest,Quarterly Bundle,94.0,False,No,USD 2099.96,,
S-15349,South,Monthly Plus,67.4,0,False,"$1,397.87",,
S-11580,West,Monthly Essentials,64.3,Yes,False,$462.53,12.5,
S-15481,South,Monthly Essentials,63.3,No,False,USD 39.90,,
S-11618,South,Monthly Plus,71.3,1,False,239.45,8.2,
S-17884,Midwest,Monthly Essentials,84.7,0,0,$140.54,,
S-16597,South,Monthly Essentials,57.4,False,No,USD 78.18,,
S-13760,Midwest,Monthly Plus,45.6,0,1,972.09,,
S-13592,South,Monthly Essentials,53.8,0,No,$320.60,,
S-14789,South,Quarterly Bundle,35.5,0,No,USD 3718.39,,
S-11144,Northeast,Monthly Essentials,58.2,1,True,$194.81,7.0,no longer needed
S-15596,West,Monthly Essentials,69.9,No,No,$467.62,,
S-17643,South,Monthly Essentials,91.7,No,False,$275.79,,
S-10986,West,Monthly Essentials,42.7,1,Yes,959.68,8.5,paused indefinitely
S-12001,South,Monthly Essentials,55.5,Yes,Yes,212.53,10.4,too expensive
S-10787,West,Quarterly Bundle,54.2,True,No,$292.29,8.1,
S-16221,South,Monthly Plus,61.6,0,No,$644.18,,
S-17825,Northeast,Monthly Essentials,77.4,False,False,$817.50,,
S-12445,South,Monthly Essentials,78.6,True,No,$837.56,0.2,
S-16518,West,Monthly Plus,67.8,0,False,791.63,,
S-14628,South,Monthly Plus,40.1,No,No,$501.60,,
S-15576,Midwest,Monthly Essentials,61.5,False,No,$858.54,,
S-15003,South,Monthly Plus,74.9,False,False,515.03,,
S-13619,Midwest,Quarterly Bundle,54.6,No,0,"$2,666.39",,
S-15502,West,Monthly Plus,58.8,No,False,USD 1083.39,,
S-14030,Midwest,Monthly Essentials,42.7,0,False,641.65,,
S-17944,South,Quarterly Bundle,96.9,No,False,2708.02,,
S-18196,West,Monthly Essentials,98.9,No,False,42.08,,
S-15127,Northeast,Monthly Essentials,73.9,False,False,483.71,,
S-11825,South,Monthly Plus,69.4,Yes,False,$123.07,5.1,
S-17406,West,Quarterly Bundle,83.2,0,No,772.72,,
S-17687,West,Quarterly Bundle,98.0,False,False,1634.09,,
S-13992,South,Quarterly Bundle,46.9,False,False,"$1,133.78",,
S-14236,South,Monthly Plus,51.2,False,False,947.68,,
S-14020,Northeast,Monthly Essentials,40.0,No,0,80.02,,
S-10799,Northeast,Monthly Plus,46.3,Yes,1,$748.03,5.4,
S-15574,Midwest,Monthly Plus,59.4,False,No,$823.91,,
S-11787,Midwest,Monthly Essentials,56.8,True,0,$163.28,6.0,
S-13527,Northeast,Monthly Plus,49.7,0,No,620.09,,
S-13282,West,Quarterly Bundle,53.0,No,False,"$2,432.82",,
S-15762,Midwest,Quarterly Bundle,56.4,0,Yes,960.88,,
S-15136,West,Monthly Essentials,68.4,False,Yes,$550.87,,shipping issues
S-17425,South,Quarterly Bundle,86.2,False,1,320.29,,shipping issues
S-17537,Midwest,Quarterly Bundle,94.6,False,False,3593.03,,
S-15280,Midwest,Monthly Plus,70.2,0,No,1050.20,,
S-11798,West,Quarterly Bundle,71.3,Yes,0,$441.81,3.4,
S-18240,Midwest,Monthly Plus,92.2,0,No,"$1,302.53",,
S-11181,Northeast,Monthly Plus,57.7,True,0,USD 189.02,9.4,
S-12473,West,Quarterly Bundle,93.4,1,0,2397.44,4.9,
S-10080,Midwest,Monthly Essentials,42.3,Yes,True,655.87,3.0,shipping issues
S-12316,Northeast,Monthly Plus,98.9,True,False,$942.56,2.8,
S-14625,Northeast,Monthly Plus,53.2,No,1,"$1,278.65",,too expensive
S-14808,South,Monthly Plus,49.1,No,False,1155.82,,
S-16757,Northeast,Monthly Essentials,92.1,No,False,$787.40,,
S-15001,Northeast,Quarterly Bundle,74.0,False,False,"$3,633.13",,
S-10766,Northeast,Quarterly Bundle,35.7,True,False,2441.61,3.3,
S-13814,South,Quarterly Bundle,42.1,No,No,2697.48,,
S-11826,West,Quarterly Bundle,68.7,1,No,USD 3665.90,1.8,
S-12382,Midwest,Monthly Plus,76.3,1,No,"$1,016.55",13.8,
S-12237,Northeast,Quarterly Bundle,80.1,Yes,True,727.93,8.6,paused indefinitely
S-13383,South,Quarterly Bundle,46.1,No,0,2846.40,,
S-15098,West,Monthly Plus,65.7,No,False,405.01,,
S-17040,South,Quarterly Bundle,96.0,False,Yes,1937.26,,too expensive
S-16458,South,Monthly Essentials,57.3,No,No,492.82,,
S-17668,South,Quarterly Bundle,84.0,No,False,"$1,319.26",,
S-17981,Northeast,Monthly Essentials,89.3,0,False,$84.42,,
S-16856,Midwest,Monthly Essentials,86.0,No,0,$696.38,,
S-11624,West,Monthly Plus,58.6,Yes,True,1076.52,4.8,poor quality
S-15982,Midwest,Monthly Plus,72.7,False,0,234.47,,
S-14418,West,Monthly Essentials,37.6,No,No,USD 313.74,,
S-10889,West,Quarterly Bundle,37.6,1,True,2961.37,6.0,poor quality
S-12247,South,Monthly Plus,89.7,True,No,USD 1361.38,0.0,
S-12830,West,Monthly Plus,87.0,True,No,1034.02,5.7,
S-15487,Midwest,Monthly Plus,60.1,False,No,"$1,041.03",,
S-10483,Midwest,Monthly Essentials,50.3,1,Yes,USD 266.36,3.2,
S-14686,Northeast,Monthly Essentials,46.5,No,No,$245.86,,
S-18035,West,Monthly Plus,80.4,No,No,255.06,,
S-16768,Midwest,Monthly Essentials,97.2,False,False,481.17,,
S-18076,West,Monthly Plus,98.5,No,False,"$1,244.30",,
S-14936,Midwest,Quarterly Bundle,52.2,No,No,2784.00,,
S-13056,Northeast,Quarterly Bundle,96.1,Yes,0,2447.47,12.2,
S-10166,South,Monthly Plus,45.3,True,True,$601.02,0.5,
S-10309,Midwest,Quarterly Bundle,39.9,True,No,"$3,175.17",12.9,
S-11919,South,Monthly Essentials,70.5,Yes,No,875.01,0.6,
S-10912,Midwest,Monthly Plus,52.5,True,1,732.85,12.5,paused indefinitely
S-17744,Midwest,Monthly Essentials,75.2,No,No,394.98,,
S-11777,Midwest,Quarterly Bundle,56.8,True,No,"$1,536.88",7.4,
S-12555,South,Monthly Essentials,99.5,Yes,No,84.36,4.6,
S-15287,West,Monthly Essentials,62.0,False,False,$815.02,,
S-14520,Midwest,Monthly Plus,44.6,No,0,$634.03,,
S-17509,Northeast,Monthly Plus,80.6,No,0,"$1,295.96",,
S-15651,Midwest,Monthly Essentials,63.0,0,0,USD 769.97,,
S-15565,Northeast,Quarterly Bundle,64.2,No,No,"$2,319.64",,
S-14919,South,Monthly Plus,40.7,No,1,886.28,,no longer needed
S-10667,West,Monthly Essentials,38.5,Yes,1,896.25,12.9,paused indefinitely
S-13697,West,Monthly Essentials,48.6,No,False,301.28,,
S-16787,Midwest,Monthly Essentials,76.3,No,No,$431.83,,
S-11895,Midwest,Quarterly Bundle,64.0,True,No,"$3,362.70",9.7,
S-11468,Midwest,Monthly Plus,68.4,1,False,$487.25,6.7,
S-13314,Midwest,Monthly Plus,42.9,0,False,805.54,,
S-16149,Northeast,Monthly Essentials,63.1,False,False,84.89,,
S-10651,Midwest,Monthly Plus,45.4,1,No,"$1,233.10",5.1,
S-13046,Midwest,Monthly Plus,98.8,Yes,Yes,1078.99,7.2,found alternative
S-10493,Midwest,Monthly Plus,46.6,True,0,1074.22,11.1,
S-14364,West,Quarterly Bundle,53.1,False,No,2378.09,,
S-17684,Northeast,Monthly Plus,91.6,No,No,1192.35,,
S-13725,West,Monthly Essentials,42.3,0,No,$454.97,,
S-15740,West,Monthly Essentials,57.4,False,No,$287.25,,
S-16750,South,Monthly Plus,92.8,No,False,64.06,,
S-10170,West,Monthly Essentials,51.8,True,False,USD 156.36,9.1,
S-11443,West,Monthly Plus,59.3,Yes,False,408.47,8.4,
S-17836,South,Quarterly Bundle,94.2,No,False,3450.55,,
S-12025,South,Monthly Plus,70.2,Yes,0,64.08,9.1,
S-18096,West,Monthly Plus,84.0,False,No,USD 1405.41,,
S-12949,West,Monthly Plus,77.2,True,False,$512.54,12.6,
S-14206,West,Quarterly Bundle,49.8,0,False,2476.03,,
S-10388,Midwest,Quarterly Bundle,47.7,True,True,1455.09,8.6,poor quality
S-10554,Midwest,Monthly Essentials,42.4,Yes,True,404.24,12.7,
S-13658,Northeast,Quarterly Bundle,35.9,No,No,USD 2503.26,,
S-13917,Midwest,Monthly Plus,41.2,0,False,1066.00,,
S-11051,Midwest,Monthly Essentials,52.3,True,False,155.33,10.5,
S-14067,Northeast,Monthly Essentials,52.0,False,False,428.67,,
S-15620,Northeast,Monthly Essentials,69.2,False,False,$633.18,,
S-17500,Midwest,Quarterly Bundle,82.5,No,False,"$3,015.27",,
S-11313,Midwest,Monthly Essentials,72.2,1,No,USD 697.60,12.8,
S-17905,Northeast,Monthly Essentials,88.1,False,0,$170.49,,
S-14624,Northeast,Monthly Plus,53.5,False,0,237.81,,
S-12575,Northeast,Quarterly Bundle,80.1,Yes,Yes,1125.20,11.1,
S-15865,West,Monthly Plus,66.3,No,0,435.87,,
S-11950,Midwest,Monthly Plus,57.0,True,Yes,"$1,102.71",7.4,found alternative
S-17368,West,Quarterly Bundle,83.0,False,False,3274.87,,
S-12615,Midwest,Monthly Plus,87.4,Yes,False,953.17,6.0,
S-15181,West,Monthly Essentials,60.7,0,No,916.18,,
S-13751,West,Monthly Plus,36.2,No,Yes,$110.27,,no longer needed
S-12813,South,Monthly Plus,79.7,True,No,1392.77,9.4,
S-10482,West,Monthly Essentials,47.4,Yes,0,387.40,4.7,
S-11512,South,Monthly Essentials,74.7,Yes,0,USD 160.73,0.6,
S-14052,West,Quarterly Bundle,53.8,No,No,1122.11,,
S-14978,Midwest,Quarterly Bundle,73.9,False,False,1143.51,,
S-14773,South,Monthly Essentials,36.3,0,0,$209.86,,
S-12190,Northeast,Monthly Essentials,77.5,True,No,USD 684.81,8.1,
S-17048,Midwest,Monthly Essentials,95.2,No,False,85.31,,
S-14763,Midwest,Quarterly Bundle,35.4,No,False,915.87,,
S-12262,Midwest,Monthly Plus,87.3,True,No,464.13,6.7,
S-17051,Northeast,Monthly Plus,77.6,False,False,1014.75,,
S-16952,Midwest,Quarterly Bundle,92.3,No,No,135.41,,
S-11892,South,Monthly Essentials,58.0,1,False,145.40,4.5,
S-14902,Midwest,Quarterly Bundle,50.4,False,0,"$1,970.63",,
S-17695,South,Monthly Essentials,84.8,False,0,USD 723.65,,
S-18186,West,Monthly Plus,81.2,No,0,USD 1344.20,,
S-12964,South,Monthly Essentials,98.9,Yes,1,USD 712.36,2.3,found alternative
S-17630,Northeast,Quarterly Bundle,93.7,0,No,USD 2775.85,,
S-16009,Northeast,Quarterly Bundle,71.4,False,0,628.14,,
S-14485,South,Monthly Essentials,46.8,No,False,USD 190.87,,
S-12634,Midwest,Quarterly Bundle,89.9,1,No,USD 421.45,1.5,
S-14467,Midwest,Monthly Essentials,38.3,No,No,461.35,,
S-10759,Midwest,Quarterly Bundle,38.1,True,Yes,1561.39,2.4,paused indefinitely
S-16947,Midwest,Quarterly Bundle,92.4,False,False,2073.84,,
S-17671,South,Monthly Plus,97.0,0,False,USD 759.49,,
S-15440,West,Monthly Plus,69.1,No,No,$290.65,,
S-14334,Northeast,Quarterly Bundle,36.8,False,No,"$1,024.39",,
S-11399,Northeast,Monthly Essentials,72.7,Yes,True,$522.41,2.8,paused indefinitely
S-18266,Midwest,Monthly Plus,82.6,No,No,"$1,050.04",,
S-12250,West,Monthly Essentials,99.1,Yes,False,$878.75,6.3,
S-12240,Midwest,Quarterly Bundle,91.5,1,Yes,751.02,11.9,found alternative
S-13096,Northeast,Quarterly Bundle,76.5,True,1,"$1,886.49",11.6,found alternative
S-17888,Northeast,Quarterly Bundle,89.4,0,True,USD 1219.29,,paused indefinitely
S-10293,Northeast,Quarterly Bundle,41.7,Yes,Yes,"$2,265.16",11.9,shipping issues
S-11018,Northeast,Quarterly Bundle,35.6,1,No,USD 1806.72,12.6,
S-11072,West,Quarterly Bundle,51.2,Yes,No,2189.37,11.0,
S-12345,Northeast,Quarterly Bundle,88.7,Yes,False,3864.09,5.6,
S-12912,Midwest,Monthly Essentials,77.5,Yes,0,251.55,0.7,
S-11161,Midwest,Quarterly Bundle,67.4,True,False,3140.23,5.8,
S-15319,Northeast,Monthly Plus,63.0,0,True,59.16,,found alternative
S-15860,Midwest,Quarterly Bundle,68.5,No,0,USD 3043.84,,
S-10586,Northeast,Monthly Essentials,37.8,True,Yes,504.04,10.6,paused indefinitely
S-17162,West,Quarterly Bundle,79.3,0,No,"$2,477.34",,
S-16688,West,Monthly Plus,75.5,0,No,495.63,,
S-18136,Northeast,Quarterly Bundle,99.5,0,No,USD 2277.81,,
S-14218,Midwest,Monthly Essentials,45.5,0,0,70.40,,
S-13456,South,Monthly Essentials,52.1,0,No,77.15,,
S-13183,West,Quarterly Bundle,78.1,1,No,3172.19,4.6,
S-11638,Northeast,Quarterly Bundle,64.4,True,True,USD 1493.83,13.3,shipping issues
S-16013,West,Monthly Essentials,67.3,No,True,$615.99,,no longer needed
S-17317,Northeast,Monthly Essentials,88.7,False,0,581.11,,
S-11485,Northeast,Monthly Essentials,59.9,Yes,Yes,649.54,12.3,paused indefinitely
S-11043,South,Monthly Plus,43.7,True,Yes,USD 112.80,9.9,bad support experience
S-13217,Northeast,Monthly Essentials,97.1,1,0,USD 868.42,12.3,
S-12577,South,Monthly Essentials,93.9,1,No,$234.09,10.8,
S-17276,Midwest,Quarterly Bundle,80.9,0,False,3323.77,,
S-11995,Northeast,Quarterly Bundle,55.6,True,No,USD 3690.79,7.0,
S-13840,Midwest,Quarterly Bundle,54.2,False,No,1729.44,,
S-12536,West,Monthly Plus,80.0,1,False,"$1,155.34",10.7,
S-15887,West,Quarterly Bundle,71.0,No,No,2410.77,,
S-14505,West,Monthly Essentials,46.3,False,No,$359.95,,
S-17807,West,Monthly Essentials,83.4,False,No,365.09,,
S-16956,Northeast,Monthly Essentials,85.8,False,False,$374.34,,
S-14129,West,Monthly Essentials,54.6,False,0,USD 215.08,,
S-13761,South,Monthly Essentials,41.0,False,0,$404.71,,
S-11514,Midwest,Monthly Plus,69.1,Yes,Yes,1113.16,2.3,bad support experience
S-10633,South,Monthly Essentials,45.5,Yes,Yes,USD 421.83,5.0,no longer needed
S-12181,South,Monthly Essentials,91.6,Yes,1,$631.17,10.5,bad support experience
S-13116,Northeast,Monthly Essentials,79.0,True,No,$857.78,6.4,
S-15932,Northeast,Monthly Essentials,66.8,False,False,572.46,,
S-14822,South,Quarterly Bundle,51.2,No,0,$545.85,,
S-16813,West,Monthly Essentials,76.0,0,False,862.92,,
S-17602,Northeast,Monthly Essentials,87.0,False,Yes,861.41,,found alternative
S-12394,West,Quarterly Bundle,88.0,Yes,No,"$3,098.87",6.4,
S-10372,West,Monthly Plus,43.9,Yes,Yes,745.87,10.1,no longer needed
S-16866,West,Monthly Plus,85.5,No,False,$684.16,,
S-13532,West,Monthly Plus,45.3,False,No,1319.92,,
S-10367,West,Quarterly Bundle,46.1,Yes,Yes,3161.57,0.6,paused indefinitely
S-15548,Midwest,Monthly Plus,61.9,False,0,$808.57,,
S-17993,Northeast,Monthly Essentials,96.4,False,False,547.54,,
S-14618,South,Monthly Essentials,37.7,No,0,637.89,,
S-12652,Northeast,Quarterly Bundle,83.6,1,No,"$2,536.53",0.6,
S-10216,Northeast,Monthly Essentials,39.5,True,Yes,416.95,1.4,no longer needed
S-13312,West,Monthly Plus,43.3,False,No,1249.66,,
S-11640,Midwest,Monthly Essentials,57.4,1,False,$753.01,12.3,
S-14571,Midwest,Quarterly Bundle,50.7,False,No,3699.47,,
S-10232,West,Monthly Plus,37.8,Yes,True,USD 926.56,13.3,
S-12784,South,Monthly Plus,81.5,1,No,466.10,5.4,
S-12854,West,Monthly Plus,76.2,Yes,No,$490.52,13.7,
S-11523,West,Monthly Essentials,67.6,1,No,$117.13,13.3,
S-13328,South,Monthly Essentials,36.6,No,False,711.42,,
S-14312,Northeast,Monthly Essentials,53.6,False,False,527.01,,
S-13895,Midwest,Monthly Plus,51.8,No,False,194.44,,
S-10536,South,Monthly Essentials,46.3,1,Yes,554.50,8.7,poor quality
S-10895,South,Quarterly Bundle,53.9,1,0,588.11,12.8,
S-11352,West,Monthly Plus,66.6,True,True,1552.81,10.3,paused indefinitely
S-15566,West,Monthly Plus,55.7,No,No,1197.21,,
S-14846,West,Quarterly Bundle,37.6,False,1,1272.21,,shipping issues
S-12758,Midwest,Monthly Plus,85.4,True,False,"$1,338.82",1.2,
S-12372,Northeast,Monthly Plus,99.5,Yes,Yes,325.66,13.8,
S-15688,South,Monthly Plus,66.2,0,False,$113.39,,
S-13097,West,Quarterly Bundle,83.0,Yes,No,961.19,12.4,
S-14805,Midwest,Monthly Plus,40.1,No,No,USD 1163.01,,
S-11225,West,Monthly Plus,59.2,1,False,"$1,406.21",4.5,
S-13911,Northeast,Monthly Plus,52.1,0,0,1022.28,,
S-17105,Midwest,Monthly Plus,99.9,No,0,569.23,,
S-14884,South,Quarterly Bundle,50.8,No,No,2320.09,,
S-18274,Midwest,Monthly Essentials,99.2,False,No,$439.33,,
S-16327,South,Monthly Essentials,61.6,No,Yes,$170.90,,no longer needed
S-14646,West,Monthly Essentials,50.3,No,No,421.04,,
S-10411,Northeast,Monthly Essentials,46.5,True,Yes,643.45,12.3,too expensive
S-16362,Northeast,Monthly Plus,55.9,False,False,493.63,,
S-10492,Midwest,Monthly Plus,46.3,True,True,USD 1179.98,4.1,
S-18204,Midwest,Monthly Essentials,76.5,0,0,235.10,,
S-15591,West,Monthly Plus,56.3,No,0,$936.36,,
S-13719,Midwest,Quarterly Bundle,48.8,No,0,1657.35,,
S-13904,Northeast,Monthly Plus,38.3,No,True,1385.51,,moving/relocating
S-10883,Midwest,Monthly Essentials,39.6,True,False,USD 684.71,11.7,
S-13035,West,Monthly Plus,92.8,True,False,251.06,11.1,
S-12266,Northeast,Monthly Essentials,99.8,Yes,False,392.13,6.8,
S-16552,Northeast,Monthly Essentials,57.0,No,No,77.52,,
S-11274,West,Monthly Plus,60.6,True,Yes,USD 222.26,0.2,moving/relocating
S-13302,West,Monthly Essentials,45.1,No,No,$373.29,,
S-17396,Midwest,Monthly Plus,92.9,No,False,234.74,,
S-15461,Midwest,Monthly Plus,63.2,False,No,185.96,,
S-13929,West,Quarterly Bundle,48.0,No,0,$149.02,,
S-13364,South,Monthly Plus,47.6,False,No,1023.50,,
S-16965,South,Monthly Plus,99.2,False,No,USD 242.92,,
S-17109,West,Quarterly Bundle,80.0,No,No,3207.32,,
S-17750,Midwest,Monthly Essentials,95.2,No,No,264.25,,
S-16962,South,Monthly Plus,90.4,No,False,1252.94,,
S-10757,Midwest,Monthly Essentials,52.5,Yes,Yes,74.75,9.2,shipping issues
S-11499,West,Quarterly Bundle,62.9,True,No,2421.07,8.4,
S-17867,Midwest,Monthly Essentials,90.8,No,No,$517.79,,
S-15061,South,Quarterly Bundle,71.7,0,False,1046.41,,
S-11962,West,Quarterly Bundle,65.9,Yes,Yes,USD 2545.35,0.3,no longer needed
S-16206,South,Monthly Essentials,55.1,0,False,855.07,,
S-13501,West,Monthly Plus,52.4,0,No,USD 743.90,,
S-17147,Northeast,Quarterly Bundle,91.6,No,0,3039.83,,
S-13804,South,Monthly Plus,52.8,0,False,172.13,,
S-17833,West,Monthly Plus,84.7,0,0,USD 1444.28,,
S-14203,West,Monthly Plus,36.2,False,Yes,489.51,,moving/relocating
S-14527,South,Monthly Plus,50.6,False,No,120.08,,
S-13048,West,Monthly Essentials,93.2,Yes,0,324.20,1.8,
S-14239,South,Quarterly Bundle,51.6,No,No,USD 2636.06,,
S-10637,Northeast,Monthly Plus,44.8,Yes,0,1175.27,3.5,
S-17139,Midwest,Quarterly Bundle,91.6,0,False,USD 785.49,,
S-10930,Midwest,Monthly Plus,53.3,1,False,323.34,4.8,
S-11280,South,Monthly Plus,66.8,Yes,False,"$1,310.56",13.8,
S-17445,South,Monthly Essentials,96.9,False,False,$37.37,,
S-13621,South,Monthly Essentials,40.0,No,0,$568.51,,
S-17902,Northeast,Monthly Essentials,96.8,False,False,144.20,,
S-13720,South,Monthly Essentials,41.3,No,0,682.42,,
S-17470,South,Monthly Essentials,85.3,No,0,322.88,,
S-17262,South,Monthly Essentials,89.7,0,False,USD 363.51,,
S-14594,Northeast,Monthly Plus,35.1,False,1,$492.15,,bad support experience
S-16548,West,Monthly Essentials,67.0,False,No,USD 604.21,,
S-16985,South,Monthly Essentials,77.0,0,No,70.75,,
S-12196,Northeast,Quarterly Bundle,96.4,True,Yes,1166.54,10.4,shipping issues
S-14819,West,Quarterly Bundle,47.1,False,False,975.13,,
S-15337,Midwest,Monthly Plus,71.2,0,False,106.24,,
S-12764,South,Quarterly Bundle,77.9,Yes,No,USD 2310.39,3.7,
S-13020,South,Monthly Essentials,99.5,True,False,$670.17,7.9,
S-18285,Northeast,Quarterly Bundle,81.2,False,False,USD 1596.83,,
S-16627,Northeast,Monthly Essentials,65.0,0,False,445.29,,
S-13064,South,Quarterly Bundle,89.7,Yes,No,815.46,1.2,
S-14947,West,Monthly Essentials,44.1,False,Yes,877.77,,poor quality
S-15336,Northeast,Quarterly Bundle,74.5,No,False,"$3,012.03",,
S-14237,Midwest,Monthly Plus,35.1,0,False,236.61,,
S-16057,Midwest,Monthly Essentials,72.8,No,No,$894.15,,
S-16983,Midwest,Monthly Essentials,82.0,0,No,77.90,,
S-17291,West,Quarterly Bundle,80.9,0,False,1909.22,,
S-11273,West,Monthly Essentials,66.3,1,No,428.20,2.3,
S-17548,Midwest,Monthly Plus,78.9,No,False,USD 1058.77,,
S-10777,West,Monthly Plus,44.6,Yes,Yes,419.74,9.0,shipping issues
S-13483,South,Monthly Plus,38.3,False,False,$577.68,,
S-10244,Midwest,Monthly Essentials,50.3,1,True,184.02,11.3,
S-10164,South,Monthly Plus,37.4,True,Yes,1289.50,10.3,shipping issues
S-10932,South,Quarterly Bundle,39.4,True,True,2966.38,2.1,shipping issues
S-14289,West,Quarterly Bundle,49.6,No,Yes,3100.91,,found alternative
S-18198,Midwest,Monthly Plus,78.9,False,False,USD 1255.62,,
S-15378,Northeast,Quarterly Bundle,60.3,False,False,1774.39,,
S-12616,West,Monthly Essentials,92.9,Yes,False,594.36,4.4,
S-16166,South,Quarterly Bundle,66.2,No,No,"$2,839.83",,
S-15663,Northeast,Monthly Essentials,68.6,No,Yes,$930.48,,moving/relocating
S-10673,Northeast,Monthly Essentials,52.0,True,True,78.55,4.7,shipping issues
S-11302,Northeast,Monthly Plus,74.6,1,False,$515.80,8.6,
S-14304,Northeast,Monthly Essentials,41.0,No,False,$114.55,,
S-13083,Midwest,Monthly Essentials,96.8,Yes,True,$708.43,6.1,found alternative
S-13874,Midwest,Quarterly Bundle,49.0,False,False,1569.49,,
S-12484,Northeast,Quarterly Bundle,97.6,Yes,No,686.07,0.7,
S-13529,South,Monthly Plus,52.7,False,False,893.62,,
S-11069,West,Quarterly Bundle,51.1,1,Yes,"$3,777.08",6.7,no longer needed
S-12059,West,Quarterly Bundle,73.6,True,False,USD 161.81,10.7,
S-12447,South,Monthly Plus,88.5,True,0,$437.58,11.6,
S-15077,West,Quarterly Bundle,70.1,No,No,2914.44,,
S-14872,South,Monthly Essentials,45.8,False,Yes,955.80,,no longer needed
S-11109,South,Quarterly Bundle,73.6,Yes,No,"$1,384.99",0.2,
S-10486,West,Monthly Plus,54.2,Yes,0,448.51,13.1,
S-14469,West,Monthly Essentials,52.1,No,No,898.25,,
S-11001,South,Monthly Plus,38.3,Yes,True,"$1,202.70",3.6,
S-15737,Midwest,Quarterly Bundle,71.3,No,Yes,USD 2142.45,,found alternative
S-11138,West,Quarterly Bundle,57.6,Yes,False,USD 1825.50,9.8,
S-15365,Midwest,Monthly Plus,73.2,No,False,USD 922.95,,
S-17555,Northeast,Monthly Plus,89.0,False,No,$733.83,,
S-10557,Northeast,Monthly Plus,36.1,Yes,True,USD 223.92,6.2,found alternative
S-14146,Northeast,Monthly Plus,53.0,False,0,694.35,,
S-16244,Midwest,Quarterly Bundle,56.2,False,No,USD 2525.19,,
S-15234,South,Monthly Essentials,64.3,0,0,$504.58,,
S-13511,South,Quarterly Bundle,54.7,No,0,"$3,300.11",,
S-17815,Northeast,Monthly Essentials,94.6,No,No,USD 869.14,,
S-14732,Midwest,Monthly Plus,48.6,False,Yes,896.78,,poor quality
S-16888,South,Monthly Essentials,80.1,No,No,USD 713.80,,
S-14521,South,Monthly Plus,46.4,False,No,1166.88,,
S-12645,Northeast,Monthly Plus,76.0,1,Yes,711.26,4.6,no longer needed
S-15460,Northeast,Monthly Plus,64.9,False,No,1481.96,,
S-13494,Midwest,Quarterly Bundle,40.3,0,False,USD 2039.38,,
S-15945,Midwest,Monthly Essentials,56.1,0,False,72.93,,
S-11582,Midwest,Monthly Essentials,65.3,Yes,No,$183.13,11.9,
S-10532,Northeast,Monthly Plus,41.0,Yes,No,USD 1010.98,12.5,
S-15660,South,Quarterly Bundle,55.9,False,No,"$1,997.57",,
S-17366,Northeast,Monthly Essentials,87.4,0,No,632.47,,
S-14896,Midwest,Monthly Essentials,38.8,False,Yes,$305.92,,too expensive
S-10778,Northeast,Monthly Essentials,40.1,Yes,No,927.40,5.7,
S-10563,Midwest,Monthly Essentials,44.0,True,Yes,USD 193.86,7.9,moving/relocating
S-16761,South,Monthly Plus,89.6,False,No,USD 53.15,,
S-13151,Northeast,Quarterly Bundle,87.0,True,False,403.12,5.9,
S-10978,Midwest,Quarterly Bundle,51.9,Yes,1,1380.96,6.1,too expensive
S-15720,Northeast,Quarterly Bundle,72.6,No,No,1821.05,,
S-14588,West,Quarterly Bundle,50.9,No,False,1491.85,,
S-16198,Northeast,Quarterly Bundle,60.4,0,False,2099.59,,
S-11558,Northeast,Monthly Essentials,58.5,True,False,448.30,8.0,
S-12625,West,Monthly Plus,76.2,Yes,0,1497.59,5.3,
S-12491,Midwest,Monthly Essentials,96.9,Yes,False,797.63,2.4,
S-12586,South,Monthly Essentials,89.4,Yes,True,113.56,3.7,
S-15918,Midwest,Monthly Essentials,61.9,False,False,$187.93,,
S-11888,South,Monthly Essentials,55.2,Yes,0,USD 291.25,0.7,
S-17526,Midwest,Monthly Essentials,85.1,No,False,$560.81,,
S-14267,Northeast,Monthly Essentials,36.1,False,1,USD 120.68,,poor quality
S-14613,Midwest,Quarterly Bundle,45.9,False,No,957.66,,
S-18184,South,Quarterly Bundle,97.1,False,False,"$1,508.57",,
S-14922,Northeast,Monthly Plus,44.3,No,False,1194.98,,
S-15307,Midwest,Quarterly Bundle,62.2,No,No,"$3,375.83",,
S-17087,West,Quarterly Bundle,86.9,No,No,1764.50,,
S-17175,Midwest,Monthly Plus,83.2,False,0,USD 293.27,,
S-10828,South,Quarterly Bundle,39.9,Yes,True,2116.87,10.4,found alternative
S-15374,Northeast,Monthly Plus,68.7,No,False,543.01,,
S-17236,West,Monthly Essentials,81.3,No,No,USD 38.09,,
S-15371,Midwest,Quarterly Bundle,62.6,0,False,USD 2597.81,,
S-12607,Northeast,Quarterly Bundle,85.0,Yes,Yes,2529.35,12.3,moving/relocating
S-13012,West,Monthly Essentials,88.0,Yes,False,766.65,13.0,
S-13373,Northeast,Monthly Plus,51.4,False,False,"$1,025.01",,
S-17373,West,Quarterly Bundle,81.2,False,False,1478.41,,
S-13705,West,Quarterly Bundle,52.1,False,True,USD 3218.50,,
S-11439,West,Monthly Plus,56.1,True,True,235.61,1.4,bad support experience
S-10696,West,Monthly Plus,37.2,True,0,USD 385.40,12.1,
S-17674,Midwest,Quarterly Bundle,86.3,False,False,USD 578.52,,
S-14251,Midwest,Monthly Plus,52.7,No,No,$192.92,,
S-12186,West,Monthly Essentials,79.0,1,False,USD 74.46,10.3,
S-15874,West,Quarterly Bundle,70.3,False,True,USD 3101.68,,shipping issues
S-11862,Northeast,Monthly Essentials,73.7,Yes,Yes,146.84,7.4,bad support experience
S-16232,West,Quarterly Bundle,55.2,False,False,USD 156.80,,
S-12873,Northeast,Quarterly Bundle,99.9,True,No,1402.09,4.7,
S-15167,Northeast,Monthly Plus,69.5,No,False,758.43,,
S-16630,West,Monthly Essentials,65.2,No,0,687.88,,
S-15450,South,Monthly Plus,74.8,False,False,691.92,,
S-10461,Midwest,Monthly Essentials,37.7,Yes,False,USD 455.41,8.7,
S-10558,Midwest,Quarterly Bundle,42.9,Yes,0,"$2,615.31",11.1,
S-15904,West,Monthly Essentials,63.1,False,No,$690.48,,
S-13985,South,Monthly Plus,54.0,False,False,"$1,359.00",,
S-16441,Midwest,Quarterly Bundle,56.0,False,False,282.95,,
S-13922,West,Quarterly Bundle,44.6,False,0,2391.03,,
S-14847,South,Monthly Plus,47.7,No,No,1117.89,,
S-15339,Northeast,Monthly Plus,67.3,False,No,$361.79,,
S-10639,Northeast,Monthly Plus,50.0,1,Yes,USD 1277.99,1.9,shipping issues
S-17920,South,Monthly Essentials,98.0,No,False,USD 512.64,,
S-13611,South,Quarterly Bundle,46.0,No,Yes,USD 603.82,,poor quality
S-10133,South,Quarterly Bundle,40.0,Yes,1,677.76,9.3,bad support experience
S-12249,South,Monthly Plus,79.7,True,False,"$1,122.21",13.2,
S-11039,South,Quarterly Bundle,53.5,Yes,1,$828.70,8.4,bad support experience
S-11783,Northeast,Quarterly Bundle,74.9,True,False,2343.14,8.3,
S-10290,West,Monthly Plus,36.0,Yes,False,"$1,507.36",2.3,
S-16350,West,Quarterly Bundle,62.9,False,False,580.11,,
S-11989,Midwest,Monthly Essentials,64.7,True,Yes,511.29,9.9,paused indefinitely
S-14137,South,Monthly Plus,53.2,False,False,USD 53.83,,
S-15728,Northeast,Monthly Essentials,63.6,0,Yes,428.13,,
S-10227,Midwest,Monthly Essentials,54.7,Yes,No,115.61,12.8,
S-10908,Midwest,Monthly Essentials,37.0,True,0,724.16,10.9,
S-17222,South,Quarterly Bundle,97.7,No,True,"$2,354.74",,found alternative
S-13675,Northeast,Monthly Essentials,40.5,No,Yes,$153.32,,no longer needed
S-15613,Northeast,Monthly Plus,62.9,No,False,USD 415.70,,
S-10120,Northeast,Monthly Plus,48.8,Yes,False,254.23,11.2,
S-16319,South,Quarterly Bundle,71.7,0,False,USD 1507.76,,
S-18092,South,Monthly Plus,84.5,False,No,USD 354.48,,
S-11566,South,Quarterly Bundle,56.8,True,0,1497.08,6.5,
S-12906,West,Monthly Plus,83.1,Yes,False,$630.86,12.8,
S-11381,South,Monthly Plus,65.5,Yes,No,288.69,6.4,
S-12050,Midwest,Quarterly Bundle,55.5,True,Yes,3119.76,12.0,too expensive
S-11207,Northeast,Monthly Plus,63.8,Yes,No,437.19,4.8,
S-15353,Northeast,Monthly Essentials,61.3,False,No,USD 35.32,,
S-10027,South,Monthly Essentials,41.1,True,False,640.82,6.2,
S-11275,South,Monthly Plus,69.6,1,0,$726.14,1.7,
S-18282,Northeast,Monthly Plus,84.0,False,No,$283.31,,
S-17829,South,Monthly Plus,98.8,False,False,"$1,271.04",,
S-13326,West,Monthly Plus,38.8,No,0,338.75,,
S-17478,West,Monthly Essentials,88.5,False,0,$264.14,,
S-14082,Midwest,Monthly Essentials,36.5,No,False,727.74,,
S-11128,Midwest,Monthly Essentials,63.6,True,0,691.11,11.6,
S-11145,Midwest,Monthly Plus,59.1,1,False,299.12,9.2,
S-18150,Northeast,Quarterly Bundle,79.6,No,Yes,1895.21,,shipping issues
S-17137,Midwest,Monthly Plus,91.6,0,No,USD 1391.02,,
S-12369,Midwest,Quarterly Bundle,84.7,Yes,0,USD 1292.17,4.6,
S-15754,West,Quarterly Bundle,74.2,False,False,807.99,,
S-12728,Northeast,Monthly Plus,82.1,True,0,623.32,12.9,
S-14603,Midwest,Monthly Essentials,41.4,0,No,213.81,,
S-16680,Northeast,Quarterly Bundle,80.7,No,No,1501.11,,
S-13398,Midwest,Monthly Plus,37.0,No,No,286.31,,
S-17656,Midwest,Quarterly Bundle,76.8,0,0,2022.87,,
S-18193,South,Monthly Plus,77.1,False,0,$451.72,,
S-10681,South,Monthly Plus,52.5,Yes,True,833.33,10.0,shipping issues
S-18191,South,Monthly Essentials,86.5,No,False,$648.78,,
S-16231,South,Quarterly Bundle,63.1,0,0,673.12,,
S-14824,Northeast,Quarterly Bundle,36.9,No,0,3405.61,,
S-11203,West,Monthly Plus,66.5,1,No,USD 1119.63,12.3,
S-17597,Midwest,Monthly Essentials,79.4,False,False,77.76,,
S-18138,Midwest,Monthly Plus,83.4,No,0,USD 1061.43,,
S-12504,South,Monthly Plus,77.9,Yes,No,254.59,5.5,
S-16079,South,Quarterly Bundle,71.3,0,False,757.89,,
S-12074,South,Quarterly Bundle,58.5,True,No,2709.90,13.4,
S-10284,West,Quarterly Bundle,36.0,True,Yes,569.05,4.3,
S-15405,Northeast,Monthly Plus,55.9,No,True,822.44,,shipping issues
S-12841,Northeast,Monthly Essentials,84.7,Yes,False,USD 493.38,2.0,
S-18108,Northeast,Quarterly Bundle,99.0,No,No,1561.75,,
S-13897,South,Monthly Plus,45.1,No,No,USD 478.50,,
S-13849,West,Monthly Plus,41.5,False,No,USD 462.41,,
S-12719,West,Monthly Essentials,93.8,True,No,$917.10,7.4,
S-11116,West,Monthly Plus,56.7,Yes,Yes,USD 857.09,10.7,bad support experience
S-16594,Northeast,Monthly Essentials,68.8,False,No,$38.86,,
S-12740,South,Quarterly Bundle,88.9,True,0,USD 3868.38,8.9,
S-17323,West,Monthly Essentials,81.3,No,No,USD 975.85,,
S-17617,Midwest,Monthly Essentials,87.3,0,False,860.79,,
S-18371,Midwest,Quarterly Bundle,96.1,No,Yes,812.59,,shipping issues
S-16145,Northeast,Monthly Essentials,59.3,No,No,425.73,,
S-16446,Northeast,Monthly Plus,68.1,0,0,"$1,093.90",,
S-16955,South,Quarterly Bundle,94.5,False,0,1070.92,,
S-15827,Northeast,Monthly Plus,71.6,False,No,USD 1490.71,,
S-10347,West,Monthly Essentials,49.1,Yes,No,$204.86,7.9,
S-15028,South,Monthly Plus,70.5,False,No,USD 1014.31,,
S-14294,Northeast,Monthly Plus,48.7,No,0,"$1,399.51",,
S-16134,South,Quarterly Bundle,56.2,False,0,2094.92,,
S-15236,South,Monthly Essentials,55.8,No,False,$437.12,,
S-14228,South,Monthly Essentials,49.1,No,False,114.54,,
S-17011,West,Monthly Essentials,93.7,0,False,420.74,,
S-15940,Northeast,Quarterly Bundle,63.8,No,No,"$1,510.08",,
S-11088,South,Monthly Essentials,59.8,Yes,False,$634.22,11.5,
S-14705,Midwest,Monthly Plus,45.8,No,0,1055.91,,
S-15829,Northeast,Monthly Plus,60.8,No,False,1370.28,,
S-12569,South,Quarterly Bundle,85.9,Yes,0,436.13,13.3,
S-10212,Midwest,Monthly Plus,52.7,1,No,"$1,189.28",13.3,
S-15547,West,Monthly Essentials,58.5,False,No,228.39,,
S-13820,Midwest,Monthly Essentials,53.1,0,No,$162.09,,
S-13844,West,Quarterly Bundle,39.1,False,1,163.50,,
S-17691,Northeast,Monthly Plus,84.2,0,No,931.49,,
S-11699,Northeast,Quarterly Bundle,73.7,True,True,"$1,193.50",2.3,paused indefinitely
S-13880,Midwest,Monthly Essentials,43.4,0,Yes,365.89,,poor quality
S-18257,West,Monthly Essentials,88.1,No,No,USD 82.89,,
S-13815,Midwest,Quarterly Bundle,35.5,No,False,USD 2683.81,,
S-15452,South,Monthly Essentials,59.6,No,False,$444.17,,
S-12519,West,Quarterly Bundle,99.5,1,No,3698.54,13.7,
S-14991,Midwest,Monthly Essentials,68.2,No,No,$329.12,,
S-11335,Northeast,Monthly Plus,64.0,1,0,55.97,1.7,
S-15662,West,Monthly Plus,63.4,No,No,662.97,,
S-15529,West,Quarterly Bundle,72.6,False,No,"$1,018.24",,
S-17513,West,Monthly Plus,83.7,No,0,USD 438.89,,
S-10409,Northeast,Monthly Plus,38.7,Yes,True,238.71,5.5,found alternative
S-15595,West,Monthly Plus,64.5,False,No,USD 1124.55,,
S-13747,West,Monthly Plus,52.6,False,No,340.27,,
S-11057,South,Quarterly Bundle,39.8,True,1,145.18,1.6,shipping issues
S-13842,Midwest,Quarterly Bundle,47.0,No,False,549.40,,
S-16215,West,Monthly Plus,59.4,False,No,USD 512.68,,
S-15696,South,Monthly Plus,69.4,No,False,$220.54,,
S-11023,Midwest,Monthly Plus,54.7,Yes,No,514.95,13.8,
S-13837,Midwest,Monthly Plus,37.5,False,0,1084.30,,
S-13374,West,Quarterly Bundle,49.3,False,True,1664.42,,no longer needed
S-16542,Northeast,Quarterly Bundle,61.3,No,No,$867.29,,
S-10848,Midwest,Monthly Essentials,42.1,Yes,Yes,639.56,10.7,bad support experience
S-14427,Northeast,Monthly Plus,51.1,No,No,$878.71,,
S-15478,West,Quarterly Bundle,55.6,False,False,USD 2853.78,,
S-14172,Northeast,Quarterly Bundle,37.1,No,No,1468.70,,
S-16062,South,Monthly Plus,66.5,No,0,$811.99,,
S-14481,West,Quarterly Bundle,47.7,0,0,"$2,925.91",,
S-12257,South,Monthly Essentials,90.0,True,True,$226.17,9.8,paused indefinitely
S-17559,Midwest,Monthly Essentials,77.3,False,No,$310.17,,
S-17249,Northeast,Monthly Essentials,96.2,No,False,492.82,,
S-14115,West,Monthly Essentials,36.0,No,No,642.16,,
S-12297,South,Monthly Essentials,95.5,True,0,213.07,7.9,
S-13313,South,Monthly Plus,45.1,No,False,1125.64,,
S-10025,South,Quarterly Bundle,53.4,True,1,3302.05,8.7,shipping issues
S-17372,South,Monthly Essentials,82.9,0,False,$729.99,,
S-13006,Midwest,Quarterly Bundle,75.8,1,False,144.70,4.1,
S-14534,South,Monthly Plus,52.4,False,No,224.42,,
S-10056,West,Monthly Plus,53.5,Yes,Yes,$764.55,12.6,moving/relocating
S-11016,Midwest,Monthly Plus,40.4,Yes,Yes,58.26,6.3,found alternative
S-15750,Northeast,Monthly Essentials,59.4,No,False,512.76,,
S-12482,Northeast,Monthly Essentials,78.8,Yes,No,494.83,3.0,
S-17283,South,Monthly Essentials,85.5,False,0,USD 256.54,,
S-10941,South,Monthly Essentials,43.3,Yes,True,573.05,3.1,
S-16199,South,Quarterly Bundle,55.1,0,False,USD 3122.46,,
S-12870,South,Monthly Essentials,95.1,True,No,$213.70,8.7,
S-13084,West,Monthly Essentials,91.6,Yes,Yes,$485.81,8.2,no longer needed
S-16672,Northeast,Monthly Essentials,70.8,False,0,USD 37.03,,
S-12465,West,Quarterly Bundle,88.6,Yes,False,USD 2859.53,6.6,
S-13076,South,Monthly Essentials,82.9,1,No,509.48,8.3,
S-14619,West,Monthly Plus,51.3,No,Yes,"$1,265.85",,too expensive
S-11330,South,Quarterly Bundle,56.8,True,0,2780.93,9.1,
S-14791,West,Monthly Plus,53.1,False,0,1150.86,,
S-17068,Northeast,Monthly Plus,97.8,False,No,$358.24,,
S-13141,West,Monthly Essentials,92.4,1,True,241.16,3.5,no longer needed
S-10950,South,Monthly Essentials,45.0,1,True,706.51,1.7,shipping issues
S-14318,Midwest,Quarterly Bundle,46.9,No,False,928.50,,
S-13272,West,Monthly Essentials,50.3,No,No,539.25,,
S-11331,South,Monthly Essentials,71.9,1,0,$37.19,1.5,
S-13550,Northeast,Monthly Essentials,53.9,No,0,429.83,,
S-10938,Midwest,Monthly Plus,52.4,True,True,$932.65,7.1,
S-14379,Northeast,Quarterly Bundle,54.9,False,No,2670.64,,
S-17491,Northeast,Quarterly Bundle,87.6,False,No,2954.13,,
S-14106,Midwest,Quarterly Bundle,48.3,0,No,2324.13,,
S-15437,South,Monthly Essentials,73.2,0,False,USD 594.67,,
S-14582,Northeast,Monthly Plus,48.9,No,False,USD 108.64,,
S-16977,South,Monthly Plus,87.3,No,0,175.37,,
S-15341,Northeast,Monthly Essentials,64.8,False,False,904.65,,
S-14402,West,Monthly Plus,37.8,0,True,"$1,000.10",,no longer needed
S-15780,Midwest,Quarterly Bundle,70.8,False,Yes,"$3,473.16",,
S-16739,West,Monthly Plus,78.2,No,0,1440.64,,
S-10898,Northeast,Monthly Plus,54.6,Yes,Yes,USD 1053.92,3.7,shipping issues
S-13099,West,Quarterly Bundle,98.6,True,0,USD 428.72,8.0,
S-13425,South,Quarterly Bundle,49.9,False,Yes,159.55,,paused indefinitely
S-14403,Midwest,Monthly Essentials,43.9,False,False,426.42,,
S-12099,South,Quarterly Bundle,74.9,Yes,No,1905.47,7.4,
S-17380,West,Quarterly Bundle,95.3,False,False,"$2,976.65",,
S-12223,West,Monthly Essentials,89.0,1,False,$830.45,7.9,
S-12340,West,Monthly Plus,80.1,True,Yes,$361.32,1.8,shipping issues
S-15038,Midwest,Quarterly Bundle,58.0,No,0,2972.27,,
S-14372,South,Monthly Essentials,49.7,False,True,357.81,,moving/relocating
S-18366,Northeast,Monthly Plus,92.6,False,False,USD 1254.71,,
S-16443,South,Quarterly Bundle,67.7,No,False,298.31,,
S-17417,Midwest,Monthly Plus,88.3,False,No,576.62,,
S-14262,West,Quarterly Bundle,41.6,False,0,3269.07,,
S-14400,West,Monthly Essentials,45.2,0,No,USD 794.64,,
S-13676,West,Quarterly Bundle,44.6,No,No,$162.18,,
S-17433,West,Quarterly Bundle,99.0,False,False,USD 433.82,,
S-10818,Midwest,Monthly Essentials,35.0,True,0,USD 436.00,2.9,
S-14472,Northeast,Quarterly Bundle,35.1,No,False,1249.21,,
S-14803,South,Monthly Plus,35.7,False,No,889.46,,
S-14446,West,Monthly Essentials,54.4,False,No,$699.15,,
S-17690,West,Quarterly Bundle,99.9,0,No,"$1,197.65",,
S-11277,West,Quarterly Bundle,68.6,True,No,"$3,592.57",8.7,
S-17292,West,Quarterly Bundle,87.7,No,False,856.65,,
S-13980,West,Monthly Plus,41.1,No,False,1126.95,,
S-15225,South,Monthly Essentials,68.2,No,No,595.39,,
S-13607,West,Monthly Essentials,44.4,0,No,578.69,,
S-14108,South,Monthly Plus,37.1,False,0,552.06,,
S-10776,West,Monthly Essentials,49.8,1,0,$264.77,5.1,
S-10712,West,Monthly Essentials,41.4,Yes,False,USD 783.16,0.8,
S-12798,South,Monthly Plus,86.5,True,1,567.47,6.3,shipping issues
S-16642,Northeast,Quarterly Bundle,70.7,False,False,628.43,,
S-15519,West,Monthly Essentials,63.4,No,Yes,147.62,,shipping issues
S-14120,West,Monthly Plus,46.4,No,Yes,116.70,,no longer needed
S-12783,South,Monthly Plus,83.9,Yes,False,$53.76,0.6,
S-18008,Northeast,Quarterly Bundle,88.7,False,No,"$1,700.60",,
S-10374,Midwest,Quarterly Bundle,42.8,Yes,Yes,"$2,139.13",9.1,too expensive
S-12751,Midwest,Monthly Plus,98.4,Yes,No,$257.82,6.5,
S-11597,South,Quarterly Bundle,60.2,Yes,0,2363.10,13.0,
S-18217,Midwest,Quarterly Bundle,93.9,No,False,"$3,514.99",,
S-10255,Midwest,Quarterly Bundle,39.6,True,True,"$3,437.17",13.3,no longer needed
S-13649,West,Monthly Plus,54.9,No,True,1286.70,,poor quality
S-16086,South,Monthly Essentials,61.1,False,0,$838.62,,
S-17547,West,Quarterly Bundle,80.7,No,No,"$2,785.71",,
S-18379,West,Monthly Plus,82.5,False,False,"$1,292.78",,
S-15742,West,Monthly Essentials,71.6,No,No,USD 639.58,,
S-17199,West,Monthly Essentials,94.2,False,False,414.45,,
S-11726,West,Monthly Essentials,58.9,True,No,$593.75,0.8,
S-14697,Northeast,Monthly Plus,46.5,False,False,1374.87,,
S-10809,West,Monthly Plus,40.3,True,True,USD 689.05,8.1,
S-16164,South,Quarterly Bundle,72.9,False,False,896.26,,
S-16936,West,Quarterly Bundle,91.9,No,No,287.66,,
S-14332,South,Quarterly Bundle,54.5,0,0,"$2,147.01",,
S-13794,South,Monthly Plus,45.2,No,No,$162.50,,
S-13863,West,Quarterly Bundle,46.7,0,0,1468.09,,
S-11096,Northeast,Quarterly Bundle,58.9,True,False,USD 1522.80,13.0,
S-18124,Northeast,Monthly Plus,88.2,No,0,$857.79,,
S-15275,Midwest,Monthly Essentials,57.8,False,No,818.34,,
S-11633,West,Monthly Essentials,63.8,1,Yes,$917.94,4.6,no longer needed
S-18398,Northeast,Quarterly Bundle,96.4,No,False,"$1,793.47",,
S-17760,Midwest,Quarterly Bundle,83.3,0,No,2816.48,,
S-10519,West,Monthly Plus,43.1,True,Yes,916.96,13.2,
S-10341,South,Monthly Plus,40.9,Yes,Yes,USD 425.67,10.1,
S-11294,Midwest,Monthly Plus,70.0,1,False,"$1,080.53",5.6,
S-13586,South,Monthly Plus,47.9,False,No,1109.78,,
S-14772,West,Quarterly Bundle,45.6,False,No,USD 649.86,,
S-10339,South,Quarterly Bundle,36.8,Yes,True,USD 2005.90,10.3,paused indefinitely
S-15150,Midwest,Monthly Plus,55.0,False,No,$107.30,,
S-10247,Northeast,Quarterly Bundle,54.0,Yes,Yes,3920.71,10.1,found alternative
S-10011,Northeast,Monthly Essentials,50.0,Yes,1,268.47,7.6,found alternative
S-15569,Northeast,Monthly Plus,74.6,False,0,874.62,,
S-16513,West,Quarterly Bundle,57.0,No,False,$850.47,,
S-13482,Midwest,Monthly Plus,54.5,0,0,543.02,,
S-10003,Midwest,Monthly Plus,53.3,1,False,$462.51,4.8,
S-17151,West,Quarterly Bundle,82.6,No,0,285.52,,
S-18058,West,Monthly Essentials,95.2,0,No,$861.18,,
S-11873,South,Monthly Essentials,56.3,1,Yes,$447.67,12.6,
S-15953,Midwest,Monthly Essentials,68.1,No,Yes,282.28,,moving/relocating
S-10308,West,Monthly Essentials,49.2,True,Yes,599.45,11.3,too expensive
S-16758,West,Monthly Essentials,79.0,0,False,724.95,,
S-10109,Midwest,Monthly Plus,49.0,Yes,1,USD 229.59,7.7,no longer needed
S-14208,Midwest,Quarterly Bundle,35.8,No,No,2032.05,,
S-15045,Northeast,Quarterly Bundle,55.1,No,False,1625.93,,
S-18384,Midwest,Monthly Essentials,77.2,No,True,628.91,,paused indefinitely
S-12910,Midwest,Quarterly Bundle,87.4,True,No,940.95,4.1,
S-10034,West,Quarterly Bundle,36.3,Yes,0,1672.27,12.8,
S-15359,South,Monthly Essentials,68.7,False,0,USD 864.13,,
S-14929,Midwest,Monthly Plus,45.5,0,False,437.79,,
S-13810,West,Monthly Essentials,36.4,No,0,122.66,,
S-11934,West,Quarterly Bundle,60.1,Yes,Yes,USD 1642.85,0.3,
S-13337,South,Quarterly Bundle,50.0,No,No,786.95,,
S-10626,Midwest,Monthly Essentials,54.8,True,True,78.66,12.0,poor quality
S-17111,Midwest,Monthly Essentials,91.2,No,False,$371.89,,
S-17752,Midwest,Quarterly Bundle,92.0,No,False,325.14,,
S-15818,Northeast,Monthly Plus,55.5,No,No,459.09,,
S-15058,Midwest,Monthly Essentials,68.6,No,No,$761.36,,
S-10989,West,Monthly Essentials,54.5,True,Yes,701.33,0.4,
S-18160,Northeast,Monthly Essentials,85.5,No,0,655.16,,
S-14177,Midwest,Monthly Plus,39.8,False,False,192.37,,
S-10272,Northeast,Quarterly Bundle,40.2,Yes,1,139.60,7.3,moving/relocating
S-11042,South,Monthly Essentials,36.4,1,False,539.88,12.8,
S-11751,West,Quarterly Bundle,73.2,1,False,USD 1476.54,3.1,
S-13032,Midwest,Monthly Plus,96.2,True,False,1090.19,9.4,
S-16967,Northeast,Monthly Plus,83.0,False,No,1478.15,,
S-17657,West,Quarterly Bundle,79.9,False,False,3751.80,,
S-18287,Northeast,Monthly Essentials,93.8,False,False,USD 500.54,,
S-10257,Midwest,Monthly Essentials,52.4,Yes,No,38.32,0.9,
S-11429,West,Quarterly Bundle,64.7,1,Yes,USD 2863.67,8.8,shipping issues
S-15656,South,Monthly Essentials,72.6,False,False,773.82,,
S-18320,South,Monthly Essentials,91.4,0,False,479.05,,
S-13811,South,Quarterly Bundle,38.7,False,No,3103.52,,
S-15363,South,Monthly Essentials,70.3,No,No,USD 513.31,,
S-16932,Midwest,Quarterly Bundle,80.1,False,No,1917.44,,
S-17857,South,Quarterly Bundle,87.3,No,No,3140.70,,
S-18284,Northeast,Quarterly Bundle,97.7,False,0,3211.66,,
S-14593,South,Monthly Plus,46.0,No,No,1374.26,,
S-14556,Northeast,Monthly Essentials,53.7,False,False,38.83,,
S-10041,South,Monthly Plus,49.4,True,True,"$1,086.19",11.0,bad support experience
S-13362,West,Monthly Plus,51.3,False,0,USD 865.68,,
S-11651,South,Quarterly Bundle,65.9,1,False,"$1,947.04",7.2,
S-12068,Midwest,Monthly Essentials,62.8,1,Yes,$277.80,0.6,poor quality
S-16858,South,Monthly Plus,80.1,No,No,1332.08,,
S-17486,Midwest,Monthly Plus,76.8,No,No,$912.16,,
S-17734,West,Monthly Plus,75.8,False,False,$975.29,,
S-10846,Northeast,Monthly Essentials,35.6,Yes,No,608.75,2.2,
S-18029,South,Monthly Essentials,84.0,No,False,USD 41.26,,
S-16930,Midwest,Quarterly Bundle,87.7,No,No,1792.73,,
S-17099,South,Monthly Essentials,80.5,No,False,$429.36,,
S-15489,Midwest,Monthly Essentials,56.3,No,False,326.94,,
S-13799,Northeast,Monthly Plus,36.2,No,False,"$1,154.66",,
S-11552,West,Monthly Plus,73.4,True,True,USD 617.39,1.5,poor quality
S-13882,West,Monthly Plus,43.0,False,No,$606.99,,
S-16789,Northeast,Monthly Plus,92.8,No,No,775.23,,
S-13382,West,Monthly Essentials,43.9,False,No,USD 433.64,,
S-16784,South,Monthly Plus,86.0,No,0,1241.16,,
S-15071,Northeast,Monthly Essentials,71.9,False,No,367.16,,
S-16413,Midwest,Monthly Plus,60.9,False,No,1042.04,,
S-16668,Northeast,Monthly Essentials,70.9,0,No,178.84,,
S-14021,Northeast,Quarterly Bundle,53.8,0,True,"$2,667.80",,found alternative
S-15199,Midwest,Monthly Essentials,68.8,No,No,USD 329.66,,
S-13008,West,Monthly Essentials,76.5,Yes,No,928.66,3.8,
S-15122,Midwest,Quarterly Bundle,56.7,False,False,3223.11,,
S-13349,South,Monthly Plus,46.3,False,False,USD 552.44,,
S-15901,Northeast,Monthly Essentials,74.9,No,False,USD 845.14,,
S-17173,West,Monthly Plus,91.6,False,False,USD 1253.81,,
S-12258,West,Monthly Plus,95.6,True,No,1542.49,11.7,
S-10090,South,Monthly Plus,46.9,1,False,1037.14,10.6,
S-15868,Northeast,Quarterly Bundle,67.1,No,0,2729.82,,
S-13203,South,Quarterly Bundle,76.0,Yes,Yes,USD 726.61,7.1,shipping issues
S-18164,West,Monthly Plus,90.9,No,False,775.59,,
S-13465,Northeast,Monthly Essentials,44.0,No,No,USD 194.76,,
S-10051,Midwest,Quarterly Bundle,37.0,1,True,USD 3086.34,11.1,moving/relocating
S-14173,Northeast,Monthly Plus,47.5,No,1,$375.83,,shipping issues
S-15343,West,Monthly Plus,74.1,0,No,$867.35,,
S-16543,South,Monthly Essentials,62.1,No,No,USD 75.55,,
S-15839,West,Quarterly Bundle,71.7,0,False,USD 1262.49,,
S-15813,South,Monthly Essentials,68.4,False,No,$647.62,,
S-16064,Northeast,Monthly Essentials,67.7,No,Yes,216.23,,moving/relocating
S-14669,Northeast,Monthly Essentials,51.9,0,True,USD 35.55,,too expensive
S-17951,South,Monthly Essentials,83.9,No,No,$314.55,,
S-13600,West,Monthly Plus,39.9,No,No,"$1,523.04",,
S-14860,Midwest,Monthly Essentials,48.9,No,True,USD 358.05,,
S-16194,South,Monthly Plus,73.9,0,No,270.36,,
S-17804,Northeast,Quarterly Bundle,96.1,No,No,USD 1998.03,,
S-10822,Northeast,Monthly Plus,48.9,Yes,False,507.09,6.8,
S-14956,West,Monthly Plus,43.2,False,0,$179.56,,
S-17897,South,Monthly Essentials,98.3,No,0,USD 568.34,,
S-17497,South,Monthly Plus,91.6,No,No,233.25,,
S-17913,South,Quarterly Bundle,78.9,False,No,3795.68,,
S-15925,Northeast,Monthly Essentials,72.5,0,True,$351.33,,no longer needed
S-16649,West,Quarterly Bundle,64.9,No,No,USD 149.45,,
S-12317,Midwest,Monthly Essentials,91.0,Yes,0,863.11,8.4,
S-14416,Northeast,Quarterly Bundle,36.9,No,Yes,"$3,819.99",,
S-17882,South,Monthly Essentials,90.6,No,0,$727.38,,
S-11723,Northeast,Monthly Plus,63.5,True,No,USD 1350.48,8.7,
S-12214,Midwest,Monthly Plus,99.0,Yes,No,$222.51,2.6,
S-14869,Midwest,Monthly Essentials,48.9,No,1,$75.74,,moving/relocating
S-17841,Midwest,Monthly Plus,88.8,No,Yes,$517.88,,poor quality
S-14198,South,Quarterly Bundle,35.5,0,No,USD 995.18,,
S-11169,South,Monthly Plus,67.2,Yes,No,$121.53,0.8,
S-13161,Midwest,Monthly Plus,87.5,True,No,450.99,10.7,
S-10692,West,Monthly Essentials,38.4,Yes,Yes,USD 678.32,12.6,
S-12502,Northeast,Monthly Essentials,75.7,1,False,$116.67,12.3,
S-16987,Midwest,Monthly Essentials,99.1,0,0,$816.93,,
S-11567,Northeast,Quarterly Bundle,75.0,1,Yes,USD 303.98,12.9,poor quality
S-16300,South,Monthly Plus,69.0,False,No,$627.98,,
S-13129,Northeast,Monthly Plus,89.8,1,0,1056.38,7.8,
S-15676,Northeast,Monthly Plus,58.6,No,No,348.83,,
S-18056,West,Quarterly Bundle,77.9,No,No,322.61,,
S-13049,South,Monthly Plus,88.0,Yes,No,USD 1345.43,2.4,
S-17414,Northeast,Quarterly Bundle,76.2,False,0,2006.08,,
S-10311,Northeast,Monthly Plus,38.2,Yes,True,$561.00,3.6,shipping issues
S-13496,West,Monthly Plus,47.4,False,False,USD 291.85,,
S-11365,Midwest,Quarterly Bundle,67.4,True,True,"$3,134.61",0.8,too expensive
S-15244,Midwest,Monthly Plus,58.4,No,False,572.02,,
S-16767,South,Quarterly Bundle,88.5,No,False,"$2,376.14",,
S-13274,South,Monthly Plus,51.7,0,False,"$1,070.25",,
S-10344,West,Quarterly Bundle,39.4,Yes,Yes,1902.34,5.6,bad support experience
S-12096,Midwest,Monthly Essentials,70.4,Yes,Yes,483.32,4.5,poor quality
S-13366,Midwest,Monthly Essentials,36.4,0,No,USD 977.13,,
S-11008,South,Monthly Essentials,54.4,Yes,Yes,760.66,2.3,bad support experience
S-11731,South,Quarterly Bundle,55.7,True,Yes,3670.17,10.4,paused indefinitely
S-15264,South,Monthly Plus,62.7,0,False,USD 665.55,,
S-11119,Midwest,Monthly Essentials,63.6,Yes,No,913.08,8.5,
S-15072,Midwest,Monthly Plus,59.6,No,True,$316.69,,
S-16003,Northeast,Monthly Essentials,60.1,No,True,$881.49,,paused indefinitely
S-11055,South,Monthly Essentials,43.9,Yes,True,759.31,11.3,poor quality
S-15393,Northeast,Monthly Plus,61.2,No,No,USD 489.79,,
S-10942,Northeast,Monthly Plus,52.0,Yes,True,867.11,10.1,bad support experience
S-14135,South,Quarterly Bundle,52.8,False,False,2985.70,,
S-17096,West,Quarterly Bundle,78.4,0,False,1568.31,,
S-10790,Midwest,Quarterly Bundle,50.9,1,False,"$1,434.88",10.4,
S-13200,Midwest,Monthly Essentials,97.8,True,1,USD 269.55,8.4,paused indefinitely
S-13593,South,Quarterly Bundle,54.2,False,False,USD 1896.56,,
S-10530,South,Monthly Plus,49.9,1,True,USD 114.21,1.3,
S-13570,Northeast,Monthly Plus,50.1,No,False,$281.23,,
S-10141,Northeast,Monthly Essentials,40.5,Yes,1,$116.58,5.6,no longer needed
S-16133,West,Monthly Plus,59.3,False,No,$437.61,,
S-16524,West,Monthly Plus,69.6,False,0,USD 559.55,,
S-16694,South,Monthly Essentials,83.5,False,No,$568.87,,
S-16250,South,Monthly Plus,69.9,False,0,973.53,,
S-11641,Northeast,Monthly Plus,68.2,Yes,1,"$1,084.82",7.1,poor quality
S-17344,Midwest,Monthly Essentials,87.0,False,No,397.55,,
S-10072,South,Monthly Plus,44.8,Yes,True,110.98,3.1,bad support experience
S-11894,Midwest,Monthly Plus,72.3,True,False,USD 806.10,5.2,
S-16841,Northeast,Monthly Plus,95.3,No,0,$584.98,,
S-17281,South,Quarterly Bundle,82.5,No,No,1631.92,,
S-16421,West,Monthly Essentials,73.4,False,0,597.13,,
S-17573,Midwest,Monthly Essentials,78.0,False,False,358.82,,
S-10397,Midwest,Monthly Essentials,35.9,True,0,266.64,7.6,
S-14151,West,Quarterly Bundle,39.4,0,False,USD 842.64,,
S-10414,West,Monthly Plus,41.5,Yes,True,914.72,8.5,shipping issues
S-10756,South,Monthly Essentials,46.8,True,True,883.76,10.9,shipping issues
S-10435,South,Monthly Essentials,54.2,True,True,$729.64,13.3,poor quality
S-13118,Northeast,Quarterly Bundle,96.1,1,False,2450.56,5.7,
S-13972,Northeast,Quarterly Bundle,52.0,False,No,USD 1612.14,,
S-11709,South,Monthly Plus,72.4,1,Yes,60.68,13.3,too expensive
S-15476,West,Monthly Essentials,70.5,No,0,821.24,,
S-13178,West,Quarterly Bundle,75.6,Yes,False,3051.81,1.4,
S-13813,South,Monthly Plus,53.8,0,False,"$1,495.16",,
S-14442,South,Monthly Essentials,45.2,No,No,$120.10,,
S-12629,South,Monthly Essentials,81.5,True,0,767.23,9.7,
S-13748,Northeast,Quarterly Bundle,50.4,No,False,1601.81,,
S-13584,Northeast,Monthly Plus,50.3,False,False,"$1,016.36",,
S-14024,Northeast,Monthly Essentials,49.2,False,False,USD 973.03,,
S-11171,South,Monthly Plus,61.9,Yes,1,$733.41,1.8,shipping issues
S-11899,Northeast,Monthly Plus,56.2,True,No,USD 289.48,12.5,
S-11195,Midwest,Monthly Plus,70.2,True,0,$743.64,8.5,
S-17347,Northeast,Monthly Essentials,85.6,0,No,295.84,,
S-12051,West,Monthly Plus,64.3,True,0,56.35,11.9,
S-18025,South,Quarterly Bundle,89.1,False,False,3247.92,,
S-13832,Northeast,Monthly Plus,47.4,0,No,$54.80,,
S-12853,West,Monthly Plus,85.1,True,No,248.60,10.7,
S-15643,South,Monthly Plus,66.8,False,No,USD 1285.25,,
S-13993,Midwest,Quarterly Bundle,39.3,0,False,3572.06,,
S-11683,West,Quarterly Bundle,71.2,Yes,Yes,1240.50,1.8,too expensive
S-17923,Northeast,Quarterly Bundle,99.4,No,No,"$2,079.28",,
S-14622,West,Monthly Plus,54.9,False,False,$630.81,,
S-12097,Midwest,Monthly Essentials,55.8,1,No,1021.16,1.7,
S-13468,South,Quarterly Bundle,40.8,No,1,"$1,569.64",,shipping issues
S-16340,Northeast,Monthly Plus,66.3,False,No,USD 644.66,,
S-11705,West,Quarterly Bundle,70.5,True,No,$300.59,2.3,
S-12660,West,Monthly Essentials,77.1,Yes,0,718.79,13.3,
S-13013,South,Monthly Plus,93.0,True,No,$559.01,4.4,
S-10439,Midwest,Monthly Plus,41.7,Yes,False,114.11,2.6,
S-10076,West,Monthly Essentials,46.6,True,1,384.18,10.1,poor quality
S-10361,South,Monthly Essentials,41.8,Yes,True,USD 253.44,6.2,paused indefinitely
S-13045,Northeast,Monthly Essentials,96.2,1,No,$162.07,10.6,
S-15446,Midwest,Quarterly Bundle,65.0,False,No,"$1,500.52",,
S-15004,Northeast,Monthly Plus,72.2,No,0,1029.66,,
S-14152,Northeast,Monthly Essentials,41.8,0,False,USD 223.64,,
S-12578,West,Quarterly Bundle,79.0,Yes,0,"$2,472.97",9.2,
S-12253,West,Quarterly Bundle,82.6,True,True,3599.35,5.5,bad support experience
S-16023,Midwest,Quarterly Bundle,59.0,False,No,1561.91,,
S-11519,South,Monthly Plus,57.5,Yes,Yes,$624.28,0.7,
S-16683,West,Quarterly Bundle,82.4,0,0,3215.34,,
S-16269,Northeast,Monthly Plus,66.8,False,0,304.26,,
S-16616,South,Monthly Plus,58.5,No,0,321.45,,
S-16564,Midwest,Monthly Essentials,66.6,No,0,$165.30,,
S-10346,Northeast,Quarterly Bundle,49.2,1,False,2265.55,4.8,
S-13338,South,Monthly Essentials,49.8,No,True,$342.80,,found alternative
S-17820,West,Monthly Plus,81.1,No,No,244.48,,
S-14760,Northeast,Quarterly Bundle,43.8,0,No,2423.44,,
S-11231,South,Monthly Plus,61.1,True,No,59.23,11.5,
S-14405,Northeast,Monthly Essentials,41.7,No,No,707.57,,
S-13540,West,Monthly Plus,48.0,No,False,1404.17,,
S-17534,Northeast,Monthly Essentials,95.4,No,0,$452.41,,
S-12063,South,Quarterly Bundle,70.4,Yes,False,2721.05,5.7,
S-10234,South,Quarterly Bundle,44.9,True,Yes,2195.77,9.7,too expensive
S-14630,Northeast,Quarterly Bundle,50.7,No,Yes,740.43,,paused indefinitely
S-10017,West,Quarterly Bundle,44.2,True,No,713.77,0.1,
S-14730,Northeast,Quarterly Bundle,35.6,False,1,963.00,,bad support experience
S-17584,South,Quarterly Bundle,81.0,False,False,"$3,549.40",,
S-14158,South,Quarterly Bundle,48.3,0,0,2784.29,,
S-17812,Northeast,Monthly Plus,77.0,False,False,$62.43,,
S-15178,South,Quarterly Bundle,57.0,0,False,2157.77,,
S-12446,South,Monthly Essentials,98.8,Yes,False,$537.98,4.8,
S-10465,South,Quarterly Bundle,48.4,Yes,Yes,3728.44,2.2,no longer needed
S-14094,Northeast,Monthly Plus,54.4,0,No,803.11,,
S-14170,West,Quarterly Bundle,50.7,0,True,USD 2454.55,,
S-15395,South,Quarterly Bundle,57.0,No,No,USD 1267.15,,
S-16433,West,Quarterly Bundle,71.0,No,False,$871.43,,
S-15277,Northeast,Quarterly Bundle,65.5,0,No,"$1,420.32",,
S-17985,Midwest,Monthly Plus,97.4,No,No,$959.06,,
S-11082,Midwest,Quarterly Bundle,71.5,1,0,1374.34,6.0,
S-18089,Northeast,Monthly Plus,81.2,No,0,503.75,,
S-13458,Midwest,Monthly Essentials,55.0,False,False,$784.24,,
S-16535,South,Monthly Plus,67.3,No,False,1337.91,,
S-16724,South,Monthly Essentials,79.3,0,No,80.74,,
S-13778,Midwest,Quarterly Bundle,42.9,No,0,"$1,323.54",,
S-13153,West,Monthly Plus,82.3,1,No,1060.28,11.8,
S-10429,Northeast,Quarterly Bundle,41.5,True,True,2072.82,6.2,shipping issues
S-14995,South,Monthly Essentials,70.0,False,False,$820.02,,
S-16577,West,Monthly Plus,74.0,False,False,USD 54.76,,
S-17765,Midwest,Monthly Plus,93.4,No,0,USD 1126.88,,
S-12114,Northeast,Monthly Essentials,62.9,True,Yes,343.53,5.6,found alternative
S-12610,West,Monthly Essentials,94.9,Yes,0,$122.40,4.1,
S-12079,South,Monthly Plus,55.9,True,True,"$1,214.25",11.7,no longer needed
S-15448,South,Quarterly Bundle,69.4,No,False,2943.73,,
S-14352,West,Monthly Essentials,41.7,False,False,USD 828.06,,
S-10481,West,Monthly Essentials,42.4,Yes,No,768.65,4.4,
S-17101,West,Quarterly Bundle,96.0,False,0,USD 1959.62,,
S-16582,Midwest,Monthly Plus,59.2,0,0,58.56,,
S-14627,West,Quarterly Bundle,36.0,False,0,"$1,364.24",,
S-17606,South,Monthly Plus,88.7,False,No,USD 1080.55,,
S-14844,Midwest,Quarterly Bundle,54.6,No,False,"$3,536.07",,
S-16196,West,Quarterly Bundle,69.5,False,0,316.92,,
S-17034,South,Monthly Plus,98.9,False,0,USD 1282.28,,
S-10490,Northeast,Monthly Plus,39.9,True,Yes,471.99,10.2,moving/relocating
S-16736,South,Monthly Essentials,84.5,No,No,291.22,,
S-14585,West,Quarterly Bundle,42.1,False,No,"$2,774.25",,
S-16161,West,Monthly Essentials,72.7,0,False,613.76,,
S-18315,South,Quarterly Bundle,87.6,False,False,414.93,,
S-12787,South,Quarterly Bundle,87.8,True,True,"$1,178.13",0.4,no longer needed
S-14176,South,Quarterly Bundle,53.8,No,1,USD 3905.89,,
S-14826,Northeast,Monthly Plus,35.5,No,False,USD 391.29,,
S-12049,South,Monthly Plus,68.1,True,True,62.58,12.9,paused indefinitely
S-18390,Midwest,Quarterly Bundle,90.6,No,False,1666.89,,
S-12251,South,Monthly Plus,92.1,True,0,360.42,13.4,
S-17929,West,Monthly Plus,78.5,No,0,$442.00,,
S-11776,South,Quarterly Bundle,68.8,True,False,$141.64,2.8,
S-14039,Northeast,Monthly Plus,36.7,False,No,USD 1047.88,,
S-12988,Midwest,Monthly Plus,94.1,Yes,No,753.63,9.4,
S-10970,Midwest,Monthly Plus,35.8,Yes,Yes,$979.69,11.6,moving/relocating
S-15537,Midwest,Monthly Essentials,73.1,No,No,559.35,,
S-10578,West,Quarterly Bundle,36.9,Yes,Yes,425.50,10.5,poor quality
S-10039,Midwest,Quarterly Bundle,35.7,True,0,"$1,810.59",7.4,
S-15467,South,Monthly Essentials,62.8,No,No,187.75,,
S-16576,South,Monthly Essentials,55.1,False,No,$217.58,,
S-12628,West,Monthly Essentials,95.6,1,No,USD 443.02,2.4,
S-10891,South,Monthly Plus,42.5,Yes,0,700.60,13.2,
S-12294,South,Quarterly Bundle,79.1,True,No,USD 1666.15,9.0,
S-12475,Midwest,Monthly Essentials,87.4,1,False,76.32,12.3,
S-13567,Midwest,Quarterly Bundle,52.7,No,No,3318.30,,
S-17475,Northeast,Quarterly Bundle,93.1,0,False,445.63,,
S-10440,Midwest,Quarterly Bundle,37.9,Yes,Yes,USD 326.36,10.9,shipping issues
S-14887,West,Quarterly Bundle,52.9,0,False,1172.38,,
S-10836,South,Monthly Essentials,52.3,True,True,706.26,7.7,bad support experience
S-18374,West,Quarterly Bundle,81.1,0,No,$845.55,,
S-14378,Midwest,Quarterly Bundle,51.9,False,No,"$2,884.83",,
S-13516,Northeast,Monthly Plus,40.3,No,No,992.01,,
S-16718,Midwest,Quarterly Bundle,79.6,False,False,"$1,358.63",,
S-14632,South,Monthly Essentials,51.6,No,1,$296.49,,shipping issues
S-16728,South,Monthly Essentials,86.0,No,False,212.20,,
S-10371,Northeast,Quarterly Bundle,44.4,1,True,"$3,158.57",7.2,shipping issues
S-12149,Northeast,Monthly Essentials,67.3,True,No,279.34,2.4,
S-11999,Midwest,Monthly Essentials,59.4,1,No,695.88,13.6,
S-10842,Midwest,Monthly Plus,51.0,True,True,"$1,277.03",13.0,too expensive
S-15751,West,Monthly Essentials,58.0,False,No,171.08,,
S-14395,Northeast,Monthly Essentials,48.3,False,Yes,USD 610.20,,moving/relocating
S-17483,Midwest,Monthly Essentials,83.7,No,No,$835.74,,
S-10083,Midwest,Quarterly Bundle,44.4,1,1,3607.45,13.1,
S-12675,Northeast,Quarterly Bundle,86.1,True,No,"$3,012.50",11.4,
S-10375,South,Quarterly Bundle,38.8,True,True,1875.45,12.2,bad support experience
S-15516,Midwest,Monthly Plus,62.6,False,0,626.90,,
S-12923,West,Quarterly Bundle,85.5,Yes,False,736.34,8.1,
S-13077,Northeast,Monthly Plus,75.5,Yes,No,"$1,408.60",7.4,
S-14456,Northeast,Monthly Plus,45.4,No,No,283.63,,
S-15866,Midwest,Monthly Essentials,74.1,False,False,USD 438.61,,
S-17456,South,Quarterly Bundle,94.2,No,No,$541.40,,
S-11741,Midwest,Monthly Essentials,56.6,Yes,False,611.73,3.6,
S-12861,West,Monthly Essentials,96.8,Yes,No,USD 464.21,8.3,
S-11980,Midwest,Quarterly Bundle,57.1,Yes,True,USD 2310.25,5.4,bad support experience
S-15333,Midwest,Monthly Plus,73.7,False,No,USD 1273.84,,
S-10001,South,Monthly Essentials,44.4,True,False,USD 344.15,7.1,
S-10783,Northeast,Monthly Essentials,53.7,True,1,416.16,2.6,no longer needed
S-12485,South,Quarterly Bundle,96.6,1,Yes,$763.51,0.2,bad support experience
S-12288,South,Monthly Essentials,98.6,1,No,510.19,9.3,
S-17066,Midwest,Quarterly Bundle,80.8,False,No,2384.95,,
S-10614,Northeast,Quarterly Bundle,54.7,Yes,1,"$2,839.62",7.0,paused indefinitely
S-15453,South,Monthly Plus,62.0,No,False,1296.93,,
S-15897,South,Monthly Plus,70.2,False,Yes,1327.66,,
S-17260,Midwest,Monthly Essentials,97.8,No,0,$502.14,,
S-11746,Northeast,Monthly Plus,62.3,Yes,0,USD 1129.70,8.9,
S-12773,Northeast,Monthly Essentials,95.9,1,1,USD 500.69,4.3,too expensive
S-12232,Midwest,Monthly Essentials,82.0,1,No,USD 890.73,3.3,
S-16424,Midwest,Monthly Essentials,63.2,False,No,292.78,,
S-12588,West,Monthly Essentials,98.0,1,Yes,40.60,5.9,paused indefinitely
S-10048,South,Monthly Essentials,53.2,Yes,True,USD 128.68,7.6,paused indefinitely
S-17185,West,Monthly Essentials,85.7,False,0,111.88,,
S-14029,Northeast,Monthly Plus,48.9,No,No,USD 1036.22,,
S-15629,Midwest,Monthly Essentials,71.6,No,0,$111.24,,
S-15658,Northeast,Monthly Plus,56.7,0,No,USD 56.49,,
S-14447,West,Monthly Plus,38.2,False,False,$745.42,,
S-10652,Midwest,Quarterly Bundle,54.0,Yes,No,1420.16,1.9,
S-16016,West,Monthly Essentials,74.2,0,False,USD 395.84,,
S-10005,West,Monthly Essentials,50.8,True,False,674.57,0.8,
S-18044,West,Monthly Plus,77.3,False,False,USD 277.71,,
S-13216,South,Monthly Plus,97.4,True,Yes,USD 1172.68,5.9,no longer needed
S-17558,Midwest,Quarterly Bundle,81.2,No,No,143.60,,
S-13123,West,Monthly Plus,88.8,True,True,USD 1287.14,13.3,too expensive
S-11529,Northeast,Monthly Plus,71.4,1,False,"$1,281.49",3.5,
S-18238,West,Monthly Essentials,92.4,False,False,675.91,,
S-16746,Midwest,Monthly Essentials,80.4,No,False,586.87,,
S-15160,Midwest,Monthly Plus,60.5,No,No,225.92,,
S-13502,West,Monthly Plus,40.8,0,No,878.01,,
S-11224,South,Quarterly Bundle,73.5,True,No,2598.33,5.7,
S-12164,West,Monthly Essentials,82.6,Yes,0,$679.11,4.1,
S-14780,South,Monthly Essentials,52.0,No,No,419.50,,
S-15095,Midwest,Monthly Plus,72.3,False,False,114.64,,
S-13202,South,Monthly Plus,89.1,True,No,673.27,6.0,
S-12657,Northeast,Monthly Essentials,96.7,Yes,0,645.04,9.1,
S-15655,Northeast,Monthly Essentials,68.3,No,0,$504.03,,
S-14679,Northeast,Monthly Essentials,35.5,No,Yes,$158.04,,bad support experience
S-12950,West,Quarterly Bundle,78.6,Yes,False,1312.23,0.9,
S-14784,Midwest,Quarterly Bundle,41.6,False,0,3245.95,,
S-13325,South,Quarterly Bundle,39.6,No,False,1230.47,,
S-11575,West,Monthly Plus,74.4,Yes,False,USD 420.94,1.7,
S-13229,Northeast,Monthly Plus,99.9,Yes,False,666.31,2.6,
S-15268,Northeast,Quarterly Bundle,58.1,False,True,293.05,,moving/relocating
S-16048,West,Monthly Essentials,57.8,No,No,$207.47,,
S-16270,West,Monthly Plus,63.0,False,False,114.75,,
S-11780,West,Monthly Plus,69.9,Yes,False,1381.67,4.6,
S-10830,Midwest,Monthly Plus,41.6,True,No,1229.45,0.5,
S-11947,West,Monthly Essentials,73.0,True,Yes,$770.39,0.3,
S-14376,West,Monthly Essentials,37.2,No,False,211.08,,
S-13391,West,Quarterly Bundle,36.6,No,No,993.61,,
S-13017,Midwest,Monthly Plus,82.9,Yes,True,1016.06,2.6,poor quality
S-10217,South,Quarterly Bundle,54.0,Yes,1,145.23,7.3,paused indefinitely
S-17633,Midwest,Monthly Plus,80.3,No,False,$698.28,,
S-13452,Northeast,Monthly Plus,41.9,No,1,$301.68,,paused indefinitely
S-14415,West,Monthly Essentials,52.6,False,False,$324.19,,
S-17869,Midwest,Monthly Plus,83.7,False,No,1082.76,,
S-14331,Northeast,Monthly Essentials,44.5,No,0,350.43,,
S-17255,Midwest,Quarterly Bundle,96.2,No,0,282.16,,
S-18245,Northeast,Quarterly Bundle,94.3,0,0,2901.29,,
S-10446,Northeast,Monthly Essentials,41.3,True,0,USD 443.96,2.4,
S-18327,Northeast,Monthly Essentials,99.9,False,No,257.25,,
S-11284,West,Monthly Plus,64.7,True,No,$825.28,0.2,
S-11089,Midwest,Monthly Plus,56.6,Yes,False,USD 642.55,3.2,
S-13941,South,Quarterly Bundle,40.1,No,Yes,1352.79,,moving/relocating
S-16477,West,Monthly Plus,55.8,False,No,$301.51,,
S-13616,West,Monthly Plus,53.8,No,False,$933.14,,
S-11135,South,Quarterly Bundle,55.1,Yes,True,2000.55,13.3,shipping issues
S-16343,West,Monthly Essentials,59.6,False,No,39.97,,
S-11941,West,Monthly Essentials,66.8,Yes,Yes,USD 124.46,4.2,paused indefinitely
S-13230,Midwest,Monthly Plus,78.7,1,True,1293.78,3.0,
S-15946,West,Monthly Essentials,62.8,No,No,USD 465.48,,
S-12567,West,Quarterly Bundle,80.7,Yes,No,"$2,336.80",4.3,
S-17402,Midwest,Monthly Essentials,89.2,0,False,580.07,,
S-13426,South,Quarterly Bundle,49.5,False,0,USD 1511.47,,
S-16410,Midwest,Monthly Essentials,66.1,No,0,38.74,,
S-17868,West,Quarterly Bundle,85.0,No,False,"$3,421.31",,
S-11260,West,Monthly Essentials,56.0,True,False,USD 555.02,9.3,
S-12066,Northeast,Quarterly Bundle,62.2,True,True,"$1,212.36",13.6,bad support experience
S-12533,South,Monthly Essentials,82.5,True,No,116.11,12.8,
S-17552,Northeast,Monthly Plus,98.4,No,No,USD 527.01,,
S-13770,South,Monthly Essentials,51.8,False,Yes,447.99,,
S-12704,Northeast,Quarterly Bundle,84.9,True,Yes,USD 1139.10,11.2,
S-15985,Northeast,Monthly Plus,74.9,False,False,$383.93,,
S-15279,Midwest,Monthly Essentials,73.3,False,No,857.75,,
S-14778,South,Quarterly Bundle,38.7,0,False,$418.36,,
S-14417,South,Monthly Essentials,38.3,No,True,701.53,,
S-15909,Midwest,Quarterly Bundle,57.7,No,No,USD 3466.08,,
S-16990,Midwest,Quarterly Bundle,76.5,No,No,"$1,566.06",,
S-13726,West,Quarterly Bundle,48.7,0,No,1021.02,,
S-17125,West,Monthly Plus,81.3,False,False,USD 784.17,,
S-15669,West,Monthly Essentials,58.4,No,False,842.97,,
S-10046,Midwest,Monthly Essentials,50.0,1,True,166.74,4.3,
S-16509,South,Quarterly Bundle,64.9,0,No,1603.55,,
S-10642,West,Monthly Essentials,46.4,True,False,123.31,2.6,
S-11212,South,Quarterly Bundle,58.9,1,0,"$2,166.83",10.7,
S-15035,South,Quarterly Bundle,64.1,False,0,2908.49,,
S-12762,Northeast,Quarterly Bundle,91.0,True,Yes,1534.99,8.6,
S-16743,South,Quarterly Bundle,75.1,No,0,$163.30,,
S-18381,Midwest,Monthly Essentials,76.2,0,No,604.29,,
S-17053,South,Monthly Essentials,86.0,No,No,709.33,,
S-12091,South,Monthly Essentials,58.6,True,False,274.07,3.7,
S-17622,West,Monthly Essentials,81.1,No,No,265.67,,
S-14498,West,Monthly Essentials,38.9,False,False,$858.79,,
S-17532,Midwest,Monthly Essentials,86.5,No,0,882.87,,
S-16156,South,Quarterly Bundle,64.0,False,False,2401.78,,
S-17160,West,Monthly Plus,87.9,False,No,883.25,,
S-15229,South,Monthly Essentials,64.8,False,No,$953.07,,
S-12694,Midwest,Monthly Plus,94.6,Yes,0,$439.17,9.1,
S-12468,South,Monthly Essentials,82.2,Yes,No,38.65,5.2,
S-15872,West,Quarterly Bundle,68.1,No,No,326.29,,
S-11544,Midwest,Monthly Plus,74.5,1,Yes,882.74,0.0,paused indefinitely
S-15886,Midwest,Monthly Essentials,67.4,False,False,750.79,,
S-11603,South,Quarterly Bundle,73.6,True,False,615.88,6.1,
S-13221,Northeast,Quarterly Bundle,83.6,Yes,No,"$1,453.70",5.0,
S-16522,Midwest,Monthly Essentials,61.3,False,True,558.72,,bad support experience
S-15253,West,Monthly Essentials,65.5,0,No,USD 682.08,,
S-16632,Northeast,Monthly Essentials,72.2,No,Yes,$294.43,,paused indefinitely
S-17609,Northeast,Quarterly Bundle,91.6,0,No,USD 1420.07,,
S-12080,Midwest,Monthly Essentials,70.5,Yes,0,536.35,13.2,
S-10100,West,Monthly Plus,45.7,1,Yes,USD 1076.41,6.3,poor quality
S-17272,Northeast,Monthly Essentials,81.9,No,0,$74.36,,
S-16471,Northeast,Quarterly Bundle,70.1,No,No,"$2,182.30",,
S-13671,West,Monthly Essentials,44.2,0,False,USD 237.39,,
S-12874,South,Monthly Essentials,98.6,True,No,$448.35,7.5,
S-11297,Midwest,Monthly Plus,74.8,Yes,Yes,$376.94,10.1,bad support experience
S-10093,West,Monthly Plus,49.8,1,False,229.44,7.2,
S-15272,Midwest,Quarterly Bundle,74.8,0,False,1691.80,,
S-10342,Northeast,Quarterly Bundle,39.5,Yes,1,3352.53,10.8,
S-14394,South,Quarterly Bundle,40.8,False,0,"$2,314.80",,
S-12273,Northeast,Monthly Plus,77.8,True,No,USD 632.74,7.8,
S-15220,West,Quarterly Bundle,58.6,No,1,$601.48,,bad support experience
S-15102,West,Monthly Essentials,55.9,0,False,$326.25,,
S-14243,Northeast,Quarterly Bundle,41.8,No,False,3824.79,,
S-14321,Midwest,Monthly Plus,40.5,No,True,$512.17,,paused indefinitely
S-10470,West,Monthly Plus,48.0,True,1,$651.67,9.3,shipping issues
S-14283,West,Quarterly Bundle,38.2,False,No,2233.21,,
S-17566,West,Quarterly Bundle,96.3,No,No,"$1,620.51",,
S-15782,Midwest,Monthly Essentials,64.9,False,False,$463.69,,
S-16099,Midwest,Quarterly Bundle,69.1,No,False,2672.97,,
S-13618,Midwest,Quarterly Bundle,42.1,0,No,"$2,759.62",,
S-18166,South,Monthly Plus,99.9,False,False,793.25,,
S-16626,South,Monthly Essentials,59.0,No,False,$996.49,,
S-12150,Midwest,Monthly Essentials,65.7,Yes,False,USD 498.49,8.0,
S-12265,South,Monthly Plus,75.2,1,No,$831.26,4.1,
S-16753,West,Monthly Plus,96.1,0,False,USD 794.08,,
S-16451,South,Quarterly Bundle,69.1,False,0,USD 1402.92,,
S-17165,South,Quarterly Bundle,96.2,0,No,USD 3714.49,,
S-17106,South,Monthly Essentials,98.0,False,True,237.54,,shipping issues
S-18069,West,Monthly Essentials,94.1,False,0,$440.03,,
S-10271,West,Monthly Essentials,39.4,Yes,1,884.49,12.9,too expensive
S-12417,Northeast,Monthly Plus,98.4,True,No,898.79,9.4,
S-13406,South,Monthly Plus,45.9,No,False,$356.61,,
S-13605,South,Monthly Plus,50.8,False,0,440.37,,
S-14155,South,Monthly Essentials,43.3,0,No,392.96,,
S-15054,Northeast,Monthly Essentials,59.7,False,0,712.98,,
S-15667,Northeast,Quarterly Bundle,70.9,False,False,USD 956.96,,
S-13437,Midwest,Quarterly Bundle,52.8,0,0,2657.39,,
S-14975,Northeast,Monthly Plus,62.3,No,False,USD 229.30,,
S-11707,South,Monthly Essentials,70.6,Yes,Yes,273.09,1.4,moving/relocating
S-12415,Midwest,Quarterly Bundle,79.0,Yes,No,USD 2583.60,4.4,
S-15806,Northeast,Monthly Essentials,63.6,False,False,163.32,,
S-15739,Midwest,Monthly Essentials,62.3,No,True,USD 649.06,,no longer needed
S-16324,Midwest,Quarterly Bundle,56.7,No,False,1269.40,,
S-17672,Midwest,Quarterly Bundle,99.2,False,0,3487.47,,
S-11859,West,Monthly Plus,68.3,True,False,$122.99,2.0,
S-14224,Midwest,Monthly Essentials,52.3,No,No,USD 876.81,,
S-14883,Northeast,Monthly Plus,51.7,False,1,719.39,,found alternative
S-17489,South,Monthly Essentials,88.5,False,No,515.53,,
S-10280,Northeast,Monthly Plus,52.6,True,No,USD 320.41,13.4,
S-10793,Midwest,Quarterly Bundle,35.9,Yes,1,"$2,218.52",5.6,found alternative
S-17379,South,Quarterly Bundle,97.0,No,False,2045.82,,
S-12205,Midwest,Quarterly Bundle,99.4,Yes,No,846.71,4.0,
S-11092,Northeast,Quarterly Bundle,67.4,Yes,True,USD 1303.65,5.1,shipping issues
S-16282,West,Monthly Essentials,65.0,No,False,$292.14,,
S-15765,Midwest,Monthly Essentials,65.2,No,False,$229.66,,
S-10200,West,Monthly Essentials,52.7,True,1,$501.67,6.1,shipping issues
S-10326,West,Monthly Essentials,35.2,Yes,True,$725.45,1.2,moving/relocating
S-13389,Midwest,Monthly Essentials,47.9,No,False,792.62,,
S-10896,Northeast,Monthly Plus,50.2,Yes,0,$409.92,9.2,
S-16054,West,Quarterly Bundle,72.9,No,0,297.74,,
S-17937,Northeast,Quarterly Bundle,79.9,No,False,USD 598.78,,
S-12936,West,Monthly Plus,90.0,Yes,False,$834.44,9.9,
S-17153,West,Monthly Essentials,90.3,No,0,$932.67,,
S-13182,South,Quarterly Bundle,76.7,1,True,434.47,2.7,paused indefinitely
S-15674,Midwest,Quarterly Bundle,59.8,No,False,1287.05,,
S-14905,South,Monthly Plus,40.5,0,False,55.52,,
S-12425,South,Monthly Plus,83.8,True,No,$520.61,9.8,
S-12460,Northeast,Quarterly Bundle,83.0,Yes,1,838.75,1.0,found alternative
S-13943,West,Monthly Essentials,49.7,No,True,USD 832.09,,no longer needed
S-16240,South,Monthly Plus,58.1,0,No,63.42,,
S-14016,Northeast,Monthly Essentials,41.1,False,0,73.06,,
S-16210,Northeast,Monthly Essentials,57.6,0,False,USD 803.52,,
S-16489,Midwest,Monthly Essentials,72.6,False,No,USD 802.66,,
S-12054,West,Quarterly Bundle,60.9,1,Yes,$972.96,4.7,poor quality
S-13662,Midwest,Quarterly Bundle,38.4,False,Yes,1578.41,,shipping issues
S-14779,West,Monthly Plus,38.5,False,No,USD 463.01,,
S-15027,Northeast,Monthly Plus,61.9,No,Yes,$624.51,,poor quality
S-12261,Northeast,Monthly Plus,79.7,True,No,USD 1135.75,11.2,
S-13023,South,Quarterly Bundle,94.6,True,Yes,$574.15,5.1,paused indefinitely
S-12573,South,Monthly Essentials,83.8,Yes,No,406.32,12.4,
S-12161,West,Monthly Plus,90.5,Yes,False,USD 1210.51,5.8,
S-15781,West,Monthly Plus,65.0,False,No,572.41,,
S-17723,West,Monthly Plus,90.2,0,False,56.76,,
S-13517,Northeast,Monthly Essentials,52.5,No,0,600.41,,
S-13107,West,Monthly Essentials,75.4,Yes,Yes,USD 999.80,4.5,paused indefinitely
S-16751,Northeast,Quarterly Bundle,87.8,No,No,480.90,,
S-10230,Midwest,Monthly Plus,46.0,Yes,Yes,612.53,1.6,bad support experience
S-12426,West,Monthly Essentials,83.2,Yes,No,$620.63,5.6,
S-17518,Northeast,Monthly Essentials,94.5,False,No,435.17,,
S-13603,West,Monthly Essentials,41.4,No,False,292.37,,
S-10899,South,Quarterly Bundle,53.5,1,True,2273.89,7.9,moving/relocating
S-13062,Northeast,Monthly Plus,85.8,Yes,False,"$1,365.39",13.2,
S-14931,Midwest,Monthly Plus,54.5,No,False,"$1,019.24",,
S-10300,Midwest,Quarterly Bundle,45.3,Yes,No,USD 2336.75,5.3,
S-16488,Midwest,Monthly Plus,56.2,No,0,485.81,,
S-17536,West,Monthly Plus,75.4,0,No,1202.26,,
S-12010,West,Monthly Plus,62.1,Yes,False,550.45,1.7,
S-11754,Northeast,Monthly Essentials,70.7,Yes,0,443.57,0.7,
S-12106,Northeast,Monthly Essentials,56.0,Yes,False,$877.63,2.5,
S-17613,Northeast,Monthly Plus,91.6,False,No,USD 881.27,,
S-17737,West,Monthly Essentials,87.3,No,False,$420.61,,
S-18317,West,Monthly Plus,93.7,0,0,USD 926.70,,
S-15418,South,Monthly Plus,72.5,False,No,1073.95,,
S-11318,Midwest,Monthly Plus,72.4,Yes,True,$819.87,10.4,moving/relocating
S-11956,West,Monthly Essentials,58.1,Yes,False,215.05,2.7,
S-15879,South,Monthly Essentials,55.7,No,1,611.24,,bad support experience
S-15768,Midwest,Monthly Essentials,64.4,False,False,USD 859.34,,
S-15429,West,Monthly Essentials,68.5,No,0,$946.28,,
S-13331,Midwest,Monthly Essentials,41.1,No,1,$156.65,,
S-13149,Northeast,Monthly Plus,100.0,1,Yes,$866.39,12.6,bad support experience
S-15528,West,Monthly Essentials,71.2,No,True,$545.26,,too expensive
S-11917,South,Quarterly Bundle,58.4,Yes,No,3308.98,9.8,
S-12711,Midwest,Monthly Essentials,88.6,Yes,False,81.37,6.5,
S-12605,Midwest,Monthly Plus,87.8,Yes,True,955.85,2.4,no longer needed
S-15083,West,Quarterly Bundle,60.7,No,1,3249.51,,no longer needed
S-17796,Midwest,Quarterly Bundle,80.5,0,False,"$3,245.35",,
S-11122,Northeast,Monthly Plus,63.9,True,1,350.86,7.7,no longer needed
S-12849,Midwest,Quarterly Bundle,78.5,1,0,2516.75,2.2,
S-15362,South,Quarterly Bundle,68.3,No,0,1977.68,,
S-10973,West,Monthly Essentials,37.1,Yes,No,568.56,4.3,
S-16254,West,Quarterly Bundle,70.2,0,False,USD 3176.86,,
S-12514,Midwest,Monthly Essentials,89.6,1,No,140.73,13.2,
S-16442,South,Quarterly Bundle,63.8,No,False,"$2,727.19",,
S-18228,Midwest,Quarterly Bundle,75.3,False,Yes,"$1,815.22",,no longer needed
S-13693,South,Monthly Plus,53.1,False,No,$187.52,,
S-11849,Northeast,Monthly Plus,73.0,1,Yes,1400.76,7.6,paused indefinitely
S-12462,South,Monthly Plus,89.1,True,No,431.42,12.0,
S-16175,South,Quarterly Bundle,71.0,No,False,1118.95,,
S-15934,Northeast,Monthly Plus,74.6,No,False,1331.59,,
S-10876,West,Quarterly Bundle,50.8,True,True,2516.27,3.7,moving/relocating
S-12767,Northeast,Quarterly Bundle,86.1,True,No,418.40,4.9,
S-17808,South,Quarterly Bundle,91.9,False,False,"$1,774.97",,
S-15029,West,Quarterly Bundle,61.7,False,No,148.62,,
S-14210,Northeast,Quarterly Bundle,50.4,No,False,USD 790.45,,
S-12887,Midwest,Monthly Plus,96.1,1,1,$829.48,12.4,paused indefinitely
S-13380,West,Quarterly Bundle,51.4,No,False,"$2,969.80",,
S-16333,Midwest,Quarterly Bundle,66.9,False,No,3417.61,,
S-13568,Midwest,Monthly Essentials,49.0,0,Yes,USD 391.49,,too expensive
S-12233,West,Quarterly Bundle,78.4,True,False,USD 2011.90,7.0,
S-12138,Midwest,Quarterly Bundle,59.2,True,No,"$2,656.03",4.1,
S-11384,West,Monthly Essentials,66.9,Yes,Yes,USD 952.09,1.1,moving/relocating
S-14558,South,Monthly Essentials,40.2,False,0,USD 750.93,,
S-15582,Northeast,Monthly Essentials,61.2,False,0,713.97,,
S-16741,Northeast,Monthly Essentials,84.0,False,No,$581.10,,
S-18394,South,Quarterly Bundle,97.7,False,No,1524.43,,
S-12844,South,Monthly Essentials,79.4,True,0,USD 541.70,3.0,
S-15589,South,Monthly Plus,66.2,No,False,1326.95,,
S-10707,South,Quarterly Bundle,36.7,Yes,True,2448.06,10.4,paused indefinitely
S-11005,West,Monthly Plus,39.6,1,0,USD 554.22,13.9,
S-11969,South,Monthly Plus,59.3,Yes,Yes,805.45,11.2,too expensive
S-11045,Northeast,Monthly Essentials,49.0,True,Yes,372.69,0.9,too expensive
S-18326,Northeast,Monthly Plus,77.9,No,False,768.11,,
S-17735,South,Monthly Essentials,75.2,False,False,805.39,,
S-10957,West,Quarterly Bundle,54.6,True,Yes,140.46,8.7,
S-17969,West,Monthly Plus,85.2,False,False,$727.43,,
S-12450,Northeast,Monthly Essentials,77.6,True,False,$457.11,12.2,
S-16336,Northeast,Monthly Essentials,68.1,0,False,USD 82.59,,
S-11621,South,Monthly Essentials,61.8,Yes,0,603.83,8.3,
S-11788,Midwest,Monthly Essentials,68.4,Yes,True,879.63,0.8,paused indefinitely
S-10222,Midwest,Monthly Plus,40.7,Yes,True,$503.30,9.5,bad support experience
S-13053,Northeast,Monthly Plus,82.1,True,1,708.33,3.4,too expensive
S-15397,Northeast,Quarterly Bundle,56.1,0,False,USD 746.73,,
S-13780,Northeast,Quarterly Bundle,44.5,No,0,3156.86,,
S-11461,West,Quarterly Bundle,67.0,1,True,3579.63,7.7,bad support experience
S-12921,Midwest,Monthly Plus,83.3,1,False,717.67,5.0,
S-14366,Midwest,Monthly Plus,43.8,False,False,USD 183.38,,
S-14954,Northeast,Quarterly Bundle,40.2,No,False,"$1,027.72",,
S-13562,Midwest,Quarterly Bundle,49.7,False,False,"$1,065.34",,
S-10499,Midwest,Quarterly Bundle,45.7,True,True,2734.76,8.1,paused indefinitely
S-14071,Northeast,Quarterly Bundle,52.3,False,No,721.26,,
S-13547,Midwest,Quarterly Bundle,53.5,No,False,1621.08,,
S-15964,West,Quarterly Bundle,69.2,False,False,$620.21,,
S-18078,West,Monthly Plus,94.2,False,No,$456.90,,
S-17714,Midwest,Monthly Essentials,92.8,No,False,253.17,,
S-10213,Northeast,Monthly Essentials,49.8,True,True,577.85,3.6,poor quality
S-10657,West,Quarterly Bundle,46.4,True,No,USD 1564.23,12.2,
S-14143,Northeast,Quarterly Bundle,48.2,0,False,1371.88,,
S-16407,Northeast,Monthly Essentials,70.5,No,False,$249.40,,
S-15173,South,Monthly Plus,71.1,0,No,USD 731.14,,
S-18258,South,Quarterly Bundle,88.0,No,No,$541.38,,
S-17442,West,Monthly Essentials,82.8,0,False,777.25,,
S-11054,West,Quarterly Bundle,36.8,1,Yes,USD 3607.98,4.9,no longer needed
S-18251,Northeast,Monthly Plus,99.7,No,0,641.91,,
S-14794,Northeast,Quarterly Bundle,55.0,No,No,145.21,,
S-14827,South,Monthly Essentials,42.0,No,False,$681.37,,
S-10189,Northeast,Monthly Plus,46.7,True,Yes,USD 1348.60,9.2,found alternative
S-16551,West,Quarterly Bundle,72.7,No,No,2335.96,,
S-11299,West,Monthly Essentials,56.7,1,No,USD 85.12,12.5,
S-11265,Northeast,Monthly Essentials,68.1,1,No,841.08,3.1,
S-12444,Northeast,Quarterly Bundle,85.0,Yes,False,"$2,530.20",10.4,
S-11160,Midwest,Monthly Plus,57.3,Yes,No,1245.05,2.0,
S-12512,Northeast,Monthly Essentials,79.5,True,0,322.33,12.3,
S-17791,South,Monthly Plus,76.7,No,No,"$1,002.22",,
S-15187,Midwest,Monthly Plus,64.2,False,False,$903.86,,
S-13462,Midwest,Quarterly Bundle,42.4,False,False,1403.79,,
S-16792,Midwest,Monthly Essentials,84.4,False,False,794.28,,
S-14550,Midwest,Monthly Plus,44.1,False,False,321.41,,
S-14551,Northeast,Monthly Essentials,45.3,False,0,585.97,,
S-15546,South,Monthly Plus,68.6,No,No,298.80,,
S-14204,Northeast,Monthly Essentials,40.9,No,0,USD 263.02,,
S-17251,West,Monthly Essentials,78.4,No,False,981.62,,
S-17576,Northeast,Quarterly Bundle,89.0,False,No,1066.67,,
S-13227,West,Monthly Essentials,94.0,True,False,USD 413.29,6.9,
S-11537,South,Monthly Essentials,60.3,True,True,73.51,2.6,moving/relocating
S-17308,Northeast,Monthly Plus,83.1,No,False,340.49,,
S-11481,Northeast,Quarterly Bundle,74.7,Yes,No,$945.16,2.1,
S-10840,West,Monthly Plus,38.2,True,0,USD 1349.43,12.7,
S-11620,Midwest,Monthly Plus,74.0,Yes,False,1211.89,11.0,
S-15255,South,Quarterly Bundle,62.5,0,No,2533.50,,
S-16973,South,Quarterly Bundle,81.0,False,No,3089.41,,
S-15202,Northeast,Quarterly Bundle,59.4,0,0,2159.78,,
S-18097,West,Monthly Essentials,80.0,No,False,755.90,,
S-17845,Midwest,Monthly Plus,87.4,0,False,588.75,,
S-12299,Midwest,Quarterly Bundle,77.5,True,No,289.67,4.1,
S-12349,South,Monthly Plus,84.3,1,No,797.60,2.1,
S-16169,Midwest,Quarterly Bundle,68.8,False,0,154.88,,
S-15673,Northeast,Quarterly Bundle,60.8,False,No,"$1,298.86",,
S-15539,West,Quarterly Bundle,70.7,False,0,1208.81,,
S-14347,Northeast,Monthly Essentials,52.0,No,0,405.97,,
S-10543,Midwest,Monthly Plus,40.4,1,True,"$1,427.64",9.1,moving/relocating
S-11978,South,Monthly Essentials,55.3,1,True,774.01,13.7,too expensive
S-14448,Northeast,Monthly Essentials,48.2,0,False,79.22,,
S-13019,West,Monthly Essentials,86.0,Yes,No,648.56,10.9,
S-11134,South,Quarterly Bundle,60.4,True,1,USD 784.91,10.4,bad support experience
S-13510,South,Quarterly Bundle,54.5,No,0,1525.51,,
S-12658,South,Quarterly Bundle,78.5,1,No,USD 2792.43,3.3,
S-16971,South,Monthly Plus,91.4,No,No,$466.09,,
S-14302,Northeast,Quarterly Bundle,37.6,False,False,135.83,,
S-15844,South,Monthly Plus,57.5,0,False,USD 1308.48,,
S-10914,Midwest,Monthly Plus,50.3,True,No,"$1,023.51",4.0,
S-10890,Midwest,Monthly Plus,52.1,Yes,True,60.96,13.2,no longer needed
S-17677,Northeast,Monthly Essentials,75.7,No,0,$355.51,,
S-11677,West,Quarterly Bundle,66.3,Yes,False,$159.67,0.7,
S-10595,Midwest,Monthly Essentials,51.5,1,True,691.70,0.1,found alternative
S-14514,Midwest,Monthly Plus,39.9,0,False,USD 1069.77,,
S-13716,Northeast,Quarterly Bundle,37.4,False,No,3704.15,,
S-17349,Northeast,Quarterly Bundle,99.7,No,0,"$1,541.58",,
S-18280,South,Monthly Essentials,99.5,False,No,$214.32,,
S-14817,Northeast,Monthly Plus,35.5,No,No,USD 499.44,,
S-13206,Northeast,Quarterly Bundle,88.1,1,No,"$2,249.42",7.7,
S-13533,Midwest,Monthly Plus,43.0,No,No,$763.57,,
S-17100,West,Monthly Essentials,89.7,No,False,670.54,,
S-10246,Northeast,Quarterly Bundle,46.6,Yes,0,USD 1594.43,12.6,
S-15335,Midwest,Monthly Plus,73.4,False,0,425.77,,
S-16517,South,Monthly Essentials,74.8,No,No,$586.67,,
S-11136,Northeast,Monthly Plus,69.9,True,Yes,930.95,6.2,no longer needed
S-14518,Midwest,Quarterly Bundle,50.0,False,No,$729.00,,
S-12633,South,Quarterly Bundle,86.2,True,Yes,"$2,212.78",0.5,poor quality
S-11692,Midwest,Quarterly Bundle,72.6,1,No,"$1,528.48",0.7,
S-10485,Northeast,Monthly Essentials,36.8,True,True,$397.88,1.4,too expensive
S-10616,West,Monthly Essentials,53.3,Yes,True,$878.76,6.1,found alternative
S-14153,West,Quarterly Bundle,44.2,False,False,161.63,,
S-11942,South,Quarterly Bundle,70.6,True,0,"$2,781.96",2.8,
S-18152,Midwest,Monthly Plus,92.4,0,0,$233.79,,
S-10533,Northeast,Monthly Essentials,47.2,1,0,USD 529.55,9.8,
S-17345,Midwest,Quarterly Bundle,78.2,No,No,USD 2216.62,,
S-16147,Northeast,Monthly Plus,65.3,0,No,516.61,,
S-16002,Midwest,Quarterly Bundle,73.2,No,False,"$2,781.56",,
S-14406,Northeast,Monthly Plus,52.2,No,No,538.74,,
S-10442,South,Monthly Essentials,44.9,True,False,893.98,4.3,
S-17992,Northeast,Quarterly Bundle,87.0,No,False,"$2,507.78",,
S-17531,Northeast,Monthly Essentials,93.9,False,False,153.00,,
S-12308,Midwest,Quarterly Bundle,93.1,Yes,False,1465.43,3.4,
S-10591,Midwest,Quarterly Bundle,45.9,1,0,$904.32,7.3,
S-17949,West,Monthly Essentials,80.8,No,No,382.52,,
S-16176,West,Quarterly Bundle,70.5,No,False,USD 1233.33,,
S-17214,Midwest,Quarterly Bundle,97.1,No,No,USD 727.90,,
S-13792,Midwest,Monthly Plus,54.5,0,No,$998.61,,
S-13387,Northeast,Quarterly Bundle,39.6,False,Yes,2197.78,,bad support experience
S-13846,South,Quarterly Bundle,43.8,No,No,"$1,785.07",,
S-15191,Northeast,Monthly Essentials,62.8,0,No,USD 382.59,,
S-15835,Midwest,Quarterly Bundle,65.3,0,No,"$3,741.37",,
S-15020,South,Monthly Plus,71.7,False,No,843.25,,
S-16041,Northeast,Monthly Essentials,69.1,0,False,USD 452.16,,
S-10512,South,Monthly Essentials,54.3,Yes,0,908.15,13.6,
S-11015,West,Quarterly Bundle,38.5,1,Yes,874.53,13.8,
S-15933,South,Monthly Essentials,55.3,No,False,$589.21,,
S-12847,South,Quarterly Bundle,92.1,True,No,USD 1215.40,3.1,
S-13292,West,Quarterly Bundle,37.2,No,False,"$2,711.25",,
S-14897,South,Monthly Plus,35.5,False,False,1303.40,,
S-17725,Midwest,Monthly Essentials,88.0,False,False,$236.22,,
S-16860,South,Monthly Plus,96.3,False,0,"$1,410.62",,
S-15920,Midwest,Monthly Essentials,61.8,False,False,USD 807.31,,
S-11590,Northeast,Monthly Essentials,71.9,True,No,37.73,6.0,
S-14716,Midwest,Monthly Essentials,40.4,False,False,645.32,,
S-12397,South,Quarterly Bundle,75.4,Yes,No,1894.68,12.7,
S-16102,South,Quarterly Bundle,67.1,False,0,"$2,181.79",,
S-13816,Midwest,Monthly Plus,40.6,False,False,740.37,,
S-13193,West,Monthly Essentials,90.9,True,True,$695.74,12.2,found alternative
S-10114,Midwest,Quarterly Bundle,53.8,Yes,Yes,2634.24,10.8,bad support experience
S-12526,West,Monthly Essentials,78.4,True,Yes,259.83,0.8,bad support experience
S-10386,West,Quarterly Bundle,51.0,True,True,USD 156.16,2.0,moving/relocating
S-16613,Midwest,Quarterly Bundle,63.5,False,No,"$2,484.61",,
S-16021,West,Monthly Essentials,65.9,False,No,$782.84,,
S-15884,South,Monthly Plus,65.8,No,False,179.36,,
S-15215,South,Monthly Essentials,55.8,0,False,196.66,,
S-11080,West,Monthly Essentials,58.6,1,False,182.95,5.6,
S-10418,Midwest,Monthly Essentials,44.4,1,False,$569.59,7.1,
S-14392,South,Monthly Plus,46.8,No,0,USD 63.34,,
S-16138,South,Quarterly Bundle,61.5,No,Yes,"$1,362.37",,bad support experience
S-12374,South,Monthly Essentials,98.1,Yes,No,USD 409.48,8.4,
S-14078,Midwest,Quarterly Bundle,44.7,False,False,"$3,165.02",,
S-16945,West,Monthly Essentials,96.0,No,False,USD 263.98,,
S-13400,South,Monthly Essentials,49.7,No,True,443.90,,no longer needed
S-17575,Northeast,Quarterly Bundle,91.9,No,0,1851.82,,
S-12228,West,Monthly Plus,82.2,True,Yes,$564.50,7.0,poor quality
S-16769,South,Quarterly Bundle,88.4,0,No,569.61,,
S-15471,West,Monthly Essentials,65.1,No,No,USD 671.03,,
S-11159,South,Quarterly Bundle,68.4,True,0,1553.30,4.0,
S-13734,Northeast,Monthly Essentials,50.9,False,No,513.32,,
S-17299,South,Quarterly Bundle,93.8,No,No,703.00,,
S-15240,South,Monthly Plus,68.7,False,True,1074.54,,found alternative
S-11971,Northeast,Quarterly Bundle,68.0,True,False,"$1,914.12",8.0,
S-18061,Midwest,Quarterly Bundle,87.4,False,False,2292.47,,
S-15843,Midwest,Quarterly Bundle,57.5,No,False,462.18,,
S-17059,West,Quarterly Bundle,97.7,False,False,2032.49,,
S-17177,Midwest,Monthly Plus,88.8,0,False,902.76,,
S-15623,Northeast,Quarterly Bundle,59.8,False,No,USD 1528.50,,
S-15151,West,Monthly Essentials,60.4,0,0,189.02,,
S-10862,Midwest,Monthly Plus,35.0,1,True,$883.74,7.5,too expensive
S-12919,Midwest,Quarterly Bundle,76.0,True,No,2961.42,10.6,
S-12457,Northeast,Monthly Plus,82.4,1,False,839.74,6.2,
S-16786,Midwest,Monthly Essentials,75.5,No,0,$511.20,,
S-10697,West,Monthly Plus,40.3,Yes,Yes,$127.53,2.6,
S-11769,Northeast,Quarterly Bundle,56.0,1,True,USD 2194.27,7.6,too expensive
S-14063,Midwest,Quarterly Bundle,40.9,0,No,316.52,,
S-13041,West,Monthly Plus,83.8,1,0,708.16,3.4,
S-18387,Northeast,Quarterly Bundle,87.6,No,No,443.21,,
S-14553,Northeast,Monthly Essentials,51.4,False,No,$83.43,,
S-12679,South,Monthly Essentials,80.2,True,No,$74.08,9.3,
S-11815,South,Monthly Essentials,63.8,True,True,USD 251.65,2.4,moving/relocating
S-10934,South,Monthly Plus,50.7,True,Yes,$190.56,4.1,found alternative
S-10860,Northeast,Quarterly Bundle,46.7,Yes,No,USD 687.36,6.5,
S-10714,Midwest,Monthly Plus,43.7,True,0,1049.01,3.0,
S-11496,West,Monthly Plus,64.3,Yes,1,USD 192.74,1.2,moving/relocating
S-12090,Northeast,Quarterly Bundle,70.1,True,True,USD 2643.55,5.7,no longer needed
S-13492,West,Quarterly Bundle,35.1,False,No,1025.77,,
S-15427,West,Monthly Plus,57.8,No,No,1029.38,,
S-16960,Midwest,Monthly Plus,84.9,False,No,1209.17,,
S-16014,South,Monthly Essentials,55.9,0,No,$373.12,,
S-13265,Midwest,Monthly Essentials,42.1,False,True,762.02,,poor quality
