EmployeeID,FullName,Department,JobRole,HireDate,TermDate,MonthlyIncome,Age,Gender,TenureYears,EnvironmentSatisfaction,JobInvolvement,JobSatisfaction,RelationshipSatisfaction,WorkLifeBalance,Attrition
E-1438,Ivan Okafor,Engineering,QA Analyst,2026-05-09,,6878.0,41,Male,0.38,3.0,2.0,2.0,,3.0,No
E-2426,Miguel Nakamura,Sales,Sales Development Rep,2017-02-25,,6304.0,29,Female,9.58,2.0,2.0,2.0,3.0,3.0,No
E-1184,Omar Nakamura,Engineering,Software Engineer,2020-06-18,,7134.0,56,Female,6.27,3.0,3.0,3.0,3.0,3.0,No
E-1475,Priya Weber,Engineering,QA Analyst,2020-09-06,,,30,Male,6.05,2.0,3.0,2.0,2.0,2.0,No
E-2160,Nadia Andersson,Sales,Account Executive,2022-06-29,,7045.0,29,Female,4.24,2.0,,3.0,3.0,3.0,No
E-1205,James Lindgren,Engineering,Software Engineer,2011-10-14,,,55,Male,14.95,3.0,2.0,2.0,,,No
E-1789,James O'brien,Engineering,Support Engineer,2020-04-20,,7182.0,33,Male,6.43,3.0,2.0,2.0,2.0,2.0,No
E-1772,Quinn Nair,Engineering,Support Engineer,2026-04-10,,6825.0,61,Female,0.46,3.0,3.0,3.0,2.0,2.0,No
E-1873,Sofia Nakamura,Engineering,Engineering Lead,2020-05-20,2026-09-25,5660.0,28,Male,6.35,3.0,3.0,2.0,2.0,2.0,Yes
E-1065,Oscar Garcia,Engineering,Software Engineer,2020-06-25,2026-09-25,5184.0,33,Male,6.25,2.0,,2.0,2.0,3.0,Yes
E-1913,Miguel Haddad,Engineering,Engineering Lead,2019-11-01,,6327.0,31,Male,6.9,3.0,2.0,3.0,,3.0,No
E-1179,Wei Novak,Engineering,Software Engineer,2014-05-09,,6686.0,47,Female,12.38,3.0,2.0,3.0,3.0,3.0,No
E-1418,Igor Ivanov,Engineering,QA Analyst,2018-03-04,,6071.0,51,Male,8.56,2.0,3.0,3.0,3.0,2.0,No
E-2341,Rosa Okafor,Sales,Account Executive,2022-08-27,,5814.0,34,Male,4.08,3.0,,3.0,3.0,2.0,No
E-1682,Noah Novak,Engineering,Data Engineer,2026-02-14,,6792.0,29,Female,0.61,3.0,3.0,3.0,3.0,3.0,No
E-1490,Kenji Santos,Engineering,QA Analyst,2020-06-14,,7313.0,35,Male,6.28,3.0,2.0,2.0,3.0,2.0,No
E-1333,Rosa Wei,Engineering,Software Engineer,2021-09-28,,5806.0,32,Male,4.99,3.0,2.0,3.0,3.0,3.0,No
E-1292,Okafor Rossi,Engineering,Software Engineer,2019-12-22,,6623.0,43,Female,6.76,3.0,3.0,3.0,3.0,2.0,No
E-2417,Talia Farah,Sales,Sales Development Rep,2024-01-09,,6166.0,47,Female,2.71,3.0,3.0,3.0,3.0,3.0,No
E-1487,Paul Okafor,Engineering,QA Analyst,2024-02-07,,6651.0,29,Female,2.63,3.0,2.0,3.0,3.0,3.0,No
E-1881,Emma Silva,Engineering,Engineering Lead,2022-09-21,,7287.0,26,Male,4.01,3.0,2.0,2.0,3.0,2.0,No
E-1429,Oscar Kim,Engineering,QA Analyst,2022-08-19,,7011.0,21,Female,4.1,3.0,2.0,3.0,3.0,3.0,No
E-1658,Quinn Farah,Engineering,Data Engineer,2024-05-31,,6519.0,57,Male,2.32,2.0,3.0,2.0,3.0,3.0,No
E-1277,Anna Kim,Engineering,Software Engineer,2020-04-06,,6402.0,39,Male,6.47,2.0,3.0,2.0,3.0,3.0,No
E-2499,Hana Kim,Sales,Sales Manager,2022-01-20,,5551.0,35,Male,4.68,2.0,3.0,3.0,3.0,3.0,No
E-1604,Ivan Wei,Engineering,Data Engineer,2026-08-19,2026-09-25,5259.0,24,Male,0.1,3.0,2.0,3.0,2.0,2.0,Yes
E-1502,Zoe Smith,Engineering,QA Analyst,2014-08-05,,6745.0,31,Male,12.14,2.0,3.0,3.0,3.0,3.0,No
E-2289,Ivan Wei,Sales,Account Executive,2026-03-30,,5941.0,30,Female,0.49,3.0,3.0,2.0,2.0,,No
E-2246,Noah Nair,Sales,Account Executive,2024-04-09,,6625.0,54,Male,2.46,2.0,3.0,3.0,3.0,2.0,No
E-1823,Lara Kim,Engineering,Support Engineer,2020-09-10,,8057.0,60,Male,6.04,3.0,3.0,,3.0,3.0,No
E-1859,Okafor Weber,Engineering,Support Engineer,2016-10-16,,7482.0,28,Female,9.94,3.0,3.0,2.0,2.0,2.0,No
E-2155,David Garcia,Sales,Account Executive,2017-07-28,,6242.0,36,Female,9.16,3.0,3.0,3.0,3.0,2.0,No
E-1450,Lucas O'brien,Engineering,QA Analyst,2007-05-31,,7078.0,53,Male,19.32,2.0,3.0,,2.0,3.0,No
E-2344,Talia Kim,Sales,Account Executive,2020-08-08,,6554.0,37,Female,6.13,2.0,3.0,3.0,3.0,3.0,No
E-2425,Maria Wei,Sales,Sales Development Rep,2022-05-27,,5798.0,49,Male,4.33,2.0,3.0,3.0,2.0,3.0,No
E-2414,Li Ivanov,Sales,Sales Development Rep,2024-07-17,,,35,Male,2.19,3.0,3.0,3.0,3.0,3.0,No
E-2302,Fatima Silva,Sales,Account Executive,2015-02-14,,6440.0,59,Female,11.61,3.0,3.0,,3.0,2.0,No
E-2322,Talia Silva,Sales,Account Executive,2014-04-17,,5633.0,40,Female,12.44,2.0,3.0,3.0,3.0,3.0,No
E-1914,Igor Okafor,Engineering,Engineering Lead,2022-07-25,,7557.0,53,Female,4.17,2.0,3.0,3.0,3.0,3.0,No
E-1272,Julia Duarte,Engineering,Software Engineer,2005-06-18,,7070.0,20,Male,21.27,3.0,2.0,3.0,3.0,3.0,No
E-1977,Yusuf Novak,Engineering,Engineering Manager,2026-06-11,,6253.0,38,Female,0.29,3.0,3.0,,3.0,3.0,No
E-1690,Kenji Wei,Engineering,Data Engineer,2022-04-14,,6679.0,27,Male,4.45,3.0,3.0,3.0,2.0,3.0,No
E-2352,James Santos,Sales,Sales Development Rep,2023-10-03,2026-09-25,6013.0,44,Male,2.98,2.0,3.0,2.0,3.0,3.0,Yes
E-1222,Hana O'brien,Engineering,Software Engineer,2023-11-04,,7466.0,19,Male,2.89,2.0,3.0,3.0,3.0,2.0,No
E-1064,Miguel Chen,Engineering,Software Engineer,2026-06-15,2026-09-25,5852.0,36,Female,0.28,3.0,3.0,3.0,3.0,3.0,Yes
E-1934,Emma Wei,Engineering,Engineering Lead,2022-08-27,,6810.0,46,Female,4.08,3.0,3.0,2.0,3.0,3.0,No
E-2286,Igor Haddad,Sales,Account Executive,2017-06-11,,6741.0,34,Male,9.29,3.0,3.0,3.0,3.0,2.0,No
E-1061,Nina Haddad,Engineering,Software Engineer,2013-01-12,2026-09-25,5582.0,29,Male,13.7,3.0,,3.0,2.0,,Yes
E-1509,Mei O'brien,Engineering,QA Analyst,2022-03-08,,6598.0,40,Male,4.55,3.0,2.0,2.0,3.0,2.0,No
E-1865,Vera Silva,Engineering,Support Engineer,2024-09-14,,7375.0,42,Female,2.03,3.0,3.0,3.0,2.0,3.0,No
E-1893,Omar Santos,Engineering,Engineering Lead,2023-10-21,,,27,Male,2.93,3.0,3.0,3.0,2.0,3.0,No
E-1004,Miguel Rossi,Human Resources,HR Partner,2026-01-16,2026-09-25,4282.0,38,Male,0.69,3.0,2.0,2.0,3.0,3.0,Yes
E-2497,Miguel Chen,Sales,Sales Manager,2021-12-14,,,46,Female,4.78,3.0,3.0,2.0,3.0,3.0,No
E-1567,Kenji Chen,Engineering,QA Analyst,2024-06-14,,7489.0,35,Male,2.28,2.0,,2.0,3.0,3.0,No
E-2351,Aisha Haddad,Sales,Sales Development Rep,2026-07-10,2026-09-25,5345.0,34,Female,0.21,2.0,,2.0,2.0,3.0,Yes
E-1736,Maria Wei,Engineering,Data Engineer,2014-09-10,,7006.0,40,Male,12.04,,2.0,3.0,,3.0,No
E-2370,Zoe Wei,Sales,Sales Development Rep,2024-01-20,2026-09-25,5490.0,24,Male,2.68,2.0,2.0,2.0,3.0,3.0,Yes
E-2086,David Nair,Sales,Account Executive,2017-10-24,2026-09-25,5381.0,52,Female,8.92,3.0,3.0,3.0,3.0,3.0,Yes
E-2204,Aisha Santos,Sales,Account Executive,2024-08-26,,6444.0,32,Male,2.08,3.0,3.0,3.0,3.0,3.0,No
E-1962,Noah Rossi,Engineering,Engineering Manager,2020-05-16,,,36,Male,6.36,3.0,3.0,3.0,2.0,3.0,No
E-2062,Emma Santos,Sales,Account Executive,2022-09-14,2026-09-25,5808.0,27,Female,4.03,3.0,3.0,3.0,3.0,3.0,Yes
E-1090,Umar Rossi,Engineering,Software Engineer,2020-05-20,2026-09-25,6762.0,50,Male,6.35,3.0,2.0,3.0,,3.0,Yes
E-2290,Ivan Farah,Sales,Account Executive,2022-01-16,,6026.0,58,Female,4.69,2.0,3.0,3.0,3.0,3.0,No
E-1188,Nina Ivanov,Engineering,Software Engineer,2022-02-03,,,29,Female,4.64,3.0,,3.0,3.0,2.0,No
E-2046,Okafor O'brien,Sales,Account Executive,2026-04-10,2026-09-25,5876.0,45,Male,0.46,2.0,3.0,2.0,2.0,3.0,Yes
E-1343,Li Haddad,Engineering,QA Analyst,2022-05-31,2026-09-25,6391.0,38,Male,4.32,,2.0,3.0,2.0,3.0,Yes
E-1283,Ivan Kowalski,Engineering,Software Engineer,2013-07-28,,6865.0,36,Male,13.16,3.0,,2.0,,3.0,No
E-1437,Sven Kowalski,Engineering,QA Analyst,2020-09-10,,6350.0,41,Male,6.04,2.0,3.0,2.0,3.0,3.0,No
E-1635,Zoe Popescu,Engineering,Data Engineer,2024-02-22,,6954.0,30,Male,2.59,3.0,3.0,3.0,3.0,2.0,No
E-2430,Anna Wei,Sales,Sales Development Rep,2023-10-17,,6641.0,24,Male,2.94,2.0,3.0,2.0,3.0,3.0,No
E-2320,Lara Lindgren,Sales,Account Executive,2017-02-18,,5555.0,63,Male,9.6,3.0,2.0,2.0,2.0,2.0,No
E-1301,Omar Duarte,Engineering,Software Engineer,2019-12-11,,7117.0,61,Male,6.79,3.0,3.0,,3.0,,No
E-2060,Noah Ivanov,Sales,Account Executive,2024-02-07,2026-09-25,5447.0,31,Male,2.63,2.0,3.0,3.0,3.0,3.0,Yes
E-1879,Lucas Lindgren,Engineering,Engineering Lead,2020-01-16,,6355.0,43,Female,6.69,3.0,3.0,3.0,3.0,3.0,No
E-1074,Emma Silva,Engineering,Software Engineer,2025-11-11,2026-09-25,5504.0,25,Female,0.87,2.0,2.0,3.0,2.0,3.0,Yes
E-2475,Wei Osei,Sales,Sales Manager,2021-12-14,,6388.0,26,Female,4.78,3.0,3.0,3.0,3.0,2.0,No
E-2304,Umar Nakamura,Sales,Account Executive,2022-02-22,,6749.0,49,Male,4.59,2.0,3.0,3.0,,3.0,No
E-1084,Zoe Lindgren,Engineering,Software Engineer,2022-05-09,2026-09-25,6471.0,37,Female,4.38,3.0,3.0,3.0,2.0,3.0,Yes
E-1527,John Kim,Engineering,QA Analyst,2019-11-12,,6419.0,35,Male,6.87,3.0,3.0,,3.0,3.0,No
E-1618,Sven Wei,Engineering,Data Engineer,2026-05-13,,7446.0,57,Male,0.37,3.0,3.0,3.0,2.0,3.0,No
E-1472,Li Haddad,Engineering,QA Analyst,2018-09-18,,6707.0,37,Female,8.02,2.0,3.0,3.0,2.0,3.0,No
E-2474,Ivan Nair,Sales,Sales Manager,2020-01-13,,6555.0,42,Male,6.7,3.0,3.0,2.0,3.0,3.0,No
E-1186,Fatima Silva,Engineering,Software Engineer,2024-06-18,,6462.0,19,Female,2.27,3.0,2.0,3.0,3.0,3.0,No
E-1029,Paul Nakamura,Human Resources,HR Partner,2014-03-30,,5162.0,43,Female,12.49,2.0,3.0,2.0,3.0,3.0,No
E-1684,Julia Haddad,Engineering,Data Engineer,2023-10-24,,7784.0,20,Female,2.92,3.0,,2.0,3.0,2.0,No
E-1498,John Rossi,Engineering,QA Analyst,2024-04-13,,7001.0,22,Female,2.45,2.0,2.0,3.0,2.0,3.0,No
E-2258,Hana Chen,Sales,Account Executive,2017-06-11,,,53,Female,9.29,3.0,3.0,3.0,3.0,2.0,No
E-1041,Lucas Nair,Human Resources,HR Partner,2022-04-03,,4893.0,31,Male,4.48,2.0,3.0,3.0,,3.0,No
E-1798,Rosa Kowalski,Engineering,Support Engineer,2022-03-30,,7669.0,39,Female,4.49,2.0,3.0,3.0,3.0,2.0,No
E-2410,Oscar Rossi,Sales,Sales Development Rep,2022-05-09,,6432.0,35,Female,4.38,2.0,2.0,3.0,3.0,3.0,No
E-1770,Li Silva,Engineering,Support Engineer,2016-12-25,,7330.0,30,Male,9.75,3.0,2.0,2.0,3.0,3.0,No
E-1900,John Okafor,Engineering,Engineering Lead,2022-07-03,,6273.0,56,Male,4.23,3.0,3.0,3.0,3.0,3.0,No
E-1280,Miguel Popescu,Engineering,Software Engineer,2021-10-28,,7722.0,46,Female,4.91,3.0,2.0,2.0,,3.0,No
E-1888,John O'brien,Engineering,Engineering Lead,2022-02-18,,6902.0,34,Female,4.6,3.0,2.0,2.0,3.0,3.0,No
E-2251,Julia Andersson,Sales,Account Executive,2009-01-27,,6631.0,19,Female,17.66,3.0,3.0,3.0,2.0,2.0,No
E-1694,Yusuf Garcia,Engineering,Data Engineer,2022-08-12,,8321.0,36,Male,4.12,3.0,3.0,3.0,3.0,3.0,No
E-2076,Vera Rossi,Sales,Account Executive,2025-11-29,2026-09-25,5008.0,61,Male,0.82,,2.0,3.0,3.0,3.0,Yes
E-2176,John Farah,Sales,Account Executive,2021-11-26,,6341.0,54,Male,4.83,3.0,3.0,2.0,3.0,3.0,No
E-2231,Kenji Kaur,Sales,Account Executive,2020-02-07,,5400.0,53,Female,6.63,2.0,3.0,3.0,,2.0,No
E-1708,Tomas Nair,Engineering,Data Engineer,2020-08-04,,7399.0,57,Male,6.14,3.0,2.0,2.0,3.0,3.0,No
E-1334,James Duarte,Engineering,Software Engineer,2022-04-17,,6940.0,58,Male,4.44,,2.0,3.0,2.0,,No
E-2027,Li O'brien,Sales,Account Executive,2022-09-14,2026-09-25,5947.0,40,Male,4.03,3.0,3.0,3.0,3.0,3.0,Yes
E-1005,Paul Kowalski,Human Resources,HR Partner,2024-04-02,2026-09-25,3979.0,45,Female,2.48,3.0,2.0,2.0,2.0,3.0,Yes
E-1742,Kenji Lindgren,Engineering,Support Engineer,2026-03-15,2026-09-25,5899.0,48,Female,0.53,3.0,,2.0,3.0,2.0,Yes
E-1541,Priya Silva,Engineering,QA Analyst,2019-12-29,,6716.0,22,Female,6.74,3.0,2.0,3.0,3.0,3.0,No
E-1599,Emma Kaur,Engineering,Data Engineer,2026-05-20,2026-09-25,6200.0,19,Female,0.35,3.0,3.0,2.0,3.0,3.0,Yes
E-2447,Talia Farah,Sales,Sales Development Rep,2018-05-20,,6655.0,42,Female,8.35,3.0,2.0,3.0,2.0,3.0,No
E-1608,Zoe Okafor,Engineering,Data Engineer,2022-08-27,,7000.0,63,Male,4.08,2.0,2.0,3.0,3.0,3.0,No
E-2146,John Ivanov,Sales,Account Executive,2021-12-25,,6554.0,52,Female,4.75,2.0,3.0,3.0,2.0,3.0,No
E-2064,Quinn Okafor,Sales,Account Executive,2026-03-26,2026-09-25,6133.0,18,Female,0.5,3.0,3.0,3.0,2.0,3.0,Yes
E-1322,Anna Chen,Engineering,Software Engineer,2022-04-14,,8070.0,42,Male,4.45,2.0,3.0,3.0,,3.0,No
E-1869,Maria Haddad,Engineering,Support Engineer,2026-05-09,,6543.0,22,Male,0.38,2.0,2.0,2.0,3.0,3.0,No
E-1949,Nadia Duarte,Engineering,Engineering Lead,2008-12-28,,6886.0,36,Female,17.74,3.0,2.0,3.0,3.0,3.0,No
E-2105,Zoe Nakamura,Sales,Account Executive,2026-05-02,,6999.0,33,Male,0.4,3.0,2.0,3.0,3.0,3.0,No
E-2477,Quinn Nakamura,Sales,Sales Manager,2017-08-12,,6993.0,28,Male,9.12,3.0,3.0,3.0,3.0,,No
E-1775,John Kaur,Engineering,Support Engineer,2023-09-29,,7541.0,37,Male,2.99,2.0,2.0,3.0,3.0,3.0,No
E-1232,Zoe Chen,Engineering,Software Engineer,2020-05-01,,7423.0,28,Male,6.4,3.0,2.0,3.0,3.0,3.0,No
E-2409,Umar Nakamura,Sales,Sales Development Rep,2021-10-13,,7484.0,37,Male,4.95,2.0,2.0,2.0,2.0,3.0,No
E-1950,Zoe Chen,Engineering,Engineering Lead,2024-06-07,,6542.0,62,Female,2.3,3.0,3.0,2.0,3.0,3.0,No
E-2431,Umar Ivanov,Sales,Sales Development Rep,2022-07-18,,6941.0,40,Female,4.19,3.0,3.0,2.0,2.0,3.0,No
E-1388,Hana Silva,Engineering,QA Analyst,2024-04-17,2026-09-25,,55,Female,2.44,3.0,2.0,,2.0,2.0,Yes
E-2135,Sven O'brien,Sales,Account Executive,2017-04-24,,6175.0,37,Male,9.42,3.0,3.0,3.0,3.0,3.0,No
E-2278,Lucas Weber,Sales,Account Executive,2022-05-13,,5392.0,53,Female,4.37,2.0,3.0,3.0,2.0,3.0,No
E-1391,Petra Wei,Engineering,QA Analyst,2024-06-14,2026-09-25,5981.0,36,Male,2.28,2.0,2.0,,3.0,3.0,Yes
E-2330,David Kowalski,Sales,Account Executive,2024-02-18,,6580.0,39,Female,2.6,3.0,3.0,3.0,3.0,3.0,No
E-1372,Maria Garcia,Engineering,QA Analyst,2026-07-10,2026-09-25,6083.0,55,Male,0.21,3.0,2.0,3.0,,2.0,Yes
E-1665,Tomas Silva,Engineering,Data Engineer,2019-12-15,,,31,Female,6.78,2.0,2.0,3.0,3.0,3.0,No
E-1140,Sofia Diallo,Engineering,Software Engineer,2022-05-17,,7554.0,36,Female,4.36,2.0,3.0,3.0,3.0,2.0,No
E-1886,Omar Popescu,Engineering,Engineering Lead,2024-04-24,,7912.0,23,Female,2.42,3.0,3.0,3.0,,3.0,No
E-1286,Oscar Osei,Engineering,Software Engineer,2014-08-05,,6711.0,36,Female,12.14,2.0,2.0,,3.0,3.0,No
E-2201,Priya Kim,Sales,Account Executive,2016-11-07,,6654.0,58,Male,9.88,3.0,2.0,,3.0,3.0,No
E-1126,Fatima Nair,Engineering,Software Engineer,2018-06-11,,7500.0,31,Female,8.29,3.0,3.0,3.0,3.0,3.0,No
E-1350,Grace Garcia,Engineering,QA Analyst,2026-01-20,2026-09-25,5798.0,49,Male,0.68,2.0,3.0,2.0,3.0,3.0,Yes
E-1024,Talia Ivanov,Human Resources,HR Partner,2017-11-29,,5372.0,40,Male,8.82,3.0,3.0,2.0,3.0,,No
E-2473,Wei Osei,Sales,Sales Manager,2021-10-31,,5652.0,39,Male,4.9,3.0,,3.0,,3.0,No
E-1000,Yusuf Farah,Human Resources,HR Partner,2022-04-10,2026-09-25,4299.0,31,Female,4.46,3.0,3.0,,3.0,3.0,Yes
E-2438,Lucas O'brien,Sales,Sales Development Rep,2020-03-30,,5563.0,35,Female,6.49,3.0,,2.0,2.0,3.0,No
E-1497,Igor Weber,Engineering,QA Analyst,2012-01-13,,6704.0,28,Male,14.7,2.0,2.0,3.0,2.0,2.0,No
E-1590,Umar Santos,Engineering,Data Engineer,2020-08-19,2026-09-25,5894.0,29,Male,6.1,3.0,3.0,3.0,3.0,3.0,Yes
E-2006,Petra Farah,Engineering,Engineering Manager,2024-06-03,,7348.0,41,Male,2.31,3.0,2.0,3.0,3.0,2.0,No
E-1812,Omar Kaur,Engineering,Support Engineer,2020-01-13,,7593.0,38,Male,6.7,3.0,2.0,3.0,3.0,3.0,No
E-1552,Nadia Okafor,Engineering,QA Analyst,2022-03-08,,,64,Male,4.55,,2.0,3.0,2.0,3.0,No
E-2277,Noah Andersson,Sales,Account Executive,2017-11-19,,6222.0,35,Female,8.85,3.0,2.0,3.0,3.0,,No
E-1226,James Smith,Engineering,Software Engineer,2022-04-21,,7645.0,44,Male,4.43,2.0,3.0,3.0,3.0,,No
E-1701,Omar Popescu,Engineering,Data Engineer,2021-11-19,,6490.0,39,Male,4.85,3.0,3.0,3.0,2.0,3.0,No
E-1345,Okafor Okafor,Engineering,QA Analyst,2014-05-17,2026-09-25,6280.0,40,Male,12.36,2.0,3.0,3.0,3.0,3.0,Yes
E-1455,Mei Nakamura,Engineering,QA Analyst,2026-03-19,,6900.0,60,Female,0.52,3.0,3.0,2.0,3.0,,No
E-1393,Miguel Popescu,Engineering,QA Analyst,2026-07-29,2026-09-25,5033.0,31,Male,0.16,3.0,3.0,,3.0,2.0,Yes
E-1190,Julia Haddad,Engineering,Software Engineer,2025-11-08,,5496.0,26,Male,0.88,2.0,3.0,3.0,2.0,2.0,No
E-2266,Tomas O'brien,Sales,Account Executive,2019-12-22,,6243.0,21,Male,6.76,2.0,3.0,3.0,3.0,3.0,No
E-2334,Oscar Ivanov,Sales,Account Executive,2022-08-23,,,28,Male,4.09,2.0,3.0,3.0,3.0,2.0,No
E-2096,Zoe Kaur,Sales,Account Executive,2024-01-24,,6701.0,29,Female,2.67,3.0,2.0,3.0,3.0,3.0,No
E-2468,Sven Silva,Sales,Sales Manager,2022-01-31,,6316.0,39,Male,4.65,2.0,2.0,3.0,3.0,2.0,No
E-1739,Miguel Okafor,Engineering,Data Engineer,2022-03-23,,5854.0,20,Male,4.51,3.0,3.0,3.0,3.0,3.0,No
E-1636,Hana Nair,Engineering,Data Engineer,2015-07-18,,6711.0,32,Female,11.19,3.0,2.0,3.0,2.0,3.0,No
E-1953,Lucas Smith,Engineering,Engineering Lead,2020-04-24,,6940.0,39,Male,6.42,2.0,2.0,3.0,3.0,3.0,No
E-2256,Julia Okafor,Sales,Account Executive,2024-09-06,,5902.0,45,Male,2.05,2.0,3.0,3.0,3.0,3.0,No
E-2424,Kenji Lindgren,Sales,Sales Development Rep,2013-08-01,,5546.0,57,Female,13.15,2.0,2.0,3.0,2.0,2.0,No
E-1632,Carlos Duarte,Engineering,Data Engineer,2024-02-15,,7218.0,54,Female,2.61,3.0,3.0,2.0,2.0,3.0,No
E-2079,Igor Wei,Sales,Account Executive,2024-02-26,2026-09-25,5720.0,41,Male,2.58,2.0,3.0,3.0,3.0,3.0,Yes
E-2362,Maria Popescu,Sales,Sales Development Rep,2025-12-18,2026-09-25,,37,Female,0.77,2.0,3.0,3.0,3.0,2.0,Yes
E-1765,Priya Andersson,Engineering,Support Engineer,2022-05-09,,6494.0,37,Female,4.38,2.0,3.0,3.0,3.0,2.0,No
E-1808,Lucas Novak,Engineering,Support Engineer,2017-08-12,,7185.0,44,Male,9.12,3.0,2.0,3.0,3.0,3.0,No
E-1878,Anna Kaur,Engineering,Engineering Lead,2012-12-18,,7234.0,46,Female,13.77,3.0,,3.0,2.0,3.0,No
E-1810,Wei Rossi,Engineering,Support Engineer,2024-03-26,,6376.0,47,Male,2.5,3.0,2.0,2.0,3.0,3.0,No
E-1477,Priya Lindgren,Engineering,QA Analyst,2024-02-04,,7242.0,32,Male,2.64,3.0,3.0,2.0,3.0,3.0,No
E-2122,Ivan Kim,Sales,Account Executive,2019-10-21,,6129.0,56,Female,6.93,3.0,3.0,2.0,,2.0,No
E-2380,Tomas Smith,Sales,Sales Development Rep,2024-01-27,2026-09-25,5718.0,24,Male,2.66,3.0,3.0,2.0,3.0,3.0,Yes
E-1563,Quinn Kowalski,Engineering,QA Analyst,2021-11-29,,7384.0,45,Male,4.82,,3.0,2.0,2.0,3.0,No
E-1718,David O'brien,Engineering,Data Engineer,2019-11-01,,6673.0,36,Female,6.9,3.0,3.0,2.0,2.0,3.0,No
E-2381,Mei Smith,Sales,Sales Development Rep,2025-11-19,2026-09-25,5156.0,39,Female,0.85,2.0,2.0,2.0,2.0,3.0,Yes
E-1834,Quinn Santos,Engineering,Support Engineer,2026-05-09,,7006.0,42,Male,0.38,3.0,2.0,3.0,3.0,2.0,No
E-1576,Ivan Novak,Engineering,QA Analyst,2022-06-11,,6360.0,33,Male,4.29,3.0,3.0,2.0,2.0,2.0,No
E-1300,Kenji Haddad,Engineering,Software Engineer,2024-06-03,,6847.0,38,Male,2.31,3.0,3.0,3.0,3.0,2.0,No
E-1443,Quinn Weber,Engineering,QA Analyst,2024-02-11,,6786.0,30,Male,2.62,2.0,3.0,2.0,2.0,3.0,No
E-1825,Anna Silva,Engineering,Support Engineer,2022-04-06,,8207.0,39,Female,4.47,3.0,3.0,2.0,3.0,3.0,No
E-2047,Yusuf Kaur,Sales,Account Executive,2025-12-21,2026-09-25,5957.0,25,Female,0.76,3.0,3.0,3.0,3.0,3.0,Yes
E-1420,Grace Garcia,Engineering,QA Analyst,2025-11-26,,,59,Female,0.83,3.0,3.0,3.0,2.0,2.0,No
E-1076,Ivan Chen,Engineering,Software Engineer,2026-08-19,2026-09-25,6091.0,28,Female,0.1,3.0,3.0,3.0,3.0,2.0,Yes
E-1943,Kenji Farah,Engineering,Engineering Lead,2019-10-24,,7758.0,42,Female,6.92,3.0,2.0,3.0,3.0,,No
E-1758,Talia Osei,Engineering,Support Engineer,2026-04-14,,7568.0,42,Female,0.45,2.0,3.0,3.0,3.0,3.0,No
E-1209,Okafor Garcia,Engineering,Software Engineer,2022-03-08,,,57,Male,4.55,2.0,2.0,2.0,2.0,3.0,No
E-1467,Umar Osei,Engineering,QA Analyst,2020-03-11,,7733.0,33,Male,6.54,3.0,3.0,3.0,3.0,3.0,No
E-2316,Li Kaur,Sales,Account Executive,2022-06-29,,6193.0,64,Female,4.24,3.0,2.0,3.0,3.0,3.0,No
E-1945,Igor Lindgren,Engineering,Engineering Lead,2020-01-31,,7132.0,35,Female,6.65,2.0,2.0,3.0,,3.0,No
E-1961,Tomas Nair,Engineering,Engineering Manager,2014-07-10,,6394.0,35,Male,12.21,3.0,2.0,2.0,3.0,2.0,No
E-2088,Aisha Popescu,Sales,Account Executive,2012-09-17,,6463.0,24,Male,14.02,3.0,,3.0,3.0,3.0,No
E-1956,Talia Duarte,Engineering,Engineering Manager,2022-03-01,2026-09-25,5888.0,36,Male,4.57,3.0,2.0,3.0,3.0,3.0,Yes
E-2009,Petra Kowalski,Engineering,Engineering Manager,2025-10-02,,7150.0,36,Male,0.98,3.0,3.0,3.0,3.0,3.0,No
E-2407,Fatima Garcia,Sales,Sales Development Rep,2021-12-03,,6140.0,26,Female,4.81,2.0,,2.0,2.0,3.0,No
E-2445,Vera Popescu,Sales,Sales Development Rep,2022-05-06,,,32,Female,4.39,3.0,3.0,3.0,3.0,3.0,No
E-2234,Carlos Kowalski,Sales,Account Executive,2023-12-04,,5723.0,55,Female,2.81,3.0,2.0,3.0,3.0,3.0,No
E-1470,Grace Santos,Engineering,QA Analyst,2026-01-09,,7231.0,62,Female,0.71,3.0,3.0,2.0,2.0,2.0,No
E-1897,Petra Kim,Engineering,Engineering Lead,2024-02-11,,7232.0,41,Male,2.62,3.0,3.0,2.0,3.0,3.0,No
E-1840,Grace Silva,Engineering,Support Engineer,2025-12-10,,6514.0,30,Male,0.79,3.0,2.0,,3.0,3.0,No
E-1828,Carlos Wei,Engineering,Support Engineer,2024-02-11,,6661.0,36,Female,2.62,3.0,3.0,3.0,3.0,3.0,No
E-2128,Sofia Kowalski,Sales,Account Executive,2022-04-10,,6042.0,61,Male,4.46,3.0,3.0,3.0,3.0,2.0,No
E-1354,Anna Garcia,Engineering,QA Analyst,2019-11-04,2026-09-25,6361.0,47,Female,6.89,2.0,3.0,2.0,3.0,3.0,Yes
E-1614,Li Novak,Engineering,Data Engineer,2021-11-11,,6967.0,32,Female,4.87,2.0,2.0,3.0,3.0,3.0,No
E-1890,Maria Nair,Engineering,Engineering Lead,2020-08-15,,6795.0,44,Male,6.11,3.0,3.0,2.0,3.0,3.0,No
E-1921,Paul Farah,Engineering,Engineering Lead,2026-01-12,,7703.0,61,Female,0.7,2.0,3.0,,3.0,3.0,No
E-2363,Julia Farah,Sales,Sales Development Rep,2024-08-15,2026-09-25,6034.0,20,Male,2.11,3.0,3.0,3.0,3.0,,Yes
E-1130,Miguel Kowalski,Engineering,Software Engineer,2022-06-26,,7517.0,33,Male,4.25,3.0,2.0,3.0,2.0,,No
E-1376,Sofia Okafor,Engineering,QA Analyst,2024-05-27,2026-09-25,5943.0,34,Male,2.33,3.0,3.0,2.0,3.0,2.0,Yes
E-2253,Wei Duarte,Sales,Account Executive,2016-12-21,,6156.0,48,Male,9.76,3.0,3.0,2.0,3.0,3.0,No
E-1813,Emma Nair,Engineering,Support Engineer,2020-01-31,,6176.0,27,Female,6.65,3.0,3.0,,3.0,,No
E-2143,Nadia Popescu,Sales,Account Executive,2024-03-11,,6702.0,50,Female,2.54,2.0,3.0,3.0,3.0,2.0,No
E-2048,Igor Nakamura,Sales,Account Executive,2024-09-10,2026-09-25,5698.0,63,Female,2.04,3.0,2.0,3.0,3.0,3.0,Yes
E-1734,Sofia Farah,Engineering,Data Engineer,2024-03-22,,7689.0,30,Female,2.51,3.0,3.0,2.0,3.0,3.0,No
E-2106,Grace Farah,Sales,Account Executive,2024-01-20,,,27,Female,2.68,2.0,3.0,2.0,3.0,2.0,No
E-1456,Anna Duarte,Engineering,QA Analyst,2023-10-21,,6867.0,41,Male,2.93,3.0,2.0,2.0,2.0,2.0,No
E-1021,Noah Garcia,Human Resources,HR Partner,2015-06-22,,5317.0,26,Female,11.26,3.0,2.0,3.0,3.0,2.0,No
E-1709,Julia Nakamura,Engineering,Data Engineer,2018-03-12,,5966.0,49,Female,8.54,3.0,,3.0,3.0,2.0,No
E-1008,Sven Andersson,Human Resources,HR Partner,2008-02-11,2026-09-25,4470.0,28,Female,18.62,,3.0,3.0,3.0,3.0,Yes
E-1626,Talia Weber,Engineering,Data Engineer,2022-07-29,,6987.0,59,Male,4.16,3.0,3.0,3.0,3.0,3.0,No
E-2471,Grace Diallo,Sales,Sales Manager,2024-09-25,,5795.0,34,Male,2.0,2.0,,3.0,2.0,3.0,No
E-1713,Kenji Smith,Engineering,Data Engineer,2022-01-27,,7472.0,34,Female,4.66,3.0,3.0,,3.0,3.0,No
E-2428,Igor Smith,Sales,Sales Development Rep,2008-11-29,,5309.0,30,Male,17.82,3.0,3.0,,3.0,,No
E-1294,Julia Novak,Engineering,Software Engineer,2016-12-07,,6456.0,35,Female,9.8,2.0,3.0,2.0,3.0,3.0,No
E-2466,Carlos Duarte,Sales,Sales Manager,2005-04-06,,7101.0,28,Female,21.47,3.0,2.0,3.0,3.0,3.0,No
E-1597,Sofia Nakamura,Engineering,Data Engineer,2026-02-25,2026-09-25,5826.0,26,Male,0.58,3.0,3.0,3.0,3.0,2.0,Yes
E-1529,Lucas Nair,Engineering,QA Analyst,2026-09-07,,,61,Male,0.05,2.0,3.0,2.0,3.0,2.0,No
E-2100,Li Rossi,Sales,Account Executive,2025-11-26,,6419.0,32,Male,0.83,3.0,2.0,3.0,2.0,,No
E-2199,Wei Novak,Sales,Account Executive,2017-12-03,,6321.0,35,Female,8.81,3.0,2.0,3.0,3.0,3.0,No
E-1062,Wei Santos,Engineering,Software Engineer,2025-10-13,2026-09-25,6115.0,47,Male,0.95,3.0,3.0,3.0,3.0,3.0,Yes
E-1071,Yusuf Haddad,Engineering,Software Engineer,2026-08-19,2026-09-25,,29,Male,0.1,3.0,2.0,3.0,2.0,2.0,Yes
E-2224,Zoe Diallo,Sales,Account Executive,2017-02-18,,6380.0,54,Male,9.6,2.0,3.0,3.0,2.0,2.0,No
E-1155,Wei Farah,Engineering,Software Engineer,2018-07-07,,6860.0,23,Female,8.22,3.0,3.0,3.0,3.0,3.0,No
E-1340,Miguel Lindgren,Engineering,QA Analyst,2022-02-11,2026-09-25,5613.0,33,Male,4.62,2.0,3.0,3.0,3.0,2.0,Yes
E-1132,Grace Lindgren,Engineering,Software Engineer,2018-07-29,,6444.0,29,Female,8.16,3.0,2.0,3.0,2.0,2.0,No
E-1255,Hana Kim,Engineering,Software Engineer,2014-06-15,,7659.0,31,Female,12.28,3.0,3.0,3.0,2.0,2.0,No
E-1661,John Duarte,Engineering,Data Engineer,2021-11-15,,6901.0,36,Male,4.86,3.0,3.0,3.0,3.0,3.0,No
E-1623,Fatima Andersson,Engineering,Data Engineer,2020-02-29,,7670.0,36,Male,6.57,3.0,3.0,,2.0,3.0,No
E-2458,Lucas Novak,Sales,Sales Manager,2016-12-28,,5920.0,50,Female,9.74,2.0,3.0,3.0,3.0,3.0,No
E-1595,Aisha Farah,Engineering,Data Engineer,2026-09-14,2026-09-25,5484.0,38,Female,0.03,3.0,2.0,2.0,3.0,3.0,Yes
E-1156,Ivan Silva,Engineering,Software Engineer,2024-06-11,,7584.0,51,Female,2.29,2.0,3.0,3.0,2.0,3.0,No
E-1615,Quinn Diallo,Engineering,Data Engineer,2014-03-30,,7218.0,61,Male,12.49,3.0,2.0,3.0,3.0,3.0,No
E-2028,Nina Garcia,Sales,Account Executive,2020-05-16,2026-09-25,4901.0,35,Female,6.36,3.0,3.0,2.0,3.0,3.0,Yes
E-1454,Petra Duarte,Engineering,QA Analyst,2019-10-06,,5700.0,40,Female,6.97,3.0,3.0,2.0,3.0,2.0,No
E-2074,Mei Popescu,Sales,Account Executive,2026-06-26,2026-09-25,5137.0,41,Female,0.25,,2.0,3.0,3.0,3.0,Yes
E-1761,Okafor Silva,Engineering,Support Engineer,2020-02-29,,7214.0,37,Male,6.57,3.0,3.0,2.0,2.0,3.0,No
E-1696,John Kim,Engineering,Data Engineer,2020-09-03,,6868.0,48,Male,6.06,3.0,3.0,3.0,2.0,3.0,No
E-2130,Tomas Nair,Sales,Account Executive,2024-07-21,,6343.0,37,Female,2.18,3.0,3.0,3.0,3.0,3.0,No
E-2366,Noah Silva,Sales,Sales Development Rep,2024-01-20,2026-09-25,,48,Male,2.68,3.0,2.0,3.0,2.0,3.0,Yes
E-2469,John Santos,Sales,Sales Manager,2025-12-10,,,28,Female,0.79,3.0,3.0,2.0,2.0,3.0,No
E-1928,Oscar O'brien,Engineering,Engineering Lead,2021-11-29,,7643.0,44,Male,4.82,3.0,3.0,2.0,3.0,3.0,No
E-1773,Maria Okafor,Engineering,Support Engineer,2024-08-04,,6967.0,22,Male,2.14,3.0,3.0,3.0,2.0,3.0,No
E-2057,Nina O'brien,Sales,Account Executive,2025-12-03,2026-09-25,4918.0,36,Male,0.81,3.0,3.0,2.0,,3.0,Yes
E-2355,James Nair,Sales,Sales Development Rep,2022-05-09,2026-09-25,6018.0,24,Female,4.38,3.0,2.0,2.0,2.0,2.0,Yes
E-1165,Igor Wei,Engineering,Software Engineer,2019-10-21,,7306.0,47,Male,6.93,,3.0,3.0,2.0,3.0,No
E-2440,Priya Nakamura,Sales,Sales Development Rep,2026-02-18,,6322.0,34,Female,0.6,2.0,3.0,2.0,2.0,3.0,No
E-2206,Mei Haddad,Sales,Account Executive,2020-04-13,,6024.0,60,Male,6.45,3.0,3.0,2.0,3.0,3.0,No
E-1911,Julia Kowalski,Engineering,Engineering Lead,2014-08-16,,5955.0,28,Male,12.11,3.0,,3.0,3.0,3.0,No
E-1337,Miguel Diallo,Engineering,Software Engineer,2022-08-16,,7668.0,57,Female,4.11,3.0,3.0,3.0,3.0,3.0,No
E-2018,Sven Smith,Engineering,Engineering Manager,2023-11-23,,6096.0,42,Male,2.84,3.0,3.0,3.0,3.0,,No
E-1891,Noah Weber,Engineering,Engineering Lead,2024-04-06,,5783.0,35,Male,2.47,3.0,3.0,3.0,3.0,3.0,No
E-1293,Kenji Chen,Engineering,Software Engineer,2020-07-21,,6443.0,44,Female,6.18,2.0,2.0,3.0,3.0,3.0,No
E-1269,Li Diallo,Engineering,Software Engineer,2022-04-10,,6762.0,59,Male,4.46,3.0,3.0,,3.0,2.0,No
E-1147,Okafor Kowalski,Engineering,Software Engineer,2026-01-27,,7791.0,39,Male,0.66,2.0,2.0,3.0,2.0,3.0,No
E-1410,Kenji Rossi,Engineering,QA Analyst,2020-09-10,,,38,Male,6.04,3.0,2.0,3.0,3.0,2.0,No
E-2337,Mei Diallo,Sales,Account Executive,2024-03-19,,6576.0,39,Female,2.52,3.0,,,3.0,3.0,No
E-1566,Yusuf Haddad,Engineering,QA Analyst,2019-12-18,,6445.0,35,Male,6.77,3.0,3.0,2.0,2.0,2.0,No
E-2008,Carlos Kaur,Engineering,Engineering Manager,2019-12-11,,6645.0,41,Male,6.79,,3.0,3.0,2.0,3.0,No
E-1368,Tomas Nair,Engineering,QA Analyst,2022-08-16,2026-09-25,5464.0,43,Male,4.11,3.0,3.0,,3.0,3.0,Yes
E-1034,Maria Rossi,Human Resources,HR Partner,2017-04-06,,5182.0,40,Male,9.47,3.0,3.0,2.0,3.0,,No
E-2265,Nadia Silva,Sales,Account Executive,2022-05-06,,5943.0,46,Male,4.39,3.0,3.0,3.0,3.0,3.0,No
E-2267,Umar Duarte,Sales,Account Executive,2012-12-21,,6651.0,59,Female,13.76,3.0,2.0,3.0,2.0,2.0,No
E-2187,Ivan Haddad,Sales,Account Executive,2015-03-23,,6917.0,47,Male,11.51,3.0,3.0,3.0,2.0,3.0,No
E-1018,Lucas Andersson,Human Resources,HR Partner,2024-05-05,,,31,Female,2.39,2.0,3.0,2.0,3.0,3.0,No
E-1941,Miguel Rossi,Engineering,Engineering Lead,2025-10-28,,7790.0,41,Male,0.91,3.0,3.0,3.0,2.0,3.0,No
E-1896,Oscar Weber,Engineering,Engineering Lead,2019-12-15,,7762.0,36,Female,6.78,3.0,3.0,3.0,3.0,3.0,No
E-2310,Petra Santos,Sales,Account Executive,2024-06-03,,6218.0,39,Male,2.31,3.0,3.0,2.0,3.0,3.0,No
E-1122,Wei Lindgren,Engineering,Software Engineer,2012-07-10,,5944.0,42,Male,14.21,,3.0,3.0,3.0,3.0,No
E-1087,Vera Okafor,Engineering,Software Engineer,2024-02-22,2026-09-25,5993.0,51,Female,2.59,3.0,3.0,3.0,3.0,3.0,Yes
E-1688,Lucas Diallo,Engineering,Data Engineer,2026-03-26,,5771.0,48,Female,0.5,3.0,3.0,3.0,2.0,3.0,No
E-1406,Okafor Chen,Engineering,QA Analyst,2020-08-04,,7720.0,46,Male,6.14,,,3.0,3.0,2.0,No
E-2188,Paul Silva,Sales,Account Executive,2023-12-22,,,33,Male,2.76,2.0,2.0,3.0,3.0,3.0,No
E-1137,Noah Duarte,Engineering,Software Engineer,2017-06-25,,6996.0,44,Male,9.25,3.0,3.0,3.0,3.0,3.0,No
E-2492,Nina Farah,Sales,Sales Manager,2018-01-31,,5446.0,28,Female,8.65,3.0,3.0,2.0,,3.0,No
E-1258,Li O'brien,Engineering,Software Engineer,2022-08-23,,7189.0,33,Male,4.09,2.0,3.0,3.0,2.0,2.0,No
E-1653,Okafor Diallo,Engineering,Data Engineer,2020-08-12,,6986.0,41,Male,6.12,,3.0,,3.0,3.0,No
E-2107,Aisha Garcia,Sales,Account Executive,2020-08-19,,6048.0,31,Male,6.1,3.0,3.0,3.0,2.0,3.0,No
E-1146,Aisha Nair,Engineering,Software Engineer,2019-12-07,,7383.0,40,Female,6.8,3.0,3.0,3.0,2.0,2.0,No
E-1349,Tomas Nakamura,Engineering,QA Analyst,2026-05-20,2026-09-25,5346.0,32,Male,0.35,2.0,3.0,2.0,2.0,2.0,Yes
E-1491,Aisha Wei,Engineering,QA Analyst,2023-12-11,,6827.0,37,Male,2.79,3.0,3.0,2.0,2.0,2.0,No
E-2134,Maria Diallo,Sales,Account Executive,2024-07-17,,6236.0,40,Female,2.19,3.0,2.0,2.0,2.0,3.0,No
E-1634,Nina Kaur,Engineering,Data Engineer,2025-12-18,,6963.0,30,Female,0.77,3.0,3.0,3.0,3.0,3.0,No
E-1514,Rosa Nakamura,Engineering,QA Analyst,2021-12-07,,6797.0,43,Female,4.8,2.0,3.0,2.0,2.0,3.0,No
E-2034,Priya Farah,Sales,Account Executive,2022-06-22,2026-09-25,5385.0,27,Male,4.26,2.0,3.0,2.0,2.0,3.0,Yes
E-2109,David Wei,Sales,Account Executive,2022-05-27,,6061.0,48,Male,4.33,3.0,2.0,3.0,3.0,3.0,No
E-2309,Talia Osei,Sales,Account Executive,2017-07-10,,6850.0,49,Male,9.21,3.0,3.0,3.0,3.0,2.0,No
E-1267,Maria Andersson,Engineering,Software Engineer,2022-08-09,,7023.0,49,Male,4.13,2.0,2.0,3.0,3.0,3.0,No
E-2484,Zoe Weber,Sales,Sales Manager,2019-11-23,,6134.0,44,Male,6.84,3.0,2.0,2.0,3.0,2.0,No
E-1510,Sven Garcia,Engineering,QA Analyst,2024-03-15,,5997.0,18,Male,2.53,2.0,3.0,2.0,3.0,3.0,No
E-1496,Julia Weber,Engineering,QA Analyst,2009-12-03,,6955.0,40,Female,16.81,,2.0,3.0,3.0,3.0,No
E-2465,Miguel Farah,Sales,Sales Manager,2020-05-16,,6755.0,47,Male,6.36,3.0,,3.0,3.0,3.0,No
E-1728,Sven Kim,Engineering,Data Engineer,2022-05-06,,,30,Male,4.39,3.0,3.0,3.0,3.0,3.0,No
E-1905,Julia Okafor,Engineering,Engineering Lead,2019-12-11,,,53,Female,6.79,3.0,3.0,3.0,3.0,2.0,No
E-2480,Li Haddad,Sales,Sales Manager,2024-01-24,,7206.0,54,Male,2.67,3.0,3.0,3.0,3.0,3.0,No
E-1922,Sven Santos,Engineering,Engineering Lead,2017-10-20,,5901.0,30,Male,8.93,3.0,3.0,3.0,3.0,3.0,No
E-2049,Priya Garcia,Sales,Account Executive,2023-12-11,2026-09-25,5708.0,40,Female,2.79,3.0,3.0,3.0,2.0,3.0,Yes
E-1167,Hana Chen,Engineering,Software Engineer,2023-12-15,,6089.0,36,Male,2.78,3.0,2.0,3.0,2.0,,No
E-1744,Umar Osei,Engineering,Support Engineer,2024-06-14,2026-09-25,5300.0,23,Female,2.28,3.0,3.0,2.0,3.0,2.0,Yes
E-1358,Talia Kim,Engineering,QA Analyst,2024-04-17,2026-09-25,6379.0,33,Female,2.44,2.0,2.0,3.0,3.0,2.0,Yes
E-1066,James Novak,Engineering,Software Engineer,2022-01-09,2026-09-25,5073.0,23,Male,4.71,,3.0,3.0,2.0,2.0,Yes
E-1449,Talia Haddad,Engineering,QA Analyst,2024-09-06,,,36,Female,2.05,3.0,3.0,2.0,3.0,2.0,No
E-1975,Omar Okafor,Engineering,Engineering Manager,2024-04-06,,7576.0,35,Male,2.47,2.0,3.0,3.0,3.0,3.0,No
E-2283,Sofia Okafor,Sales,Account Executive,2022-04-06,,6153.0,31,Female,4.47,3.0,3.0,3.0,2.0,3.0,No
E-1756,Sven Weber,Engineering,Support Engineer,2026-02-18,2026-09-25,5688.0,38,Male,0.6,3.0,3.0,2.0,3.0,3.0,Yes
E-1763,Okafor Popescu,Engineering,Support Engineer,2021-12-25,,7210.0,44,Female,4.75,3.0,3.0,3.0,3.0,2.0,No
E-1375,Oscar Novak,Engineering,QA Analyst,2025-11-15,2026-09-25,5942.0,19,Male,0.86,3.0,3.0,3.0,2.0,3.0,Yes
E-2065,Emma Andersson,Sales,Account Executive,2020-09-14,2026-09-25,5991.0,26,Female,6.03,2.0,2.0,,3.0,3.0,Yes
E-1112,Talia Haddad,Engineering,Software Engineer,2020-09-10,,7659.0,26,Male,6.04,3.0,3.0,2.0,2.0,3.0,No
E-1683,Nadia Okafor,Engineering,Data Engineer,2014-04-28,,7285.0,36,Female,12.41,3.0,3.0,,3.0,3.0,No
E-2369,Kenji Silva,Sales,Sales Development Rep,2023-11-23,2026-09-25,5271.0,42,Female,2.84,3.0,3.0,3.0,2.0,3.0,Yes
E-1645,Quinn Farah,Engineering,Data Engineer,2011-12-18,,7263.0,23,Female,14.77,3.0,3.0,3.0,2.0,3.0,No
E-2043,Ivan Popescu,Sales,Account Executive,2024-06-25,2026-09-25,5768.0,24,Male,2.25,3.0,3.0,2.0,2.0,3.0,Yes
E-1011,Hana Santos,Human Resources,HR Partner,2022-07-18,,4899.0,58,Female,4.19,,3.0,2.0,3.0,3.0,No
E-1329,Carlos Kaur,Engineering,Software Engineer,2020-02-07,,,29,Female,6.63,3.0,2.0,3.0,2.0,2.0,No
E-1982,Sven Silva,Engineering,Engineering Manager,2020-02-29,,6724.0,45,Female,6.57,3.0,,3.0,3.0,3.0,No
E-1361,Emma Silva,Engineering,QA Analyst,2024-08-08,2026-09-25,5707.0,27,Male,2.13,3.0,2.0,3.0,3.0,3.0,Yes
E-1241,Yusuf Lindgren,Engineering,Software Engineer,2020-09-10,,6901.0,37,Female,6.04,2.0,3.0,3.0,3.0,3.0,No
E-1134,Hana Weber,Engineering,Software Engineer,2020-02-26,,8249.0,32,Female,6.58,3.0,3.0,3.0,2.0,2.0,No
E-1697,Li Smith,Engineering,Data Engineer,2023-11-23,,7552.0,35,Male,2.84,3.0,3.0,3.0,3.0,3.0,No
E-2272,Umar Kowalski,Sales,Account Executive,2020-02-04,,6184.0,40,Male,6.64,2.0,3.0,,2.0,3.0,No
E-1605,Ivan Nair,Engineering,Data Engineer,2022-01-20,2026-09-25,6552.0,39,Male,4.68,3.0,2.0,2.0,3.0,3.0,Yes
E-1319,Lara Wei,Engineering,Software Engineer,2025-11-11,,6628.0,27,Male,0.87,2.0,3.0,3.0,2.0,3.0,No
E-1463,Emma Nair,Engineering,QA Analyst,2016-11-15,,6761.0,38,Female,9.86,3.0,,3.0,3.0,,No
E-2462,Anna Wei,Sales,Sales Manager,2018-03-08,,4742.0,54,Female,8.55,3.0,2.0,3.0,3.0,,No
E-1053,Petra Chen,Human Resources,HR Manager,2005-09-21,,5025.0,26,Female,21.01,3.0,3.0,3.0,2.0,3.0,No
E-1295,Tomas Rossi,Engineering,Software Engineer,2021-10-02,,7773.0,34,Male,4.98,3.0,3.0,3.0,3.0,3.0,No
E-1174,Paul Silva,Engineering,Software Engineer,2021-09-28,,7522.0,35,Male,4.99,3.0,2.0,2.0,3.0,3.0,No
E-1485,Mei Smith,Engineering,QA Analyst,2020-03-30,,6945.0,42,Male,6.49,2.0,3.0,2.0,3.0,3.0,No
E-1116,Okafor Novak,Engineering,Software Engineer,2008-10-24,,6844.0,53,Female,17.92,3.0,,,2.0,2.0,No
E-2194,Lara Smith,Sales,Account Executive,2026-07-21,,5248.0,34,Female,0.18,3.0,3.0,2.0,3.0,3.0,No
E-1644,Fatima Weber,Engineering,Data Engineer,2022-04-17,,7349.0,29,Male,4.44,3.0,3.0,3.0,3.0,2.0,No
E-1580,Lucas Weber,Engineering,QA Analyst,2022-08-09,,5763.0,35,Male,4.13,,3.0,,3.0,2.0,No
E-2245,James Okafor,Sales,Account Executive,2022-06-22,,7328.0,33,Female,4.26,3.0,3.0,3.0,2.0,3.0,No
E-2208,Fatima Ivanov,Sales,Account Executive,2024-03-04,,,19,Male,2.56,3.0,3.0,3.0,,3.0,No
E-1389,Mei Weber,Engineering,QA Analyst,2026-09-21,2026-09-25,5691.0,34,Female,0.01,2.0,3.0,2.0,3.0,3.0,Yes
E-1901,Priya Haddad,Engineering,Engineering Lead,2018-05-24,,7280.0,52,Male,8.34,2.0,3.0,3.0,3.0,2.0,No
E-1585,Fatima Okafor,Engineering,QA Analyst,2018-07-29,,6553.0,46,Male,8.16,,3.0,3.0,3.0,2.0,No
E-1026,Carlos Smith,Human Resources,HR Partner,2014-04-28,,5402.0,37,Female,12.41,3.0,,2.0,3.0,3.0,No
E-2495,Igor Nair,Sales,Sales Manager,2014-02-11,,6412.0,43,Female,12.62,3.0,3.0,3.0,3.0,,No
E-1068,Mei Popescu,Engineering,Software Engineer,2025-12-14,2026-09-25,6137.0,40,Female,0.78,3.0,3.0,3.0,2.0,3.0,Yes
E-1311,David O'brien,Engineering,Software Engineer,2022-04-03,,7527.0,38,Male,4.48,3.0,,3.0,2.0,3.0,No
E-1532,James Ivanov,Engineering,QA Analyst,2021-10-09,,7884.0,33,Male,4.96,,2.0,3.0,3.0,3.0,No
E-2045,Julia Silva,Sales,Account Executive,2026-01-12,2026-09-25,5512.0,29,Male,0.7,3.0,2.0,2.0,2.0,3.0,Yes
E-2472,Li Popescu,Sales,Sales Manager,2020-09-03,,6618.0,55,Male,6.06,3.0,,3.0,3.0,3.0,No
E-1013,Carlos Andersson,Human Resources,HR Partner,2012-11-18,,4853.0,53,Female,13.85,3.0,3.0,2.0,3.0,2.0,No
E-2013,Igor Rossi,Engineering,Engineering Manager,2018-08-09,,6847.0,53,Male,8.13,3.0,3.0,3.0,3.0,3.0,No
E-1902,Fatima Diallo,Engineering,Engineering Lead,2022-07-18,,7914.0,54,Female,4.19,3.0,3.0,2.0,3.0,3.0,No
E-1542,Miguel Kaur,Engineering,QA Analyst,2024-01-02,,7078.0,49,Male,2.73,3.0,2.0,3.0,3.0,2.0,No
E-1289,John Smith,Engineering,Software Engineer,2014-07-29,,6136.0,46,Female,12.16,3.0,2.0,3.0,3.0,2.0,No
E-1070,Umar Nair,Engineering,Software Engineer,2012-09-03,2026-09-25,6556.0,26,Male,14.06,,2.0,3.0,3.0,,Yes
E-1951,Grace Rossi,Engineering,Engineering Lead,2025-10-17,,6952.0,59,Male,0.94,2.0,2.0,2.0,3.0,2.0,No
E-1251,James Duarte,Engineering,Software Engineer,2006-03-19,,8534.0,24,Male,20.52,3.0,3.0,3.0,3.0,3.0,No
E-1384,Priya Weber,Engineering,QA Analyst,2026-01-16,2026-09-25,5416.0,42,Male,0.69,2.0,2.0,3.0,3.0,3.0,Yes
E-1505,Noah Nakamura,Engineering,QA Analyst,2018-06-22,,6956.0,23,Male,8.26,2.0,2.0,2.0,2.0,3.0,No
E-1063,Noah Osei,Engineering,Software Engineer,2026-08-05,2026-09-25,5173.0,24,Male,0.14,3.0,3.0,3.0,2.0,3.0,Yes
E-1446,Paul Kaur,Engineering,QA Analyst,2024-04-02,,6511.0,52,Female,2.48,2.0,3.0,3.0,3.0,3.0,No
E-1481,Emma Osei,Engineering,QA Analyst,2017-10-09,,,45,Female,8.96,3.0,2.0,2.0,,3.0,No
E-1348,Oscar O'brien,Engineering,QA Analyst,2026-03-15,2026-09-25,5573.0,20,Male,0.53,2.0,3.0,2.0,,2.0,Yes
E-2200,Fatima Kowalski,Sales,Account Executive,2025-12-07,,6795.0,54,Female,0.8,3.0,2.0,3.0,3.0,3.0,No
E-1777,Hana Kowalski,Engineering,Support Engineer,2022-08-01,,6892.0,55,Female,4.15,,3.0,3.0,2.0,3.0,No
E-1670,Julia Santos,Engineering,Data Engineer,2022-06-11,,7476.0,29,Male,4.29,2.0,3.0,3.0,3.0,3.0,No
E-1079,James Santos,Engineering,Software Engineer,2024-08-23,2026-09-25,5917.0,20,Male,2.09,3.0,3.0,3.0,3.0,3.0,Yes
E-1262,Maria Chen,Engineering,Software Engineer,2015-08-05,,6308.0,20,Female,11.14,3.0,2.0,3.0,3.0,3.0,No
E-1591,Noah Kim,Engineering,Data Engineer,2017-02-10,2026-09-25,6197.0,49,Male,9.62,3.0,3.0,3.0,3.0,3.0,Yes
E-2192,Zoe Lindgren,Sales,Account Executive,2007-08-27,,6787.0,45,Female,19.08,2.0,3.0,3.0,2.0,2.0,No
E-1423,Priya Diallo,Engineering,QA Analyst,2023-10-03,,5857.0,58,Male,2.98,3.0,3.0,,3.0,2.0,No
E-1937,Hana Kim,Engineering,Engineering Lead,2018-08-30,,,23,Male,8.07,3.0,2.0,3.0,3.0,3.0,No
E-1689,Umar Lindgren,Engineering,Data Engineer,2022-03-04,,7106.0,37,Male,4.56,3.0,3.0,3.0,,3.0,No
E-1168,Miguel Okafor,Engineering,Software Engineer,2021-10-02,,7497.0,26,Female,4.98,3.0,2.0,3.0,3.0,3.0,No
E-1846,Priya O'brien,Engineering,Support Engineer,2024-04-28,,6973.0,57,Female,2.41,2.0,2.0,3.0,3.0,3.0,No
E-1654,Vera Kaur,Engineering,Data Engineer,2020-07-24,,7605.0,33,Male,6.17,,3.0,2.0,3.0,3.0,No
E-2296,Fatima Weber,Sales,Account Executive,2024-08-12,,6383.0,41,Female,2.12,3.0,3.0,3.0,3.0,2.0,No
E-1892,Tomas Kowalski,Engineering,Engineering Lead,2021-10-17,,7128.0,44,Female,4.94,3.0,3.0,3.0,3.0,2.0,No
E-2141,Priya Silva,Sales,Account Executive,2024-01-13,,6478.0,34,Male,2.7,3.0,3.0,3.0,3.0,2.0,No
E-2205,Rosa Andersson,Sales,Account Executive,2021-12-25,,6532.0,26,Male,4.75,2.0,3.0,3.0,3.0,3.0,No
E-1676,Aisha Osei,Engineering,Data Engineer,2022-07-25,,,54,Male,4.17,3.0,3.0,2.0,2.0,3.0,No
E-1159,Priya Popescu,Engineering,Software Engineer,2020-09-21,,6999.0,47,Female,6.01,3.0,3.0,3.0,3.0,2.0,No
E-1001,Zoe Diallo,Human Resources,HR Partner,2024-03-08,2026-09-25,3782.0,39,Female,2.55,3.0,2.0,,3.0,2.0,Yes
E-2422,Rosa Wei,Sales,Sales Development Rep,2021-10-17,,6723.0,32,Male,4.94,2.0,3.0,2.0,3.0,3.0,No
E-1536,Nadia Santos,Engineering,QA Analyst,2026-04-17,,7004.0,39,Male,0.44,3.0,,3.0,2.0,,No
E-1524,Maria Rossi,Engineering,QA Analyst,2020-05-09,,7069.0,32,Female,6.38,2.0,3.0,2.0,2.0,2.0,No
E-1504,Tomas Kaur,Engineering,QA Analyst,2025-12-29,,6539.0,37,Male,0.74,3.0,3.0,,3.0,2.0,No
E-2345,Vera Garcia,Sales,Account Executive,2022-02-11,,6561.0,33,Male,4.62,3.0,2.0,3.0,3.0,3.0,No
E-1017,Wei Weber,Human Resources,HR Partner,2022-06-04,,5360.0,43,Female,4.31,2.0,3.0,,3.0,3.0,No
E-2297,Tomas Kim,Sales,Account Executive,2021-10-06,,6760.0,28,Male,4.97,3.0,2.0,3.0,2.0,2.0,No
E-2491,Lucas Weber,Sales,Sales Manager,2026-03-19,,6074.0,28,Male,0.52,,3.0,3.0,3.0,2.0,No
E-2481,Lucas Smith,Sales,Sales Manager,2008-08-04,,6512.0,43,Female,18.14,3.0,2.0,,2.0,2.0,No
E-2496,Vera Kim,Sales,Sales Manager,2007-05-28,,5672.0,46,Male,19.33,,3.0,2.0,3.0,3.0,No
E-2175,Lara Diallo,Sales,Account Executive,2017-01-05,,5810.0,27,Male,9.72,2.0,2.0,3.0,3.0,3.0,No
E-2291,Carlos Duarte,Sales,Account Executive,2026-01-16,,6590.0,38,Female,0.69,3.0,3.0,2.0,3.0,3.0,No
E-2282,Oscar Kim,Sales,Account Executive,2015-05-13,,7227.0,51,Female,11.37,3.0,3.0,2.0,3.0,3.0,No
E-1144,Talia Osei,Engineering,Software Engineer,2022-01-31,,6901.0,19,Male,4.65,2.0,3.0,3.0,3.0,3.0,No
E-1400,Vera Weber,Engineering,QA Analyst,2014-11-04,,6913.0,41,Male,11.89,3.0,2.0,3.0,2.0,3.0,No
E-1302,Noah Diallo,Engineering,Software Engineer,2019-11-30,,6859.0,37,Male,6.82,3.0,3.0,3.0,2.0,3.0,No
E-2166,Mei Popescu,Sales,Account Executive,2024-02-07,,6668.0,40,Male,2.63,3.0,3.0,2.0,3.0,3.0,No
E-1486,Lucas Silva,Engineering,QA Analyst,2022-05-09,,6951.0,42,Male,4.38,2.0,3.0,2.0,2.0,2.0,No
E-1415,James Chen,Engineering,QA Analyst,2006-02-18,,,45,Male,20.6,3.0,3.0,,2.0,,No
E-2168,Okafor Lindgren,Sales,Account Executive,2018-06-18,,5487.0,28,Female,8.27,2.0,3.0,3.0,3.0,3.0,No
E-2270,Grace O'brien,Sales,Account Executive,2018-02-22,,,45,Female,8.59,2.0,3.0,3.0,,3.0,No
E-2210,Carlos Popescu,Sales,Account Executive,2021-11-15,,6370.0,34,Female,4.86,3.0,3.0,3.0,3.0,3.0,No
E-1844,Paul Osei,Engineering,Support Engineer,2024-02-11,,7266.0,41,Male,2.62,3.0,3.0,2.0,3.0,2.0,No
E-1192,Petra Osei,Engineering,Software Engineer,2026-06-26,,5551.0,56,Male,0.25,3.0,2.0,2.0,2.0,3.0,No
E-1793,Maria Kim,Engineering,Support Engineer,2024-07-21,,,36,Female,2.18,3.0,2.0,3.0,3.0,2.0,No
E-1392,Oscar Weber,Engineering,QA Analyst,2013-09-21,2026-09-25,7085.0,33,Female,13.01,3.0,3.0,2.0,3.0,2.0,Yes
E-1656,Miguel Kowalski,Engineering,Data Engineer,2026-01-16,,7699.0,32,Male,0.69,3.0,3.0,,2.0,3.0,No
E-1918,Okafor Duarte,Engineering,Engineering Lead,2020-03-19,,6720.0,36,Female,6.52,,2.0,,3.0,2.0,No
E-1862,Lucas Wei,Engineering,Support Engineer,2023-12-11,,6886.0,30,Female,2.79,2.0,3.0,3.0,3.0,2.0,No
E-2416,Julia Kim,Sales,Sales Development Rep,2019-10-24,,6498.0,57,Male,6.92,3.0,2.0,3.0,3.0,3.0,No
E-2235,Wei Rossi,Sales,Account Executive,2017-04-24,,5888.0,47,Male,9.42,2.0,3.0,2.0,3.0,3.0,No
E-2181,Yusuf Santos,Sales,Account Executive,2018-07-21,,6151.0,33,Female,8.18,3.0,3.0,3.0,,3.0,No
E-2033,Petra Garcia,Sales,Account Executive,2026-08-09,2026-09-25,5212.0,31,Male,0.13,2.0,3.0,2.0,3.0,3.0,Yes
E-1522,Lucas O'brien,Engineering,QA Analyst,2024-08-15,,7015.0,25,Male,2.11,3.0,2.0,3.0,3.0,2.0,No
E-2017,Hana Diallo,Engineering,Engineering Manager,2024-02-18,,7155.0,18,Female,2.6,3.0,3.0,2.0,3.0,3.0,No
E-2360,Talia Garcia,Sales,Sales Development Rep,2026-05-13,2026-09-25,5230.0,36,Female,0.37,,3.0,2.0,3.0,2.0,Yes
E-1430,Sven Nair,Engineering,QA Analyst,2017-07-17,,,45,Male,9.19,2.0,3.0,2.0,3.0,,No
E-1103,Rosa Duarte,Engineering,Software Engineer,2022-05-02,,6750.0,27,Male,4.4,3.0,3.0,2.0,3.0,3.0,No
E-1394,Aisha Kaur,Engineering,QA Analyst,2022-03-08,2026-09-25,5873.0,45,Male,4.55,3.0,,3.0,3.0,3.0,Yes
E-1365,Oscar Kaur,Engineering,QA Analyst,2021-10-13,2026-09-25,5350.0,36,Male,4.95,3.0,3.0,3.0,3.0,2.0,Yes
E-1939,Fatima Silva,Engineering,Engineering Lead,2024-03-22,,5735.0,61,Male,2.51,3.0,,2.0,3.0,3.0,No
E-2404,Talia Kaur,Sales,Sales Development Rep,2017-04-28,,6249.0,41,Female,9.41,3.0,2.0,3.0,2.0,3.0,No
E-1915,Tomas O'brien,Engineering,Engineering Lead,2021-09-28,,,54,Male,4.99,3.0,3.0,2.0,3.0,3.0,No
E-1864,Wei Okafor,Engineering,Support Engineer,2021-11-29,,,31,Female,4.82,3.0,,2.0,2.0,3.0,No
E-1028,Aisha Nakamura,Human Resources,HR Partner,2024-01-09,,4927.0,49,Female,2.71,3.0,3.0,2.0,3.0,3.0,No
E-2232,Li Smith,Sales,Account Executive,2023-10-14,,6093.0,52,Male,2.95,2.0,3.0,,,3.0,No
E-1048,Okafor Nakamura,Human Resources,HR Manager,2024-08-15,2026-09-25,5122.0,31,Male,2.11,3.0,3.0,3.0,,3.0,Yes
E-2203,Li Santos,Sales,Account Executive,2014-08-01,,5787.0,35,Female,12.15,3.0,3.0,3.0,,3.0,No
E-1352,Talia Garcia,Engineering,QA Analyst,2025-11-29,2026-09-25,6498.0,35,Male,0.82,3.0,3.0,3.0,2.0,2.0,Yes
E-1256,Omar Popescu,Engineering,Software Engineer,2022-05-20,,8172.0,31,Male,4.35,3.0,3.0,3.0,3.0,,No
E-1948,Lucas Osei,Engineering,Engineering Lead,2007-10-14,,7221.0,43,Male,18.95,3.0,3.0,3.0,3.0,3.0,No
E-2164,Hana Okafor,Sales,Account Executive,2015-07-07,,5491.0,46,Female,11.22,2.0,3.0,2.0,3.0,3.0,No
E-1482,David Diallo,Engineering,QA Analyst,2018-04-03,,7240.0,46,Male,8.48,3.0,3.0,3.0,3.0,2.0,No
E-2331,Fatima Silva,Sales,Account Executive,2020-05-31,,6913.0,44,Male,6.32,2.0,3.0,3.0,,,No
E-2444,Wei O'brien,Sales,Sales Development Rep,2017-01-12,,,29,Male,9.7,2.0,3.0,3.0,3.0,3.0,No
E-2388,Nadia Novak,Sales,Sales Development Rep,2020-09-24,,,38,Male,6.0,2.0,3.0,3.0,3.0,3.0,No
E-2112,Julia Silva,Sales,Account Executive,2017-08-27,,6132.0,36,Female,9.08,2.0,2.0,3.0,3.0,3.0,No
E-1081,Julia Novak,Engineering,Software Engineer,2021-11-15,2026-09-25,5327.0,27,Female,4.86,3.0,3.0,3.0,2.0,3.0,Yes
E-1534,Zoe Popescu,Engineering,QA Analyst,2022-03-01,,7299.0,27,Female,4.57,2.0,3.0,2.0,3.0,3.0,No
E-2379,Priya Diallo,Sales,Sales Development Rep,2022-04-03,2026-09-25,5607.0,34,Male,4.48,2.0,3.0,3.0,3.0,3.0,Yes
E-1899,Fatima Santos,Engineering,Engineering Lead,2024-08-01,,6286.0,44,Male,2.15,2.0,3.0,3.0,3.0,2.0,No
E-1750,Wei Osei,Engineering,Support Engineer,2026-03-08,2026-09-25,6247.0,22,Female,0.55,3.0,2.0,3.0,3.0,3.0,Yes
E-2127,Rosa Kim,Sales,Account Executive,2021-10-24,,,49,Male,4.92,3.0,3.0,3.0,2.0,2.0,No
E-1801,Rosa Nair,Engineering,Support Engineer,2017-11-04,,7391.0,35,Female,8.89,3.0,2.0,3.0,3.0,,No
E-1271,Aisha Smith,Engineering,Software Engineer,2026-07-10,,6742.0,50,Female,0.21,2.0,2.0,3.0,,3.0,No
E-1315,Yusuf Andersson,Engineering,Software Engineer,2026-02-07,,,40,Male,0.63,3.0,3.0,3.0,3.0,3.0,No
E-2467,Kenji Novak,Sales,Sales Manager,2024-03-19,,6420.0,64,Female,2.52,3.0,2.0,2.0,3.0,3.0,No
E-1515,Hana Novak,Engineering,QA Analyst,2017-04-17,,6626.0,56,Male,9.44,3.0,2.0,3.0,,3.0,No
E-2448,Maria Wei,Sales,Sales Development Rep,2024-01-09,,5579.0,36,Female,2.71,3.0,2.0,2.0,2.0,3.0,No
E-2328,Kenji Santos,Sales,Account Executive,2018-06-07,,6424.0,28,Female,8.3,3.0,3.0,3.0,3.0,3.0,No
E-1740,Quinn Kaur,Engineering,Support Engineer,2024-05-23,2026-09-25,5642.0,31,Male,2.34,3.0,3.0,,2.0,2.0,Yes
E-1929,Talia Silva,Engineering,Engineering Lead,2024-02-07,,,30,Male,2.63,3.0,3.0,3.0,3.0,3.0,No
E-1494,Priya Silva,Engineering,QA Analyst,2024-03-26,,5531.0,45,Male,2.5,2.0,3.0,2.0,2.0,,No
E-2026,Fatima Kowalski,Sales,Account Executive,2024-04-02,2026-09-25,5137.0,33,Male,2.48,3.0,3.0,2.0,3.0,3.0,Yes
E-2002,Mei Andersson,Engineering,Engineering Manager,2024-05-31,,6659.0,34,Female,2.32,3.0,3.0,2.0,3.0,3.0,No
E-1015,Rosa Santos,Human Resources,HR Partner,2024-01-20,,5836.0,54,Female,2.68,,3.0,3.0,3.0,3.0,No
E-1303,James Garcia,Engineering,Software Engineer,2014-12-29,,6712.0,34,Female,11.74,3.0,3.0,3.0,3.0,2.0,No
E-1544,Nina Weber,Engineering,QA Analyst,2026-05-02,,7452.0,43,Male,0.4,3.0,,3.0,2.0,3.0,No
E-1706,Okafor Chen,Engineering,Data Engineer,2026-03-19,,6953.0,53,Female,0.52,3.0,3.0,2.0,,2.0,No
E-1726,Quinn Weber,Engineering,Data Engineer,2007-11-15,,6727.0,36,Female,18.86,3.0,3.0,3.0,3.0,3.0,No
E-1762,Aisha Okafor,Engineering,Support Engineer,2022-08-09,,7288.0,44,Male,4.13,3.0,3.0,3.0,3.0,3.0,No
E-1359,Paul Haddad,Engineering,QA Analyst,2026-09-03,2026-09-25,5907.0,18,Female,0.06,3.0,3.0,3.0,3.0,2.0,Yes
E-1530,Carlos Osei,Engineering,QA Analyst,2026-07-18,,7099.0,25,Male,0.19,3.0,2.0,3.0,3.0,3.0,No
E-1229,Vera Silva,Engineering,Software Engineer,2024-06-03,,6868.0,48,Female,2.31,3.0,3.0,3.0,2.0,3.0,No
E-1955,Vera Ivanov,Engineering,Engineering Manager,2020-08-30,2026-09-25,5464.0,31,Male,6.07,3.0,3.0,2.0,3.0,2.0,Yes
E-1600,Mei Okafor,Engineering,Data Engineer,2025-10-31,2026-09-25,5989.0,33,Male,0.9,2.0,3.0,3.0,3.0,3.0,Yes
E-1796,Carlos Ivanov,Engineering,Support Engineer,2024-06-29,,6732.0,45,Male,2.24,3.0,3.0,3.0,2.0,2.0,No
E-1971,Rosa Nair,Engineering,Engineering Manager,2022-05-02,,,35,Female,4.4,3.0,3.0,3.0,3.0,3.0,No
E-1412,Carlos Smith,Engineering,QA Analyst,2024-02-22,,5864.0,32,Female,2.59,2.0,2.0,2.0,2.0,3.0,No
E-1884,Umar Nair,Engineering,Engineering Lead,2022-08-01,,7343.0,38,Male,4.15,3.0,3.0,3.0,3.0,3.0,No
E-1263,Lara Haddad,Engineering,Software Engineer,2018-04-03,,8338.0,40,Male,8.48,2.0,2.0,3.0,3.0,2.0,No
E-1648,Umar Nakamura,Engineering,Data Engineer,2024-08-30,,6861.0,57,Female,2.07,3.0,3.0,2.0,,3.0,No
E-1749,Maria Silva,Engineering,Support Engineer,2022-06-07,2026-09-25,5429.0,20,Female,4.3,3.0,3.0,2.0,3.0,3.0,Yes
E-1328,Maria Rossi,Engineering,Software Engineer,2024-03-19,,7219.0,41,Male,2.52,2.0,,3.0,,2.0,No
E-2384,Lara Kaur,Sales,Sales Development Rep,2020-02-07,,6551.0,26,Female,6.63,2.0,2.0,3.0,2.0,3.0,No
E-2464,Umar Nair,Sales,Sales Manager,2026-06-04,,6767.0,57,Female,0.31,,3.0,3.0,3.0,3.0,No
E-1274,Kenji Lindgren,Engineering,Software Engineer,2013-03-01,,5940.0,37,Female,13.57,3.0,2.0,3.0,2.0,3.0,No
E-1212,Petra Kim,Engineering,Software Engineer,2017-10-28,,7945.0,27,Male,8.91,,3.0,3.0,3.0,2.0,No
E-1316,Oscar Ivanov,Engineering,Software Engineer,2022-08-16,,6156.0,52,Male,4.11,3.0,2.0,3.0,3.0,3.0,No
E-1493,Tomas Okafor,Engineering,QA Analyst,2022-01-05,,6914.0,31,Female,4.72,2.0,,3.0,2.0,3.0,No
E-2460,Ivan O'brien,Sales,Sales Manager,2025-11-15,,6536.0,35,Female,0.86,2.0,3.0,,,3.0,No
E-1092,Mei Rossi,Engineering,Software Engineer,2020-05-23,2026-09-25,6468.0,24,Female,6.34,3.0,3.0,3.0,3.0,,Yes
E-2364,Nina Smith,Sales,Sales Development Rep,2022-08-09,2026-09-25,5467.0,48,Male,4.13,2.0,3.0,3.0,2.0,3.0,Yes
E-1815,Vera Ivanov,Engineering,Support Engineer,2020-09-06,,5772.0,37,Male,6.05,,3.0,2.0,3.0,3.0,No
E-1717,Carlos Haddad,Engineering,Data Engineer,2017-04-10,,6239.0,31,Male,9.46,,3.0,2.0,3.0,3.0,No
E-1960,Talia Haddad,Engineering,Engineering Manager,2026-03-30,,6916.0,37,Male,0.49,3.0,3.0,3.0,3.0,3.0,No
E-1622,Wei Kim,Engineering,Data Engineer,2024-04-02,,6471.0,34,Male,2.48,3.0,3.0,3.0,3.0,3.0,No
E-1221,Zoe Santos,Engineering,Software Engineer,2017-01-19,,7232.0,22,Male,9.68,3.0,3.0,3.0,,2.0,No
E-1093,Hana Diallo,Engineering,Software Engineer,2026-03-01,2026-09-25,6700.0,65,Male,0.57,3.0,2.0,3.0,,3.0,Yes
E-2151,Vera Smith,Sales,Account Executive,2011-12-29,,,39,Male,14.74,3.0,2.0,3.0,3.0,3.0,No
E-2305,Umar Duarte,Sales,Account Executive,2020-04-06,,5404.0,47,Male,6.47,2.0,3.0,3.0,2.0,3.0,No
E-2338,Oscar Kaur,Sales,Account Executive,2020-09-24,,6498.0,18,Male,6.0,3.0,2.0,3.0,,3.0,No
E-1920,Nina Weber,Engineering,Engineering Lead,2017-06-18,,,26,Female,9.27,3.0,3.0,,3.0,3.0,No
E-1558,Lucas Rossi,Engineering,QA Analyst,2025-11-08,,6267.0,48,Female,0.88,3.0,2.0,,2.0,,No
E-1266,Sofia Chen,Engineering,Software Engineer,2012-01-20,,7027.0,39,Female,14.68,3.0,3.0,3.0,2.0,2.0,No
E-2228,Fatima Ivanov,Sales,Account Executive,2022-02-25,,6318.0,40,Male,4.58,3.0,3.0,3.0,3.0,3.0,No
E-1601,Aisha Diallo,Engineering,Data Engineer,2025-12-14,2026-09-25,5164.0,27,Female,0.78,3.0,2.0,2.0,3.0,2.0,Yes
E-1797,Tomas Nair,Engineering,Support Engineer,2017-04-06,,5743.0,27,Male,9.47,2.0,,3.0,3.0,3.0,No
E-2098,Umar Weber,Sales,Account Executive,2005-10-09,,5713.0,26,Female,20.96,3.0,,3.0,3.0,3.0,No
E-1540,Hana Lindgren,Engineering,QA Analyst,2024-06-14,,6461.0,51,Male,2.28,2.0,3.0,2.0,2.0,3.0,No
E-2154,Anna Andersson,Sales,Account Executive,2020-07-06,,5476.0,24,Male,6.22,2.0,3.0,2.0,2.0,3.0,No
E-1776,Zoe Novak,Engineering,Support Engineer,2017-02-25,,7370.0,20,Female,9.58,2.0,3.0,3.0,3.0,3.0,No
E-1904,Priya Lindgren,Engineering,Engineering Lead,2024-08-12,,7299.0,40,Male,2.12,3.0,3.0,3.0,3.0,2.0,No
E-2216,Quinn Duarte,Sales,Account Executive,2024-09-21,,,40,Male,2.01,2.0,3.0,3.0,2.0,3.0,No
E-2260,Tomas Kim,Sales,Account Executive,2020-03-26,,6152.0,34,Female,6.5,2.0,3.0,3.0,2.0,2.0,No
E-1997,Sven Okafor,Engineering,Engineering Manager,2020-04-13,,6864.0,32,Male,6.45,3.0,3.0,3.0,3.0,2.0,No
E-1488,Wei Andersson,Engineering,QA Analyst,2020-02-07,,7472.0,35,Male,6.63,3.0,3.0,3.0,2.0,3.0,No
E-1040,Sofia Garcia,Human Resources,HR Partner,2018-06-22,,4329.0,52,Male,8.26,3.0,3.0,2.0,3.0,3.0,No
E-1313,Wei Smith,Engineering,Software Engineer,2017-09-10,,7275.0,27,Male,9.04,3.0,2.0,3.0,3.0,2.0,No
E-1650,Lara Garcia,Engineering,Data Engineer,2019-12-04,,6236.0,37,Female,6.81,3.0,3.0,2.0,3.0,2.0,No
E-1826,Zoe Rossi,Engineering,Support Engineer,2021-12-03,,,49,Male,4.81,3.0,3.0,2.0,2.0,3.0,No
E-1223,Sofia Haddad,Engineering,Software Engineer,2019-12-22,,8284.0,36,Male,6.76,3.0,3.0,3.0,3.0,3.0,No
E-1863,Quinn Wei,Engineering,Support Engineer,2021-10-06,,7852.0,36,Male,4.97,2.0,3.0,3.0,3.0,3.0,No
E-2217,Carlos Silva,Sales,Account Executive,2020-01-06,,,43,Female,6.72,3.0,3.0,2.0,,3.0,No
E-2452,Umar Kim,Sales,Sales Manager,2024-05-01,2026-09-25,5867.0,48,Female,2.4,3.0,3.0,3.0,2.0,3.0,Yes
E-2195,Julia Silva,Sales,Account Executive,2022-01-27,,6672.0,25,Female,4.66,3.0,2.0,3.0,2.0,3.0,No
E-1397,Umar Farah,Engineering,QA Analyst,2026-08-30,2026-09-25,6372.0,30,Male,0.07,2.0,3.0,2.0,3.0,3.0,Yes
E-1916,Zoe Osei,Engineering,Engineering Lead,2024-08-08,,,31,Male,2.13,,3.0,3.0,3.0,3.0,No
E-1059,John Smith,Human Resources,HR Manager,2022-01-12,,,49,Female,4.7,3.0,3.0,2.0,3.0,3.0,No
E-1207,Priya Garcia,Engineering,Software Engineer,2023-10-24,,7936.0,56,Male,2.92,3.0,2.0,3.0,3.0,,No
E-1671,Fatima Rossi,Engineering,Data Engineer,2026-04-10,,7144.0,28,Female,0.46,3.0,3.0,3.0,3.0,2.0,No
E-1246,Okafor Santos,Engineering,Software Engineer,2013-10-31,,7868.0,31,Male,12.9,3.0,3.0,3.0,3.0,3.0,No
E-1023,Paul Lindgren,Human Resources,HR Partner,2019-10-17,,5228.0,28,Male,6.94,,3.0,2.0,3.0,3.0,No
E-1999,Miguel Diallo,Engineering,Engineering Manager,2023-11-12,,7322.0,45,Male,2.87,3.0,3.0,3.0,3.0,3.0,No
E-1281,Noah Andersson,Engineering,Software Engineer,2012-10-20,,5876.0,26,Female,13.93,3.0,3.0,2.0,,2.0,No
E-1598,Tomas Duarte,Engineering,Data Engineer,2026-01-09,2026-09-25,6915.0,26,Male,0.71,3.0,2.0,3.0,3.0,3.0,Yes
E-1847,Emma Diallo,Engineering,Support Engineer,2026-05-09,,6705.0,29,Male,0.38,3.0,3.0,3.0,3.0,3.0,No
E-1451,Igor Weber,Engineering,QA Analyst,2024-08-04,,,28,Female,2.14,2.0,3.0,2.0,3.0,2.0,No
E-2247,Omar Nair,Sales,Account Executive,2023-12-07,,6353.0,40,Female,2.8,3.0,2.0,3.0,2.0,3.0,No
E-2236,Miguel Diallo,Sales,Account Executive,2021-12-18,,6528.0,43,Female,4.77,3.0,3.0,3.0,3.0,3.0,No
E-1769,Grace Andersson,Engineering,Support Engineer,2021-10-24,,8017.0,37,Female,4.92,,3.0,2.0,3.0,,No
E-1402,Igor Andersson,Engineering,QA Analyst,2026-03-04,,7085.0,19,Male,0.56,3.0,3.0,3.0,3.0,2.0,No
E-1273,Aisha Kowalski,Engineering,Software Engineer,2023-12-15,,6079.0,42,Male,2.78,3.0,3.0,3.0,3.0,2.0,No
E-1833,Igor Popescu,Engineering,Support Engineer,2023-10-21,,6645.0,26,Female,2.93,3.0,3.0,2.0,2.0,3.0,No
E-1958,Wei Kim,Engineering,Engineering Manager,2026-08-12,2026-09-25,5421.0,25,Female,0.12,3.0,3.0,3.0,3.0,3.0,Yes
E-1832,Hana Diallo,Engineering,Support Engineer,2015-05-20,,6354.0,47,Male,11.35,3.0,3.0,3.0,2.0,,No
E-1818,Noah Weber,Engineering,Support Engineer,2020-06-25,,7887.0,59,Female,6.25,3.0,3.0,3.0,2.0,3.0,No
E-1803,Sven Ivanov,Engineering,Support Engineer,2016-12-14,,7005.0,49,Male,9.78,3.0,2.0,,3.0,3.0,No
E-1924,James Rossi,Engineering,Engineering Lead,2021-09-25,,6889.0,37,Male,5.0,3.0,3.0,2.0,3.0,3.0,No
E-1511,Tomas Nakamura,Engineering,QA Analyst,2015-01-31,,5585.0,28,Female,11.65,3.0,3.0,2.0,3.0,3.0,No
E-1944,Mei Okafor,Engineering,Engineering Lead,2021-10-09,,6652.0,27,Male,4.96,3.0,3.0,3.0,3.0,3.0,No
E-1860,Li Haddad,Engineering,Support Engineer,2017-08-27,,8187.0,48,Female,9.08,2.0,2.0,3.0,3.0,3.0,No
E-2029,Aisha Nair,Sales,Account Executive,2024-08-04,2026-09-25,6113.0,33,Male,2.14,2.0,3.0,3.0,2.0,,Yes
E-2275,Noah Nair,Sales,Account Executive,2020-08-19,,6344.0,34,Male,6.1,3.0,3.0,2.0,3.0,3.0,No
E-2189,Emma Okafor,Sales,Account Executive,2011-10-06,,6918.0,65,Male,14.97,3.0,3.0,2.0,2.0,,No
E-1390,David Farah,Engineering,QA Analyst,2026-06-29,2026-09-25,5332.0,28,Male,0.24,3.0,2.0,3.0,2.0,2.0,Yes
E-1993,Umar Duarte,Engineering,Engineering Manager,2021-10-20,,7226.0,28,Male,4.93,2.0,3.0,3.0,3.0,3.0,No
E-2152,Petra Wei,Sales,Account Executive,2017-05-05,,6745.0,42,Male,9.39,3.0,,3.0,3.0,3.0,No
E-1072,Omar Ivanov,Engineering,Software Engineer,2026-03-19,2026-09-25,6362.0,49,Male,0.52,2.0,3.0,3.0,3.0,3.0,Yes
E-1202,Noah Garcia,Engineering,Software Engineer,2024-03-04,,6231.0,39,Female,2.56,3.0,3.0,3.0,2.0,3.0,No
E-2493,Yusuf Rossi,Sales,Sales Manager,2022-01-27,,5434.0,33,Male,4.66,2.0,3.0,3.0,3.0,3.0,No
E-1035,David Duarte,Human Resources,HR Partner,2012-11-29,,,38,Male,13.82,3.0,3.0,2.0,3.0,3.0,No
E-1687,James Diallo,Engineering,Data Engineer,2026-01-01,,6890.0,42,Female,0.73,3.0,3.0,3.0,,2.0,No
E-1606,Lara Weber,Engineering,Data Engineer,2021-11-15,,7528.0,31,Male,4.86,3.0,3.0,3.0,3.0,3.0,No
E-1751,Oscar Chen,Engineering,Support Engineer,2024-02-18,2026-09-25,,39,Male,2.6,3.0,3.0,3.0,3.0,3.0,Yes
E-2306,Vera Osei,Sales,Account Executive,2023-12-15,,6002.0,44,Female,2.78,2.0,3.0,3.0,3.0,3.0,No
E-1964,Zoe Kim,Engineering,Engineering Manager,2026-04-14,,,56,Female,0.45,3.0,3.0,2.0,3.0,3.0,No
E-1312,Lucas Wei,Engineering,Software Engineer,2024-02-15,,,19,Female,2.61,3.0,3.0,3.0,3.0,3.0,No
E-1603,Nadia Osei,Engineering,Data Engineer,2025-10-24,2026-09-25,5990.0,33,Male,0.92,3.0,2.0,2.0,3.0,3.0,Yes
E-2186,Nina Ivanov,Sales,Account Executive,2021-10-09,,6489.0,46,Male,4.96,3.0,2.0,3.0,2.0,,No
E-1767,Petra Osei,Engineering,Support Engineer,2023-09-29,,7730.0,43,Female,2.99,3.0,3.0,,3.0,3.0,No
E-1037,Nina Kowalski,Human Resources,HR Partner,2020-01-06,,4591.0,65,Male,6.72,2.0,2.0,3.0,,3.0,No
E-2007,Julia Santos,Engineering,Engineering Manager,2021-12-29,,7574.0,33,Male,4.74,3.0,2.0,,3.0,3.0,No
E-2114,Priya Garcia,Sales,Account Executive,2006-06-22,,6764.0,48,Male,20.26,,3.0,2.0,3.0,3.0,No
E-2182,Fatima Okafor,Sales,Account Executive,2018-04-28,,,27,Female,8.41,3.0,2.0,3.0,3.0,3.0,No
E-1106,Petra Ivanov,Engineering,Software Engineer,2022-02-22,,7039.0,23,Female,4.59,3.0,,3.0,3.0,3.0,No
E-1517,Tomas Novak,Engineering,QA Analyst,2017-04-10,,6934.0,23,Male,9.46,2.0,3.0,3.0,2.0,3.0,No
E-1462,Paul Diallo,Engineering,QA Analyst,2022-05-31,,7382.0,32,Male,4.32,3.0,2.0,3.0,,2.0,No
E-2094,Kenji Haddad,Sales,Account Executive,2020-04-17,,,30,Male,6.44,3.0,3.0,3.0,3.0,,No
E-1276,Vera O'brien,Engineering,Software Engineer,2014-01-27,,6982.0,43,Male,12.66,3.0,2.0,2.0,2.0,3.0,No
E-1827,Yusuf Osei,Engineering,Support Engineer,2024-01-13,,7087.0,47,Female,2.7,3.0,3.0,3.0,3.0,3.0,No
E-1220,Kenji Lindgren,Engineering,Software Engineer,2017-06-14,,6108.0,35,Female,9.28,2.0,2.0,3.0,3.0,2.0,No
E-2390,Li Popescu,Sales,Sales Development Rep,2024-01-24,,5959.0,59,Male,2.67,2.0,2.0,3.0,3.0,3.0,No
E-1966,Igor Novak,Engineering,Engineering Manager,2022-05-17,,6895.0,62,Male,4.36,2.0,3.0,3.0,3.0,3.0,No
E-1118,Okafor Duarte,Engineering,Software Engineer,2008-03-19,,7236.0,43,Male,18.52,3.0,3.0,3.0,2.0,2.0,No
E-1373,Lara Popescu,Engineering,QA Analyst,2026-08-12,2026-09-25,6219.0,19,Male,0.12,,,2.0,2.0,2.0,Yes
E-2089,Emma Smith,Sales,Account Executive,2020-02-04,,6392.0,38,Male,6.64,3.0,2.0,3.0,2.0,2.0,No
E-1837,Grace Lindgren,Engineering,Support Engineer,2026-06-18,,6920.0,34,Female,0.27,3.0,3.0,2.0,2.0,3.0,No
E-1100,Julia Silva,Engineering,Software Engineer,2022-05-24,,,56,Male,4.34,3.0,3.0,3.0,3.0,3.0,No
E-1851,David Diallo,Engineering,Support Engineer,2020-03-15,,6629.0,55,Female,6.53,3.0,3.0,3.0,,2.0,No
E-1582,Noah Kim,Engineering,QA Analyst,2015-01-24,,6680.0,31,Male,11.67,2.0,3.0,3.0,2.0,3.0,No
E-1433,Rosa Wei,Engineering,QA Analyst,2024-04-02,,6730.0,39,Male,2.48,3.0,2.0,3.0,2.0,2.0,No
E-1781,Rosa O'brien,Engineering,Support Engineer,2017-12-29,,6401.0,23,Male,8.74,,3.0,,3.0,3.0,No
E-1820,James Farah,Engineering,Support Engineer,2019-10-03,,8775.0,39,Male,6.98,3.0,3.0,2.0,2.0,3.0,No
E-1719,Lucas Nakamura,Engineering,Data Engineer,2020-09-10,,7966.0,32,Female,6.04,3.0,2.0,2.0,3.0,3.0,No
E-1666,Nina Garcia,Engineering,Data Engineer,2019-11-12,,7628.0,34,Male,6.87,3.0,3.0,2.0,,2.0,No
E-2183,Fatima Kaur,Sales,Account Executive,2022-09-07,,6392.0,30,Female,4.05,3.0,2.0,2.0,3.0,3.0,No
E-1807,Noah Nair,Engineering,Support Engineer,2022-05-13,,7067.0,33,Female,4.37,3.0,3.0,3.0,3.0,2.0,No
E-1855,Sven Ivanov,Engineering,Support Engineer,2026-07-21,,7368.0,27,Male,0.18,3.0,,3.0,2.0,3.0,No
E-2091,Umar Santos,Sales,Account Executive,2021-12-18,,6261.0,31,Female,4.77,3.0,3.0,3.0,3.0,3.0,No
E-1710,Nina Popescu,Engineering,Data Engineer,2024-01-09,,6743.0,50,Male,2.71,3.0,2.0,3.0,2.0,2.0,No
E-1120,Wei Chen,Engineering,Software Engineer,2020-03-30,,6814.0,35,Male,6.49,,3.0,3.0,2.0,2.0,No
E-1531,James Duarte,Engineering,QA Analyst,2020-02-04,,6801.0,52,Female,6.64,3.0,2.0,2.0,3.0,3.0,No
E-2144,Quinn Chen,Sales,Account Executive,2017-01-05,,5496.0,52,Male,9.72,2.0,3.0,3.0,3.0,3.0,No
E-1139,Anna Silva,Engineering,Software Engineer,2013-10-17,,,30,Male,12.94,3.0,3.0,3.0,3.0,2.0,No
E-1573,John Rossi,Engineering,QA Analyst,2004-10-05,,6369.0,54,Female,21.97,2.0,3.0,2.0,3.0,2.0,No
E-2040,James Ivanov,Sales,Account Executive,2024-05-01,2026-09-25,5113.0,44,Female,2.4,3.0,,3.0,2.0,3.0,Yes
E-2179,Lara Osei,Sales,Account Executive,2020-08-23,,5784.0,44,Female,6.09,3.0,2.0,3.0,2.0,3.0,No
E-1304,John Kim,Engineering,Software Engineer,2023-11-19,,7319.0,47,Male,2.85,2.0,2.0,3.0,2.0,,No
E-1224,Sofia Kim,Engineering,Software Engineer,2020-08-04,,6188.0,41,Male,6.14,3.0,3.0,3.0,3.0,3.0,No
E-1889,Nina Farah,Engineering,Engineering Lead,2006-03-15,,,39,Male,20.53,,,,2.0,,No
E-1379,Li Chen,Engineering,QA Analyst,2025-10-09,2026-09-25,6549.0,20,Female,0.96,2.0,3.0,3.0,3.0,2.0,Yes
E-2167,Fatima Ivanov,Sales,Account Executive,2022-08-23,,6265.0,40,Female,4.09,2.0,3.0,2.0,3.0,3.0,No
E-1492,Miguel Popescu,Engineering,QA Analyst,2019-12-04,,6022.0,46,Male,6.81,,2.0,3.0,2.0,3.0,No
E-2123,John Silva,Sales,Account Executive,2024-08-30,,4977.0,30,Female,2.07,3.0,3.0,3.0,2.0,2.0,No
E-2318,Wei Silva,Sales,Account Executive,2020-05-27,,5933.0,37,Male,6.33,3.0,3.0,2.0,2.0,3.0,No
E-1396,David Kim,Engineering,QA Analyst,2026-07-03,2026-09-25,6368.0,38,Male,0.23,3.0,3.0,2.0,3.0,,Yes
E-2273,Nadia Andersson,Sales,Account Executive,2023-12-29,,6539.0,49,Female,2.74,2.0,3.0,2.0,2.0,2.0,No
E-1439,Nadia Nair,Engineering,QA Analyst,2018-01-09,,7350.0,27,Male,8.71,3.0,3.0,2.0,3.0,3.0,No
E-1170,Kenji Lindgren,Engineering,Software Engineer,2021-12-07,,6508.0,41,Male,4.8,3.0,2.0,3.0,2.0,3.0,No
E-1305,Noah Wei,Engineering,Software Engineer,2009-08-12,,7326.0,58,Male,17.12,3.0,3.0,,2.0,2.0,No
E-2103,Nina Popescu,Sales,Account Executive,2012-10-13,,5394.0,30,Female,13.95,3.0,2.0,3.0,2.0,3.0,No
E-1425,Li Andersson,Engineering,QA Analyst,2022-01-01,,6405.0,64,Male,4.73,2.0,2.0,3.0,,2.0,No
E-2093,Mei Farah,Sales,Account Executive,2020-02-22,,6589.0,46,Female,6.59,3.0,3.0,3.0,3.0,2.0,No
E-1215,Lara Andersson,Engineering,Software Engineer,2018-07-03,,6608.0,27,Male,8.23,3.0,2.0,2.0,2.0,3.0,No
E-1593,Zoe Silva,Engineering,Data Engineer,2017-12-14,2026-09-25,,57,Male,8.78,3.0,3.0,3.0,3.0,3.0,Yes
E-2230,Emma Popescu,Sales,Account Executive,2022-02-03,,5866.0,45,Male,4.64,3.0,3.0,2.0,2.0,3.0,No
E-1681,Li Farah,Engineering,Data Engineer,2013-11-26,,7302.0,36,Male,12.83,3.0,3.0,3.0,2.0,3.0,No
E-1142,Kenji Smith,Engineering,Software Engineer,2024-07-21,,6998.0,59,Male,2.18,,2.0,3.0,3.0,2.0,No
E-1299,Lucas Wei,Engineering,Software Engineer,2022-06-15,,7214.0,54,Female,4.28,2.0,3.0,2.0,2.0,3.0,No
E-2434,John Kaur,Sales,Sales Development Rep,2016-11-07,,6577.0,21,Male,9.88,3.0,2.0,3.0,3.0,3.0,No
E-1564,Quinn Andersson,Engineering,QA Analyst,2026-02-07,,6083.0,54,Female,0.63,2.0,3.0,3.0,2.0,2.0,No
E-2000,Hana Silva,Engineering,Engineering Manager,2022-08-05,,,39,Male,4.14,3.0,3.0,3.0,2.0,,No
E-1183,Yusuf Okafor,Engineering,Software Engineer,2018-06-18,,6415.0,50,Male,8.27,3.0,2.0,3.0,3.0,3.0,No
E-1501,Sven Garcia,Engineering,QA Analyst,2025-10-13,,6818.0,55,Female,0.95,3.0,,2.0,3.0,2.0,No
E-1856,Anna Smith,Engineering,Support Engineer,2016-12-14,,7370.0,36,Female,9.78,2.0,3.0,,3.0,3.0,No
E-1480,Julia Nair,Engineering,QA Analyst,2006-04-06,,6854.0,26,Female,20.47,2.0,,2.0,2.0,3.0,No
E-1317,Miguel O'brien,Engineering,Software Engineer,2024-04-20,,7537.0,59,Female,2.43,3.0,3.0,3.0,,3.0,No
E-2036,Sofia Weber,Sales,Account Executive,2025-10-02,2026-09-25,5340.0,45,Male,0.98,3.0,3.0,,3.0,3.0,Yes
E-1152,Maria Garcia,Engineering,Software Engineer,2024-02-07,,7470.0,37,Male,2.63,,3.0,3.0,3.0,3.0,No
E-1959,Sven Novak,Engineering,Engineering Manager,2021-11-19,2026-09-25,6060.0,52,Male,4.85,3.0,3.0,3.0,3.0,3.0,Yes
E-1067,Vera Garcia,Engineering,Software Engineer,2026-07-07,2026-09-25,6008.0,25,Female,0.22,3.0,3.0,2.0,3.0,3.0,Yes
E-1705,Okafor Andersson,Engineering,Data Engineer,2011-10-28,,7127.0,62,Female,14.91,3.0,3.0,3.0,3.0,3.0,No
E-1164,Rosa Smith,Engineering,Software Engineer,2018-08-09,,6811.0,45,Female,8.13,3.0,2.0,3.0,3.0,3.0,No
E-1535,Noah Wei,Engineering,QA Analyst,2018-01-01,,7751.0,24,Male,8.73,3.0,3.0,3.0,2.0,2.0,No
E-1080,Umar Santos,Engineering,Software Engineer,2023-12-11,2026-09-25,5515.0,38,Female,2.79,3.0,3.0,3.0,2.0,2.0,Yes
E-1629,Hana Popescu,Engineering,Data Engineer,2022-02-03,,6663.0,58,Female,4.64,3.0,2.0,3.0,2.0,3.0,No
E-1602,Petra Okafor,Engineering,Data Engineer,2016-12-07,2026-09-25,6460.0,29,Male,9.8,3.0,3.0,3.0,3.0,3.0,Yes
E-2015,Mei Ivanov,Engineering,Engineering Manager,2020-02-26,,7172.0,24,Female,6.58,3.0,,2.0,3.0,3.0,No
E-2405,Petra Duarte,Sales,Sales Development Rep,2024-03-30,,5995.0,35,Male,2.49,3.0,2.0,3.0,3.0,3.0,No
E-1609,Oscar Novak,Engineering,Data Engineer,2018-07-07,,6831.0,49,Male,8.22,3.0,3.0,2.0,3.0,2.0,No
E-1185,Grace Kaur,Engineering,Software Engineer,2024-03-08,,,22,Male,2.55,3.0,3.0,3.0,2.0,3.0,No
E-1157,Hana O'brien,Engineering,Software Engineer,2019-10-21,,6758.0,25,Male,6.93,3.0,3.0,3.0,3.0,3.0,No
E-2456,Emma Kim,Sales,Sales Manager,2014-02-14,,5255.0,29,Female,12.61,3.0,,3.0,3.0,,No
E-1779,Paul Haddad,Engineering,Support Engineer,2026-04-25,,6651.0,47,Male,0.42,3.0,3.0,2.0,2.0,2.0,No
E-2376,Mei Andersson,Sales,Sales Development Rep,2017-08-05,2026-09-25,5383.0,34,Female,9.14,3.0,2.0,3.0,2.0,3.0,Yes
E-1022,Julia Ivanov,Human Resources,HR Partner,2025-10-28,,5056.0,54,Female,0.91,2.0,3.0,3.0,3.0,3.0,No
E-1723,Nina Kowalski,Engineering,Data Engineer,2026-04-14,,7029.0,29,Male,0.45,2.0,,3.0,2.0,3.0,No
E-1513,Priya Farah,Engineering,QA Analyst,2017-10-09,,7544.0,27,Female,8.96,2.0,3.0,3.0,2.0,3.0,No
E-2211,Ivan Chen,Sales,Account Executive,2024-04-28,,6702.0,21,Female,2.41,,3.0,3.0,3.0,3.0,No
E-1369,Emma O'brien,Engineering,QA Analyst,2026-08-16,2026-09-25,5266.0,31,Female,0.11,3.0,3.0,3.0,2.0,3.0,Yes
E-2285,Miguel Garcia,Sales,Account Executive,2022-02-11,,6109.0,35,Male,4.62,2.0,3.0,3.0,,3.0,No
E-1952,Fatima Popescu,Engineering,Engineering Lead,2022-06-07,,7577.0,39,Male,4.3,2.0,3.0,3.0,3.0,2.0,No
E-2450,Wei Chen,Sales,Sales Manager,2025-10-06,2026-09-25,5764.0,26,Male,0.97,3.0,3.0,2.0,3.0,3.0,Yes
E-2411,Lucas Kim,Sales,Sales Development Rep,2019-11-01,,5820.0,34,Male,6.9,3.0,3.0,2.0,2.0,3.0,No
E-1169,Miguel Popescu,Engineering,Software Engineer,2017-05-09,,7081.0,36,Male,9.38,3.0,3.0,3.0,3.0,3.0,No
E-1588,Igor Nakamura,Engineering,QA Analyst,2022-03-04,,7122.0,24,Male,4.56,2.0,3.0,3.0,3.0,3.0,No
E-1679,Paul Garcia,Engineering,Data Engineer,2024-08-23,,7192.0,56,Male,2.09,3.0,3.0,2.0,3.0,3.0,No
E-2226,Lucas Wei,Sales,Account Executive,2021-10-24,,6594.0,27,Female,4.92,3.0,3.0,3.0,2.0,3.0,No
E-1225,James Wei,Engineering,Software Engineer,2022-08-27,,,56,Male,4.08,3.0,3.0,3.0,,3.0,No
E-1518,Rosa Ivanov,Engineering,QA Analyst,2021-12-21,,7270.0,33,Male,4.76,2.0,2.0,3.0,2.0,3.0,No
E-1672,Miguel Santos,Engineering,Data Engineer,2022-01-23,,6662.0,37,Female,4.67,3.0,2.0,2.0,3.0,3.0,No
E-1154,Wei Novak,Engineering,Software Engineer,2022-08-19,,7189.0,55,Female,4.1,2.0,2.0,3.0,3.0,3.0,No
E-1050,Sofia O'brien,Human Resources,HR Manager,2018-06-26,,,36,Female,8.25,3.0,3.0,3.0,3.0,3.0,No
E-2158,Miguel O'brien,Sales,Account Executive,2024-05-23,,6228.0,40,Female,2.34,2.0,3.0,3.0,2.0,3.0,No
E-1594,Carlos Novak,Engineering,Data Engineer,2024-08-19,2026-09-25,6904.0,31,Female,2.1,3.0,3.0,2.0,3.0,,Yes
E-2350,Kenji Garcia,Sales,Sales Development Rep,2026-05-17,2026-09-25,5627.0,38,Male,0.36,3.0,3.0,,,3.0,Yes
E-2059,Li Kaur,Sales,Account Executive,2025-12-21,2026-09-25,5655.0,18,Female,0.76,2.0,3.0,3.0,2.0,3.0,Yes
E-1560,Miguel Weber,Engineering,QA Analyst,2020-04-28,,7967.0,38,Male,6.41,2.0,2.0,2.0,2.0,3.0,No
E-1324,Talia Andersson,Engineering,Software Engineer,2019-10-14,,6441.0,56,Male,6.95,3.0,3.0,3.0,3.0,,No
E-1835,Noah Wei,Engineering,Support Engineer,2022-03-12,,7115.0,19,Female,4.54,3.0,3.0,3.0,3.0,3.0,No
E-1230,Umar Garcia,Engineering,Software Engineer,2019-11-26,,6335.0,36,Male,6.83,3.0,3.0,3.0,,,No
E-2066,Petra Garcia,Sales,Account Executive,2024-08-12,2026-09-25,5308.0,34,Male,2.12,3.0,2.0,3.0,3.0,3.0,Yes
E-1284,Igor Haddad,Engineering,Software Engineer,2019-10-10,,6889.0,34,Female,6.96,3.0,3.0,3.0,3.0,3.0,No
E-1478,Lara Andersson,Engineering,QA Analyst,2024-03-19,,,33,Male,2.52,3.0,,3.0,3.0,2.0,No
E-1991,Grace Chen,Engineering,Engineering Manager,2018-04-10,,7302.0,42,Female,8.46,3.0,3.0,,3.0,3.0,No
E-1537,Quinn Garcia,Engineering,QA Analyst,2023-12-07,,7574.0,24,Female,2.8,2.0,,3.0,3.0,3.0,No
E-1016,Miguel Farah,Human Resources,HR Partner,2025-12-29,,,48,Female,0.74,2.0,3.0,2.0,3.0,3.0,No
E-1162,Ivan Farah,Engineering,Software Engineer,2024-01-16,,6816.0,36,Male,2.69,3.0,3.0,3.0,3.0,3.0,No
E-2125,Maria Kaur,Sales,Account Executive,2018-01-31,,5991.0,52,Female,8.65,2.0,3.0,2.0,3.0,3.0,No
E-1366,James Smith,Engineering,QA Analyst,2024-06-14,2026-09-25,6189.0,37,Female,2.28,2.0,3.0,3.0,,2.0,Yes
E-2042,Rosa Wei,Sales,Account Executive,2024-05-01,2026-09-25,5818.0,43,Female,2.4,3.0,3.0,2.0,3.0,3.0,Yes
E-1196,Tomas Okafor,Engineering,Software Engineer,2024-08-08,,7354.0,45,Female,2.13,3.0,3.0,3.0,3.0,2.0,No
E-1318,Lucas Santos,Engineering,Software Engineer,2014-04-03,,,55,Female,12.48,3.0,3.0,3.0,2.0,2.0,No
E-2312,David Kaur,Sales,Account Executive,2017-07-06,,5849.0,34,Female,9.22,3.0,2.0,3.0,3.0,2.0,No
E-1217,David Haddad,Engineering,Software Engineer,2024-01-20,,7039.0,49,Female,2.68,2.0,3.0,3.0,2.0,2.0,No
E-1829,Ivan Duarte,Engineering,Support Engineer,2022-08-01,,6557.0,53,Male,4.15,3.0,3.0,2.0,3.0,3.0,No
E-1720,Mei Kaur,Engineering,Data Engineer,2014-02-03,,6690.0,46,Female,12.64,3.0,3.0,2.0,3.0,,No
E-1716,Zoe Okafor,Engineering,Data Engineer,2023-10-03,,7223.0,27,Female,2.98,3.0,2.0,3.0,2.0,3.0,No
E-1469,Maria Nair,Engineering,QA Analyst,2021-12-18,,7226.0,28,Male,4.77,2.0,3.0,3.0,3.0,2.0,No
E-2488,Kenji Wei,Sales,Sales Manager,2022-08-30,,6312.0,32,Male,4.07,3.0,,2.0,3.0,2.0,No
E-1680,Hana Wei,Engineering,Data Engineer,2025-10-24,,7114.0,41,Male,0.92,3.0,,2.0,3.0,2.0,No
E-1811,Priya Weber,Engineering,Support Engineer,2024-04-17,,7579.0,49,Female,2.44,3.0,3.0,3.0,3.0,3.0,No
E-2356,David Garcia,Sales,Sales Development Rep,2024-08-30,2026-09-25,5630.0,42,Male,2.07,,2.0,2.0,2.0,3.0,Yes
E-2359,Mei Duarte,Sales,Sales Development Rep,2026-02-22,2026-09-25,6011.0,36,Male,0.59,3.0,3.0,3.0,3.0,3.0,Yes
E-1795,Tomas Smith,Engineering,Support Engineer,2022-07-14,,8420.0,38,Female,4.2,3.0,3.0,3.0,,2.0,No
E-1321,Maria Weber,Engineering,Software Engineer,2006-08-09,,7318.0,34,Male,20.13,3.0,3.0,3.0,3.0,3.0,No
E-1214,Petra O'brien,Engineering,Software Engineer,2025-09-25,,7063.0,35,Male,1.0,3.0,,2.0,2.0,3.0,No
E-1172,Li Duarte,Engineering,Software Engineer,2024-04-28,,6939.0,32,Male,2.41,3.0,3.0,3.0,3.0,2.0,No
E-1546,Quinn Garcia,Engineering,QA Analyst,2021-12-03,,7260.0,41,Male,4.81,2.0,2.0,3.0,2.0,3.0,No
E-1995,Emma Ivanov,Engineering,Engineering Manager,2020-08-01,,8028.0,55,Female,6.15,3.0,3.0,3.0,3.0,3.0,No
E-1571,Zoe Silva,Engineering,QA Analyst,2020-08-12,,7016.0,41,Female,6.12,3.0,3.0,2.0,3.0,2.0,No
E-2427,Grace Popescu,Sales,Sales Development Rep,2024-04-06,,5958.0,19,Male,2.47,2.0,2.0,2.0,,3.0,No
E-1917,Petra Nakamura,Engineering,Engineering Lead,2018-02-14,,6255.0,43,Male,8.61,3.0,3.0,3.0,3.0,3.0,No
E-1428,Ivan Diallo,Engineering,QA Analyst,2022-01-12,,7081.0,35,Male,4.7,3.0,3.0,3.0,2.0,3.0,No
E-1620,Omar Kowalski,Engineering,Data Engineer,2022-01-01,,6504.0,44,Male,4.73,3.0,3.0,,2.0,2.0,No
E-2478,Quinn Duarte,Sales,Sales Manager,2015-02-22,,6153.0,31,Male,11.59,3.0,2.0,3.0,,3.0,No
E-1046,Emma Chen,Human Resources,HR Partner,2021-10-28,,4429.0,27,Female,4.91,2.0,3.0,3.0,3.0,3.0,No
E-1806,Maria Novak,Engineering,Support Engineer,2026-05-31,,6049.0,21,Male,0.32,,3.0,3.0,2.0,3.0,No
E-1250,David Okafor,Engineering,Software Engineer,2026-03-19,,5953.0,44,Male,0.52,3.0,3.0,3.0,3.0,3.0,No
E-1639,Rosa Kaur,Engineering,Data Engineer,2026-07-14,,7075.0,44,Female,0.2,2.0,,2.0,2.0,3.0,No
E-1554,Igor O'brien,Engineering,QA Analyst,2022-01-12,,7493.0,57,Male,4.7,2.0,3.0,3.0,3.0,2.0,No
E-1086,Julia Okafor,Engineering,Software Engineer,2007-01-16,2026-09-25,,20,Female,19.69,3.0,3.0,3.0,2.0,3.0,Yes
E-1374,Nadia Garcia,Engineering,QA Analyst,2023-12-26,2026-09-25,5689.0,47,Female,2.75,3.0,3.0,3.0,3.0,3.0,Yes
E-2432,Okafor Kowalski,Sales,Sales Development Rep,2024-05-12,,6338.0,56,Male,2.37,2.0,2.0,3.0,3.0,3.0,No
E-1545,Ivan Novak,Engineering,QA Analyst,2004-12-28,,7464.0,32,Female,21.74,,2.0,2.0,,2.0,No
E-1785,Wei Garcia,Engineering,Support Engineer,2026-02-14,,6383.0,22,Female,0.61,3.0,2.0,3.0,2.0,,No
E-2054,David Okafor,Sales,Account Executive,2026-04-03,2026-09-25,5372.0,35,Female,0.48,3.0,,3.0,3.0,3.0,Yes
E-1861,Priya Weber,Engineering,Support Engineer,2022-04-10,,6502.0,38,Female,4.46,3.0,,3.0,3.0,3.0,No
E-2095,Zoe Kowalski,Sales,Account Executive,2017-10-02,,6832.0,27,Male,8.98,3.0,3.0,3.0,,3.0,No
E-1347,Talia Farah,Engineering,QA Analyst,2014-05-24,2026-09-25,5754.0,44,Male,12.34,3.0,3.0,3.0,3.0,2.0,Yes
E-1984,Okafor Nair,Engineering,Engineering Manager,2005-08-30,,6529.0,57,Female,21.07,3.0,3.0,3.0,2.0,2.0,No
E-1445,Maria Wei,Engineering,QA Analyst,2026-06-18,,7660.0,38,Female,0.27,2.0,2.0,3.0,3.0,2.0,No
E-1297,Yusuf Nakamura,Engineering,Software Engineer,2017-06-07,,7550.0,38,Female,9.3,2.0,3.0,3.0,3.0,3.0,No
E-1208,Yusuf Santos,Engineering,Software Engineer,2021-12-14,,6824.0,48,Female,4.78,2.0,2.0,3.0,3.0,3.0,No
E-1102,Kenji Popescu,Engineering,Software Engineer,2020-01-24,,7089.0,28,Female,6.67,3.0,2.0,2.0,3.0,3.0,No
E-1611,Li Novak,Engineering,Data Engineer,2018-04-14,,6936.0,47,Male,8.45,3.0,2.0,3.0,2.0,3.0,No
E-2171,Lucas Smith,Sales,Account Executive,2024-09-06,,5829.0,34,Male,2.05,3.0,2.0,,3.0,3.0,No
E-1411,Igor Diallo,Engineering,QA Analyst,2022-08-09,,8603.0,42,Female,4.13,2.0,3.0,3.0,2.0,2.0,No
E-1570,Igor Nair,Engineering,QA Analyst,2026-05-17,,7540.0,29,Female,0.36,3.0,,3.0,3.0,2.0,No
E-2092,Carlos Kowalski,Sales,Account Executive,2017-05-16,,6037.0,40,Female,9.36,3.0,3.0,3.0,3.0,3.0,No
E-2148,Ivan Nair,Sales,Account Executive,2021-10-31,,5911.0,40,Male,4.9,3.0,3.0,2.0,2.0,3.0,No
E-2326,Nadia Duarte,Sales,Account Executive,2022-05-24,,6638.0,37,Female,4.34,2.0,3.0,3.0,3.0,3.0,No
E-1078,Carlos Andersson,Engineering,Software Engineer,2026-07-18,2026-09-25,5825.0,23,Female,0.19,3.0,2.0,3.0,3.0,3.0,Yes
E-1774,Quinn Farah,Engineering,Support Engineer,2024-04-06,,6608.0,52,Female,2.47,3.0,3.0,3.0,3.0,2.0,No
E-1356,Mei Diallo,Engineering,QA Analyst,2020-01-27,2026-09-25,6116.0,32,Male,6.66,3.0,3.0,,3.0,2.0,Yes
E-1117,Omar Ivanov,Engineering,Software Engineer,2021-11-04,,6609.0,29,Female,4.89,3.0,3.0,3.0,2.0,2.0,No
E-1173,Vera Smith,Engineering,Software Engineer,2024-02-15,,6606.0,37,Male,2.61,3.0,3.0,3.0,3.0,3.0,No
E-1191,James Farah,Engineering,Software Engineer,2020-01-20,,6542.0,37,Male,6.68,3.0,3.0,3.0,2.0,2.0,No
E-1206,Kenji Andersson,Engineering,Software Engineer,2011-11-08,,6795.0,38,Female,14.88,,3.0,3.0,3.0,2.0,No
E-1383,Mei Kim,Engineering,QA Analyst,2024-08-30,2026-09-25,5736.0,32,Male,2.07,3.0,2.0,,3.0,3.0,Yes
E-1049,Wei Rossi,Human Resources,HR Manager,2026-07-07,2026-09-25,4715.0,33,Male,0.22,3.0,3.0,3.0,2.0,3.0,Yes
E-1990,Priya Diallo,Engineering,Engineering Manager,2022-02-11,,,37,Male,4.62,3.0,3.0,3.0,3.0,3.0,No
E-1031,Kenji Osei,Human Resources,HR Partner,2017-07-21,,5087.0,64,Male,9.18,2.0,3.0,3.0,3.0,3.0,No
E-1725,Umar Silva,Engineering,Data Engineer,2026-08-12,,6328.0,30,Female,0.12,3.0,3.0,3.0,,3.0,No
E-2011,Wei Garcia,Engineering,Engineering Manager,2024-03-04,,,20,Male,2.56,3.0,2.0,2.0,3.0,3.0,No
E-1194,Lara Lindgren,Engineering,Software Engineer,2024-02-22,,7132.0,26,Male,2.59,3.0,3.0,3.0,3.0,3.0,No
E-1413,Rosa Nair,Engineering,QA Analyst,2019-10-10,,6531.0,53,Male,6.96,2.0,3.0,3.0,2.0,2.0,No
E-1824,John Haddad,Engineering,Support Engineer,2012-04-24,,7495.0,36,Male,14.42,3.0,3.0,2.0,,3.0,No
E-2249,Grace Santos,Sales,Account Executive,2021-11-19,,6549.0,44,Female,4.85,3.0,3.0,3.0,3.0,3.0,No
E-1441,Tomas Andersson,Engineering,QA Analyst,2022-09-07,,6914.0,32,Female,4.05,3.0,3.0,3.0,,3.0,No
E-1268,Maria Andersson,Engineering,Software Engineer,2018-08-16,,,39,Male,8.11,3.0,3.0,3.0,3.0,3.0,No
E-1279,Vera Duarte,Engineering,Software Engineer,2025-12-29,,6060.0,40,Male,0.74,3.0,2.0,3.0,3.0,3.0,No
E-1105,Rosa Kaur,Engineering,Software Engineer,2026-09-14,,7805.0,22,Male,0.03,3.0,3.0,2.0,3.0,3.0,No
E-1398,Tomas Kaur,Engineering,QA Analyst,2024-08-08,,6598.0,31,Male,2.13,,3.0,3.0,3.0,3.0,No
E-1057,Igor Diallo,Human Resources,HR Manager,2020-01-27,,4988.0,58,Male,6.66,3.0,3.0,3.0,3.0,2.0,No
E-2413,Anna Haddad,Sales,Sales Development Rep,2014-01-12,,5457.0,39,Female,12.7,3.0,2.0,2.0,3.0,3.0,No
E-1816,Talia Farah,Engineering,Support Engineer,2020-03-30,,6889.0,44,Female,6.49,3.0,3.0,3.0,2.0,3.0,No
E-1804,Igor Ivanov,Engineering,Support Engineer,2022-04-21,,8601.0,53,Female,4.43,3.0,3.0,2.0,3.0,3.0,No
E-1270,Grace Weber,Engineering,Software Engineer,2020-02-15,,6956.0,50,Female,6.61,3.0,2.0,3.0,3.0,3.0,No
E-1440,Noah Lindgren,Engineering,QA Analyst,2026-06-04,,6962.0,49,Female,0.31,3.0,3.0,3.0,2.0,2.0,No
E-1581,Emma Rossi,Engineering,QA Analyst,2007-05-17,,7104.0,32,Male,19.36,2.0,2.0,2.0,3.0,3.0,No
E-2132,Noah Lindgren,Sales,Account Executive,2020-07-21,,6471.0,23,Male,6.18,3.0,2.0,2.0,3.0,3.0,No
E-2190,Lara O'brien,Sales,Account Executive,2013-09-06,,,33,Male,13.05,3.0,3.0,3.0,3.0,3.0,No
E-2222,Oscar Nakamura,Sales,Account Executive,2022-05-09,,6632.0,41,Female,4.38,2.0,2.0,3.0,3.0,3.0,No
E-2069,Quinn Garcia,Sales,Account Executive,2024-08-01,2026-09-25,5675.0,18,Female,2.15,3.0,3.0,,3.0,3.0,Yes
E-1127,Fatima Ivanov,Engineering,Software Engineer,2019-12-18,,,49,Male,6.77,3.0,3.0,3.0,2.0,3.0,No
E-2325,Priya Diallo,Sales,Account Executive,2025-12-14,,5592.0,34,Male,0.78,3.0,2.0,3.0,,3.0,No
E-1380,Zoe Duarte,Engineering,QA Analyst,2024-07-21,2026-09-25,,48,Male,2.18,3.0,2.0,2.0,3.0,3.0,Yes
E-2421,Vera Haddad,Sales,Sales Development Rep,2022-08-19,,7063.0,29,Male,4.1,3.0,3.0,3.0,3.0,,No
E-2184,Aisha Osei,Sales,Account Executive,2026-05-09,,6907.0,49,Male,0.38,2.0,3.0,3.0,3.0,2.0,No
E-2372,Carlos Farah,Sales,Sales Development Rep,2025-11-29,2026-09-25,5429.0,23,Female,0.82,3.0,3.0,3.0,3.0,3.0,Yes
E-1572,Talia Farah,Engineering,QA Analyst,2020-03-19,,7756.0,65,Male,6.52,3.0,3.0,2.0,3.0,2.0,No
E-1839,Miguel Lindgren,Engineering,Support Engineer,2019-10-28,,6133.0,27,Male,6.91,3.0,3.0,3.0,,2.0,No
E-1631,Oscar Wei,Engineering,Data Engineer,2022-04-14,,6183.0,52,Male,4.45,3.0,3.0,3.0,3.0,3.0,No
E-1652,Okafor Nair,Engineering,Data Engineer,2024-06-11,,6654.0,35,Female,2.29,3.0,3.0,3.0,3.0,3.0,No
E-1257,Tomas Nair,Engineering,Software Engineer,2022-04-28,,,35,Female,4.41,3.0,2.0,2.0,2.0,3.0,No
E-1211,Talia Garcia,Engineering,Software Engineer,2025-10-20,,7084.0,41,Male,0.93,2.0,3.0,3.0,3.0,3.0,No
E-1547,Wei Weber,Engineering,QA Analyst,2025-09-25,,6582.0,39,Male,1.0,2.0,3.0,2.0,2.0,3.0,No
E-1699,Emma Kim,Engineering,Data Engineer,2022-07-21,,6854.0,27,Female,4.18,3.0,3.0,,3.0,2.0,No
E-1628,Julia Kowalski,Engineering,Data Engineer,2022-07-21,,7006.0,30,Male,4.18,3.0,3.0,3.0,3.0,,No
E-1663,Anna Haddad,Engineering,Data Engineer,2016-10-09,,6974.0,55,Male,9.96,3.0,3.0,3.0,3.0,3.0,No
E-1927,Anna Diallo,Engineering,Engineering Lead,2010-05-20,,6614.0,47,Male,16.35,3.0,3.0,3.0,3.0,2.0,No
E-1360,Li Silva,Engineering,QA Analyst,2025-10-31,2026-09-25,6345.0,23,Male,0.9,3.0,3.0,3.0,2.0,3.0,Yes
E-1038,Ivan Garcia,Human Resources,HR Partner,2022-02-25,,5933.0,28,Female,4.58,2.0,2.0,3.0,3.0,3.0,No
E-1163,Nadia Andersson,Engineering,Software Engineer,2020-05-20,,8244.0,42,Female,6.35,3.0,2.0,3.0,3.0,3.0,No
E-2214,Talia Farah,Sales,Account Executive,2015-05-24,,6823.0,33,Male,11.34,2.0,3.0,3.0,2.0,3.0,No
E-1976,Rosa Chen,Engineering,Engineering Manager,2021-10-24,,6712.0,49,Female,4.92,3.0,3.0,3.0,3.0,3.0,No
E-1474,Vera Kaur,Engineering,QA Analyst,2020-08-26,,5929.0,51,Male,6.08,,3.0,2.0,3.0,3.0,No
E-2240,Li Chen,Sales,Account Executive,2022-08-19,,5908.0,32,Female,4.1,3.0,3.0,2.0,3.0,2.0,No
E-1056,Quinn Rossi,Human Resources,HR Manager,2022-05-24,,4951.0,48,Female,4.34,3.0,3.0,3.0,3.0,3.0,No
E-1549,Omar Haddad,Engineering,QA Analyst,2013-12-14,,7114.0,48,Female,12.78,2.0,3.0,2.0,,3.0,No
E-1707,Kenji Kim,Engineering,Data Engineer,2022-07-18,,5973.0,65,Female,4.19,3.0,2.0,3.0,2.0,3.0,No
E-2177,Mei Nakamura,Sales,Account Executive,2022-08-01,,6694.0,41,Female,4.15,,2.0,3.0,3.0,,No
E-1940,Lucas Garcia,Engineering,Engineering Lead,2024-05-31,,7736.0,58,Male,2.32,3.0,3.0,,3.0,3.0,No
E-2336,Oscar Kaur,Sales,Account Executive,2017-10-28,,6107.0,51,Female,8.91,3.0,2.0,2.0,3.0,2.0,No
E-2400,Mei Farah,Sales,Sales Development Rep,2011-11-01,,5494.0,36,Female,14.9,3.0,3.0,2.0,2.0,3.0,No
E-1906,Umar Okafor,Engineering,Engineering Lead,2009-08-19,,7413.0,34,Male,17.1,3.0,3.0,3.0,2.0,2.0,No
E-1983,Lara Rossi,Engineering,Engineering Manager,2022-05-09,,7465.0,31,Male,4.38,3.0,3.0,,3.0,3.0,No
E-2332,Okafor Duarte,Sales,Account Executive,2021-10-02,,,37,Female,4.98,2.0,3.0,2.0,3.0,3.0,No
E-2284,Anna Duarte,Sales,Account Executive,2021-10-31,,6057.0,54,Female,4.9,2.0,,2.0,3.0,3.0,No
E-1464,Grace Chen,Engineering,QA Analyst,2011-11-23,,6182.0,43,Male,14.84,2.0,3.0,3.0,3.0,2.0,No
E-2016,Lucas Ivanov,Engineering,Engineering Manager,2016-11-04,,6656.0,35,Female,9.89,3.0,3.0,3.0,3.0,3.0,No
E-1721,Priya Garcia,Engineering,Data Engineer,2018-08-12,,7716.0,27,Male,8.12,3.0,,2.0,,3.0,No
E-1180,Miguel Novak,Engineering,Software Engineer,2026-06-26,,7043.0,36,Male,0.25,2.0,3.0,,3.0,3.0,No
E-2288,Zoe Diallo,Sales,Account Executive,2026-01-09,,,39,Female,0.71,2.0,3.0,3.0,3.0,2.0,No
E-1745,Nina Santos,Engineering,Support Engineer,2026-07-10,2026-09-25,5908.0,31,Male,0.21,2.0,3.0,3.0,2.0,3.0,Yes
E-1538,Yusuf Santos,Engineering,QA Analyst,2017-06-22,,6324.0,47,Female,9.26,2.0,3.0,3.0,3.0,3.0,No
E-2382,Grace Haddad,Sales,Sales Development Rep,2019-10-17,,6082.0,37,Female,6.94,,3.0,3.0,3.0,3.0,No
E-2317,Okafor Silva,Sales,Account Executive,2012-08-26,,6261.0,39,Male,14.08,3.0,3.0,2.0,,2.0,No
E-2281,Paul Wei,Sales,Account Executive,2024-03-08,,5868.0,48,Male,2.55,,2.0,3.0,3.0,3.0,No
E-1237,Li Osei,Engineering,Software Engineer,2020-05-27,,6849.0,40,Male,6.33,3.0,3.0,3.0,3.0,3.0,No
E-2014,Aisha Weber,Engineering,Engineering Manager,2022-05-27,,,47,Female,4.33,3.0,3.0,2.0,3.0,2.0,No
E-1233,Rosa Kim,Engineering,Software Engineer,2022-01-12,,6729.0,37,Male,4.7,3.0,3.0,3.0,2.0,3.0,No
E-1414,Li Andersson,Engineering,QA Analyst,2021-12-03,,7041.0,54,Male,4.81,2.0,3.0,2.0,3.0,2.0,No
E-1692,Umar Rossi,Engineering,Data Engineer,2022-09-21,,,30,Female,4.01,3.0,3.0,2.0,2.0,3.0,No
E-1733,Lucas Nakamura,Engineering,Data Engineer,2022-01-12,,6541.0,48,Female,4.7,3.0,,3.0,3.0,3.0,No
E-1075,Anna Kaur,Engineering,Software Engineer,2024-08-12,2026-09-25,6048.0,32,Female,2.12,3.0,3.0,3.0,2.0,3.0,Yes
E-1346,Omar Farah,Engineering,QA Analyst,2025-10-31,2026-09-25,5807.0,23,Male,0.9,2.0,3.0,2.0,2.0,3.0,Yes
E-1640,Priya Ivanov,Engineering,Data Engineer,2026-04-03,,6702.0,26,Male,0.48,,2.0,2.0,3.0,3.0,No
E-2392,Zoe Osei,Sales,Sales Development Rep,2026-07-03,,6645.0,39,Male,0.23,2.0,2.0,2.0,3.0,3.0,No
E-2037,Fatima Garcia,Sales,Account Executive,2026-06-07,2026-09-25,6073.0,39,Male,0.3,2.0,3.0,2.0,2.0,3.0,Yes
E-2050,Anna Kaur,Sales,Account Executive,2022-01-05,2026-09-25,6006.0,46,Male,4.72,3.0,3.0,3.0,2.0,3.0,Yes
E-2117,David Duarte,Sales,Account Executive,2024-01-09,,6683.0,35,Female,2.71,3.0,2.0,,3.0,,No
E-1512,Mei Novak,Engineering,QA Analyst,2023-10-28,,7222.0,60,Female,2.91,2.0,3.0,,2.0,2.0,No
E-1355,Julia Nair,Engineering,QA Analyst,2024-02-04,2026-09-25,6533.0,46,Male,2.64,3.0,3.0,2.0,2.0,3.0,Yes
E-1799,Fatima Santos,Engineering,Support Engineer,2020-07-17,,6178.0,60,Female,6.19,3.0,3.0,3.0,3.0,2.0,No
E-1326,Hana Smith,Engineering,Software Engineer,2018-05-24,,6564.0,18,Male,8.34,3.0,2.0,2.0,2.0,3.0,No
E-2329,Lucas Novak,Sales,Account Executive,2022-02-07,,5874.0,39,Female,4.63,3.0,2.0,3.0,3.0,3.0,No
E-1124,Vera Kowalski,Engineering,Software Engineer,2020-01-31,,7314.0,43,Female,6.65,3.0,2.0,3.0,3.0,3.0,No
E-1387,Nina Okafor,Engineering,QA Analyst,2022-03-04,2026-09-25,,27,Male,4.56,2.0,3.0,3.0,2.0,3.0,Yes
E-1675,Maria Ivanov,Engineering,Data Engineer,2022-06-15,,7241.0,40,Female,4.28,3.0,2.0,3.0,3.0,3.0,No
E-1935,Ivan Chen,Engineering,Engineering Lead,2016-10-24,,7059.0,38,Male,9.92,2.0,3.0,3.0,3.0,3.0,No
E-2218,Igor Duarte,Sales,Account Executive,2022-07-07,,6433.0,38,Female,4.22,3.0,2.0,3.0,2.0,2.0,No
E-2163,Noah Kowalski,Sales,Account Executive,2021-12-18,,5692.0,31,Male,4.77,3.0,2.0,2.0,3.0,3.0,No
E-2021,Fatima Farah,Sales,Account Executive,2025-10-17,2026-09-25,5542.0,24,Male,0.94,2.0,3.0,2.0,3.0,3.0,Yes
E-2482,Petra Smith,Sales,Sales Manager,2016-10-27,,6562.0,34,Male,9.91,2.0,3.0,3.0,3.0,3.0,No
E-2377,Quinn Haddad,Sales,Sales Development Rep,2026-03-23,2026-09-25,6291.0,29,Female,0.51,2.0,2.0,3.0,2.0,3.0,Yes
E-2279,Carlos Novak,Sales,Account Executive,2022-06-11,,7595.0,43,Female,4.29,3.0,3.0,2.0,3.0,2.0,No
E-2354,Hana Santos,Sales,Sales Development Rep,2024-06-03,2026-09-25,5955.0,51,Female,2.31,3.0,2.0,3.0,3.0,,Yes
E-1938,Mei Nakamura,Engineering,Engineering Lead,2013-10-31,,6556.0,41,Male,12.9,3.0,3.0,3.0,3.0,3.0,No
E-2358,Sofia Osei,Sales,Sales Development Rep,2024-08-26,2026-09-25,5742.0,27,Male,2.08,3.0,2.0,3.0,2.0,3.0,Yes
E-1408,Rosa Kowalski,Engineering,QA Analyst,2013-04-24,,6882.0,52,Female,13.42,3.0,3.0,2.0,2.0,3.0,No
E-2300,Sofia Silva,Sales,Account Executive,2017-09-28,,6654.0,27,Male,8.99,3.0,,3.0,3.0,3.0,No
E-1069,Sofia Nakamura,Engineering,Software Engineer,2026-03-04,2026-09-25,6091.0,55,Male,0.56,3.0,3.0,3.0,2.0,3.0,Yes
E-1741,Hana Diallo,Engineering,Support Engineer,2021-10-06,2026-09-25,5373.0,46,Male,4.97,,3.0,2.0,2.0,3.0,Yes
E-2138,James Popescu,Sales,Account Executive,2022-09-10,,6030.0,27,Male,4.04,2.0,3.0,,2.0,3.0,No
E-2053,Wei Kaur,Sales,Account Executive,2026-07-03,2026-09-25,,46,Male,0.23,2.0,3.0,,3.0,3.0,Yes
E-1994,Miguel Andersson,Engineering,Engineering Manager,2024-08-08,,6899.0,41,Female,2.13,3.0,3.0,3.0,2.0,3.0,No
E-1908,Quinn Novak,Engineering,Engineering Lead,2026-08-16,,6871.0,29,Female,0.11,3.0,3.0,3.0,3.0,2.0,No
E-1850,Umar O'brien,Engineering,Support Engineer,2024-01-31,,,56,Male,2.65,2.0,2.0,2.0,3.0,2.0,No
E-1189,Oscar Haddad,Engineering,Software Engineer,2022-05-02,,,40,Male,4.4,3.0,3.0,3.0,3.0,3.0,No
E-1737,Maria Popescu,Engineering,Data Engineer,2019-12-11,,6494.0,34,Female,6.79,3.0,3.0,,3.0,3.0,No
E-2486,Noah Osei,Sales,Sales Manager,2007-05-06,,5955.0,30,Female,19.39,,2.0,3.0,3.0,3.0,No
E-2031,Rosa Popescu,Sales,Account Executive,2019-10-28,2026-09-25,5963.0,26,Female,6.91,3.0,3.0,2.0,3.0,3.0,Yes
E-1047,Vera Diallo,Human Resources,HR Partner,2024-01-31,,5137.0,45,Male,2.65,3.0,3.0,3.0,3.0,3.0,No
E-1323,David Weber,Engineering,Software Engineer,2010-01-05,,6665.0,32,Female,16.72,3.0,3.0,3.0,3.0,2.0,No
E-1052,Anna Diallo,Human Resources,HR Manager,2017-05-05,,5260.0,35,Male,9.39,3.0,3.0,2.0,2.0,3.0,No
E-1973,Miguel Silva,Engineering,Engineering Manager,2020-03-11,,,56,Male,6.54,3.0,3.0,3.0,3.0,3.0,No
E-2239,Hana Popescu,Sales,Account Executive,2022-01-27,,6285.0,32,Female,4.66,3.0,2.0,3.0,3.0,3.0,No
E-1055,Sven Kaur,Human Resources,HR Manager,2021-11-15,,5304.0,40,Female,4.86,3.0,3.0,3.0,3.0,3.0,No
E-1702,Ivan Farah,Engineering,Data Engineer,2026-04-28,,7043.0,50,Male,0.41,3.0,3.0,3.0,,3.0,No
E-1239,Mei Andersson,Engineering,Software Engineer,2017-02-10,,7721.0,38,Male,9.62,3.0,3.0,3.0,3.0,2.0,No
E-1187,Petra Popescu,Engineering,Software Engineer,2013-06-11,,7234.0,34,Female,13.29,3.0,3.0,,3.0,3.0,No
E-1465,Omar Weber,Engineering,QA Analyst,2025-10-28,,7415.0,48,Male,0.91,2.0,3.0,3.0,3.0,3.0,No
E-1543,Yusuf Nair,Engineering,QA Analyst,2026-05-02,,7179.0,48,Male,0.4,3.0,2.0,3.0,3.0,3.0,No
E-2061,Emma Diallo,Sales,Account Executive,2024-08-19,2026-09-25,5228.0,39,Male,2.1,3.0,3.0,3.0,3.0,2.0,Yes
E-1981,Emma Weber,Engineering,Engineering Manager,2018-03-15,,7345.0,42,Female,8.53,2.0,3.0,3.0,3.0,3.0,No
E-1930,Emma Diallo,Engineering,Engineering Lead,2023-12-26,,7212.0,48,Female,2.75,,3.0,3.0,2.0,3.0,No
E-1587,Aisha Andersson,Engineering,QA Analyst,2026-09-10,,6484.0,37,Female,0.04,3.0,3.0,3.0,3.0,3.0,No
E-1012,Hana Novak,Human Resources,HR Partner,2026-08-05,,5009.0,46,Male,0.14,3.0,2.0,3.0,3.0,3.0,No
E-1403,Oscar Wei,Engineering,QA Analyst,2017-03-30,,6819.0,46,Female,9.49,3.0,3.0,2.0,2.0,2.0,No
E-1193,Petra Haddad,Engineering,Software Engineer,2024-05-09,,6430.0,40,Male,2.38,3.0,3.0,2.0,3.0,,No
E-2311,Lara Kaur,Sales,Account Executive,2025-11-08,,6029.0,54,Male,0.88,3.0,2.0,2.0,3.0,3.0,No
E-1637,Lara Kim,Engineering,Data Engineer,2024-06-29,,6852.0,44,Male,2.24,3.0,3.0,,3.0,3.0,No
E-1561,Hana Kaur,Engineering,QA Analyst,2025-10-20,,8091.0,38,Female,0.93,3.0,2.0,3.0,3.0,3.0,No
E-1432,Vera Kim,Engineering,QA Analyst,2022-07-21,,6514.0,30,Male,4.18,,3.0,3.0,3.0,2.0,No
E-1992,Lucas Lindgren,Engineering,Engineering Manager,2025-11-11,,7168.0,44,Female,0.87,3.0,3.0,3.0,3.0,2.0,No
E-2124,Sofia Popescu,Sales,Account Executive,2024-05-20,,,31,Male,2.35,2.0,2.0,3.0,,3.0,No
E-1867,Emma Santos,Engineering,Support Engineer,2020-08-12,,6921.0,42,Female,6.12,3.0,2.0,3.0,2.0,3.0,No
E-1201,Kenji Popescu,Engineering,Software Engineer,2024-08-23,,,55,Male,2.09,3.0,,3.0,3.0,3.0,No
E-1108,Yusuf Lindgren,Engineering,Software Engineer,2023-11-04,,7824.0,51,Male,2.89,3.0,3.0,2.0,2.0,3.0,No
E-1996,Paul Andersson,Engineering,Engineering Manager,2023-11-26,,6987.0,26,Male,2.83,,3.0,3.0,3.0,3.0,No
E-1503,Nadia Andersson,Engineering,QA Analyst,2026-08-05,,7129.0,47,Female,0.14,2.0,2.0,2.0,2.0,2.0,No
E-1686,Maria Farah,Engineering,Data Engineer,2009-10-02,,6185.0,54,Male,16.98,3.0,2.0,2.0,2.0,3.0,No
E-1887,Anna Farah,Engineering,Engineering Lead,2022-04-14,,7225.0,39,Female,4.45,3.0,3.0,2.0,2.0,3.0,No
E-1551,Okafor Diallo,Engineering,QA Analyst,2026-08-05,,6754.0,20,Male,0.14,3.0,3.0,3.0,3.0,3.0,No
E-1175,Umar Weber,Engineering,Software Engineer,2024-03-11,,6559.0,31,Male,2.54,3.0,3.0,,2.0,3.0,No
E-1145,Petra Haddad,Engineering,Software Engineer,2022-04-06,,,61,Female,4.47,3.0,3.0,2.0,3.0,,No
E-1471,Miguel Weber,Engineering,QA Analyst,2014-06-18,,7230.0,33,Female,12.27,3.0,3.0,3.0,3.0,3.0,No
E-1903,Oscar Nakamura,Engineering,Engineering Lead,2020-08-23,,6421.0,43,Female,6.09,3.0,3.0,3.0,3.0,3.0,No
E-2067,Maria Santos,Sales,Account Executive,2022-09-14,2026-09-25,5698.0,29,Female,4.03,3.0,3.0,3.0,3.0,3.0,Yes
E-2276,Maria Farah,Sales,Account Executive,2025-11-26,,6556.0,19,Male,0.83,2.0,,3.0,3.0,3.0,No
E-2041,Maria Okafor,Sales,Account Executive,2021-11-15,2026-09-25,6094.0,20,Male,4.86,2.0,3.0,,,3.0,Yes
E-1814,Grace O'brien,Engineering,Support Engineer,2015-07-29,,6443.0,34,Male,11.16,3.0,2.0,2.0,2.0,,No
E-2159,Ivan Lindgren,Sales,Account Executive,2022-01-09,,7071.0,31,Female,4.71,3.0,2.0,3.0,3.0,3.0,No
E-1965,Kenji Weber,Engineering,Engineering Manager,2021-10-17,,6492.0,30,Male,4.94,3.0,3.0,3.0,3.0,3.0,No
E-1307,James Popescu,Engineering,Software Engineer,2020-01-06,,7595.0,48,Male,6.72,,2.0,2.0,,3.0,No
E-1871,Noah O'brien,Engineering,Engineering Lead,2023-11-15,2026-09-25,6534.0,30,Female,2.86,3.0,3.0,3.0,3.0,2.0,Yes
E-1461,Yusuf Haddad,Engineering,QA Analyst,2008-03-26,,6969.0,33,Male,18.5,2.0,3.0,3.0,2.0,2.0,No
E-2140,John Wei,Sales,Account Executive,2021-12-07,,6734.0,33,Female,4.8,3.0,2.0,3.0,3.0,3.0,No
E-2082,Maria Chen,Sales,Account Executive,2019-12-29,2026-09-25,5382.0,19,Female,6.74,3.0,3.0,2.0,3.0,2.0,Yes
E-1151,Paul Kim,Engineering,Software Engineer,2007-11-23,,7643.0,43,Female,18.84,3.0,,3.0,3.0,2.0,No
E-2383,Yusuf Osei,Sales,Sales Development Rep,2022-04-06,,5819.0,37,Female,4.47,3.0,2.0,3.0,3.0,3.0,No
E-1668,Petra Duarte,Engineering,Data Engineer,2020-01-24,,7102.0,30,Male,6.67,3.0,2.0,3.0,3.0,3.0,No
E-2401,Li O'brien,Sales,Sales Development Rep,2020-04-20,,,37,Female,6.43,2.0,,3.0,3.0,2.0,No
E-2197,Sven Nair,Sales,Account Executive,2026-04-28,,5925.0,43,Female,0.41,3.0,3.0,2.0,3.0,2.0,No
E-1771,Wei Ivanov,Engineering,Support Engineer,2022-03-23,,7389.0,24,Female,4.51,2.0,2.0,2.0,3.0,2.0,No
E-2408,Omar Okafor,Sales,Sales Development Rep,2014-10-13,,5809.0,30,Male,11.95,2.0,2.0,2.0,3.0,3.0,No
E-2368,Rosa Popescu,Sales,Sales Development Rep,2026-09-21,2026-09-25,5658.0,40,Female,0.01,3.0,3.0,2.0,3.0,3.0,Yes
E-1562,Sofia Chen,Engineering,QA Analyst,2014-12-14,,6768.0,29,Female,11.78,3.0,3.0,3.0,3.0,3.0,No
E-1290,Sofia Kim,Engineering,Software Engineer,2022-03-26,,7660.0,43,Male,4.5,3.0,2.0,3.0,3.0,3.0,No
E-1612,Zoe Weber,Engineering,Data Engineer,2018-02-22,,6394.0,28,Male,8.59,2.0,3.0,2.0,3.0,3.0,No
E-1872,Umar Santos,Engineering,Engineering Lead,2025-10-24,2026-09-25,6417.0,38,Male,0.92,3.0,3.0,2.0,3.0,3.0,Yes
E-1985,Nina Weber,Engineering,Engineering Manager,2024-06-07,,7344.0,39,Female,2.3,,3.0,3.0,3.0,,No
E-1787,Zoe Kim,Engineering,Support Engineer,2010-07-29,,6080.0,34,Female,16.16,3.0,3.0,3.0,2.0,2.0,No
E-1150,Okafor Okafor,Engineering,Software Engineer,2019-12-07,,6797.0,19,Female,6.8,,3.0,3.0,3.0,2.0,No
E-2375,Nina Nair,Sales,Sales Development Rep,2026-08-27,2026-09-25,5761.0,30,Male,0.08,3.0,3.0,3.0,2.0,3.0,Yes
E-2052,Priya O'brien,Sales,Account Executive,2024-04-02,2026-09-25,,36,Female,2.48,3.0,3.0,3.0,,3.0,Yes
E-1574,Lucas Rossi,Engineering,QA Analyst,2026-06-29,,7436.0,38,Male,0.24,2.0,2.0,3.0,3.0,3.0,No
E-1885,Sofia Weber,Engineering,Engineering Lead,2022-08-27,,7309.0,47,Male,4.08,2.0,3.0,2.0,2.0,3.0,No
E-1249,Tomas Wei,Engineering,Software Engineer,2016-11-04,,8229.0,34,Male,9.89,2.0,3.0,2.0,3.0,3.0,No
E-2442,Yusuf Kowalski,Sales,Sales Development Rep,2020-02-15,,6632.0,56,Male,6.61,3.0,2.0,3.0,,2.0,No
E-1746,Mei Nakamura,Engineering,Support Engineer,2026-08-05,2026-09-25,5791.0,26,Male,0.14,3.0,3.0,3.0,3.0,3.0,Yes
E-1245,Emma Lindgren,Engineering,Software Engineer,2022-06-07,,,29,Male,4.3,3.0,3.0,3.0,3.0,3.0,No
E-2111,Grace Garcia,Sales,Account Executive,2019-10-24,,6118.0,44,Female,6.92,2.0,3.0,3.0,3.0,3.0,No
E-1109,Paul O'brien,Engineering,Software Engineer,2018-08-30,,7182.0,33,Female,8.07,3.0,2.0,3.0,3.0,3.0,No
E-1143,Mei Smith,Engineering,Software Engineer,2022-06-18,,6910.0,46,Male,4.27,3.0,3.0,3.0,2.0,3.0,No
E-2373,Priya Kim,Sales,Sales Development Rep,2022-03-30,2026-09-25,5533.0,27,Female,4.49,2.0,3.0,3.0,2.0,3.0,Yes
E-1344,Fatima Okafor,Engineering,QA Analyst,2025-12-21,2026-09-25,,18,Female,0.76,3.0,3.0,2.0,3.0,3.0,Yes
E-1426,Nadia Kim,Engineering,QA Analyst,2019-12-04,,5255.0,47,Male,6.81,3.0,3.0,3.0,3.0,3.0,No
E-1141,Nina Andersson,Engineering,Software Engineer,2026-05-27,,6855.0,32,Female,0.33,3.0,3.0,,3.0,2.0,No
E-1539,Miguel Garcia,Engineering,QA Analyst,2017-03-12,,6007.0,28,Female,9.54,3.0,3.0,2.0,3.0,,No
E-1082,Yusuf O'brien,Engineering,Software Engineer,2022-03-23,2026-09-25,5660.0,27,Male,4.51,3.0,3.0,3.0,3.0,3.0,Yes
E-1583,Omar Nakamura,Engineering,QA Analyst,2012-02-07,,7218.0,27,Female,14.63,2.0,2.0,3.0,3.0,3.0,No
E-2439,Igor Farah,Sales,Sales Development Rep,2016-12-18,,6796.0,55,Male,9.77,3.0,3.0,2.0,3.0,3.0,No
E-1895,Talia O'brien,Engineering,Engineering Lead,2017-08-30,,8166.0,29,Female,9.07,3.0,3.0,3.0,2.0,3.0,No
E-1287,John Diallo,Engineering,Software Engineer,2017-06-29,,,46,Male,9.24,2.0,3.0,2.0,3.0,3.0,No
E-1711,Carlos Duarte,Engineering,Data Engineer,2022-04-17,,7729.0,39,Male,4.44,3.0,3.0,3.0,3.0,3.0,No
E-2063,Priya Silva,Sales,Account Executive,2024-03-26,2026-09-25,5331.0,36,Female,2.5,3.0,3.0,2.0,,3.0,Yes
E-2223,Fatima Smith,Sales,Account Executive,2019-09-25,,,57,Female,7.0,3.0,2.0,3.0,3.0,3.0,No
E-1282,Lara Duarte,Engineering,Software Engineer,2022-01-01,,7662.0,43,Male,4.73,3.0,2.0,2.0,3.0,3.0,No
E-1577,Julia Smith,Engineering,QA Analyst,2018-01-16,,7483.0,48,Male,8.69,2.0,3.0,2.0,3.0,3.0,No
E-1248,Fatima Smith,Engineering,Software Engineer,2013-12-14,,7690.0,26,Male,12.78,3.0,2.0,3.0,3.0,3.0,No
E-1868,Carlos Andersson,Engineering,Support Engineer,2022-01-23,,6654.0,28,Male,4.67,2.0,3.0,2.0,,3.0,No
E-1986,Quinn Garcia,Engineering,Engineering Manager,2007-04-14,,7045.0,62,Female,19.45,3.0,3.0,3.0,3.0,3.0,No
E-2099,John Haddad,Sales,Account Executive,2018-01-16,,5820.0,52,Male,8.69,3.0,3.0,,,3.0,No
E-2012,Sofia Santos,Engineering,Engineering Manager,2018-05-24,,6917.0,37,Male,8.34,3.0,3.0,3.0,2.0,3.0,No
E-1199,Lucas Kaur,Engineering,Software Engineer,2020-02-22,,,29,Male,6.59,3.0,3.0,3.0,,2.0,No
E-1963,Miguel Kim,Engineering,Engineering Manager,2007-06-22,,6491.0,53,Female,19.26,3.0,3.0,3.0,3.0,3.0,No
E-1788,Petra Silva,Engineering,Support Engineer,2024-08-08,,,44,Female,2.13,3.0,3.0,3.0,2.0,3.0,No
E-2137,Kenji Haddad,Sales,Account Executive,2018-08-27,,5767.0,37,Male,8.08,3.0,,3.0,3.0,2.0,No
E-1674,Grace Santos,Engineering,Data Engineer,2020-03-08,,6983.0,50,Female,6.55,3.0,3.0,3.0,2.0,3.0,No
E-2435,Zoe O'brien,Sales,Sales Development Rep,2024-06-18,,6194.0,31,Male,2.27,2.0,3.0,3.0,3.0,3.0,No
E-1042,Priya Rossi,Human Resources,HR Partner,2026-05-31,,5448.0,22,Female,0.32,2.0,2.0,3.0,,3.0,No
E-2142,Priya Kim,Sales,Account Executive,2016-12-14,,6682.0,48,Male,9.78,2.0,3.0,2.0,,2.0,No
E-1216,Tomas Kim,Engineering,Software Engineer,2026-08-01,,7465.0,27,Female,0.15,2.0,3.0,3.0,3.0,3.0,No
E-1919,Sven O'brien,Engineering,Engineering Lead,2021-12-07,,6943.0,45,Male,4.8,3.0,3.0,3.0,3.0,3.0,No
E-1204,Emma Chen,Engineering,Software Engineer,2018-03-08,,7685.0,55,Male,8.55,2.0,2.0,2.0,2.0,3.0,No
E-2180,Wei Smith,Sales,Account Executive,2024-01-16,,,36,Female,2.69,2.0,3.0,3.0,2.0,3.0,No
E-2207,Quinn Farah,Sales,Account Executive,2020-04-02,,5494.0,54,Male,6.48,2.0,2.0,3.0,2.0,3.0,No
E-1704,John Chen,Engineering,Data Engineer,2024-02-26,,7533.0,44,Female,2.58,3.0,2.0,3.0,3.0,3.0,No
E-2145,Omar Kowalski,Sales,Account Executive,2023-10-24,,6966.0,43,Male,2.92,2.0,3.0,3.0,3.0,3.0,No
E-1407,Petra Ivanov,Engineering,QA Analyst,2010-01-05,,6664.0,23,Male,16.72,2.0,3.0,2.0,3.0,3.0,No
E-1421,Quinn Okafor,Engineering,QA Analyst,2022-04-28,,6782.0,35,Female,4.41,3.0,3.0,3.0,3.0,3.0,No
E-1548,Hana Novak,Engineering,QA Analyst,2017-01-08,,7288.0,62,Female,9.71,2.0,3.0,3.0,3.0,2.0,No
E-1507,Rosa Andersson,Engineering,QA Analyst,2022-03-08,,6093.0,42,Female,4.55,2.0,2.0,2.0,3.0,3.0,No
E-2233,Miguel Kaur,Sales,Account Executive,2022-09-21,,5777.0,38,Male,4.01,3.0,2.0,,3.0,3.0,No
E-2321,Noah Wei,Sales,Account Executive,2020-05-16,,5758.0,48,Female,6.36,3.0,3.0,3.0,2.0,3.0,No
E-1613,Noah Andersson,Engineering,Data Engineer,2021-10-24,,6840.0,41,Female,4.92,3.0,3.0,3.0,3.0,3.0,No
E-1931,Igor Duarte,Engineering,Engineering Lead,2021-10-31,,7105.0,39,Male,4.9,3.0,3.0,2.0,3.0,3.0,No
E-1786,Petra Haddad,Engineering,Support Engineer,2016-10-16,,6986.0,53,Male,9.94,3.0,2.0,3.0,3.0,3.0,No
E-1457,Vera Duarte,Engineering,QA Analyst,2007-12-15,,7375.0,24,Female,18.78,2.0,2.0,3.0,3.0,3.0,No
E-1972,Fatima Weber,Engineering,Engineering Manager,2024-04-09,,7657.0,51,Male,2.46,3.0,3.0,2.0,3.0,2.0,No
E-1476,Petra Popescu,Engineering,QA Analyst,2019-12-18,,7304.0,48,Female,6.77,2.0,3.0,3.0,2.0,2.0,No
E-2196,John Diallo,Sales,Account Executive,2024-08-15,,6356.0,28,Female,2.11,3.0,3.0,2.0,3.0,3.0,No
E-1244,Emma Wei,Engineering,Software Engineer,2021-12-10,,6793.0,30,Male,4.79,3.0,3.0,3.0,3.0,2.0,No
E-1330,Hana Wei,Engineering,Software Engineer,2022-09-25,,6885.0,38,Female,4.0,3.0,3.0,3.0,2.0,3.0,No
E-1754,Grace Popescu,Engineering,Support Engineer,2025-11-26,2026-09-25,6107.0,25,Female,0.83,3.0,2.0,3.0,3.0,3.0,Yes
E-1521,Okafor Farah,Engineering,QA Analyst,2020-01-13,,,57,Male,6.7,3.0,3.0,,3.0,3.0,No
E-2185,Nadia Nakamura,Sales,Account Executive,2021-11-22,,7248.0,22,Female,4.84,3.0,3.0,2.0,3.0,3.0,No
E-2399,Carlos Garcia,Sales,Sales Development Rep,2026-01-05,,5980.0,42,Female,0.72,,,2.0,2.0,3.0,No
E-2324,Vera Okafor,Sales,Account Executive,2024-02-07,,5365.0,44,Male,2.63,3.0,3.0,3.0,2.0,3.0,No
E-1385,Umar Farah,Engineering,QA Analyst,2021-10-28,2026-09-25,5442.0,61,Female,4.91,3.0,3.0,3.0,2.0,2.0,Yes
E-2342,Talia Andersson,Sales,Account Executive,2024-08-15,,6219.0,53,Male,2.11,2.0,3.0,3.0,3.0,3.0,No
E-1338,Igor Lindgren,Engineering,Software Engineer,2023-09-25,,,49,Male,3.0,3.0,,,3.0,3.0,No
E-1479,Igor Popescu,Engineering,QA Analyst,2013-11-29,,7372.0,27,Female,12.82,2.0,3.0,3.0,3.0,2.0,No
E-1852,Emma Popescu,Engineering,Support Engineer,2024-05-23,,6530.0,27,Male,2.34,2.0,3.0,,3.0,3.0,No
E-1700,Julia Andersson,Engineering,Data Engineer,2017-02-21,,6827.0,35,Male,9.59,3.0,3.0,3.0,3.0,3.0,No
E-1579,John Chen,Engineering,QA Analyst,2012-05-16,,6656.0,27,Male,14.36,3.0,3.0,3.0,3.0,3.0,No
E-1242,Ivan Nakamura,Engineering,Software Engineer,2015-03-05,,6605.0,52,Male,11.56,2.0,3.0,3.0,3.0,2.0,No
E-1592,Tomas Popescu,Engineering,Data Engineer,2023-11-23,2026-09-25,5195.0,49,Male,2.84,,3.0,2.0,2.0,3.0,Yes
E-1677,Talia Diallo,Engineering,Data Engineer,2011-12-15,,7257.0,36,Male,14.78,3.0,3.0,,3.0,3.0,No
E-1260,Lucas Chen,Engineering,Software Engineer,2022-03-01,,,39,Male,4.57,3.0,3.0,3.0,3.0,3.0,No
E-1578,Talia Lindgren,Engineering,QA Analyst,2018-09-21,,6636.0,33,Male,8.01,3.0,2.0,3.0,3.0,2.0,No
E-2420,Petra Rossi,Sales,Sales Development Rep,2020-06-03,,6812.0,47,Female,6.31,3.0,2.0,,3.0,,No
E-1630,John Duarte,Engineering,Data Engineer,2023-09-25,,6875.0,27,Male,3.0,3.0,2.0,3.0,3.0,3.0,No
E-1550,Sven Nair,Engineering,QA Analyst,2015-05-20,,7129.0,22,Male,11.35,3.0,2.0,3.0,2.0,3.0,No
E-1107,Aisha Santos,Engineering,Software Engineer,2019-12-29,,7498.0,38,Male,6.74,3.0,2.0,3.0,3.0,2.0,No
E-1759,Fatima Kaur,Engineering,Support Engineer,2022-05-09,,5930.0,49,Male,4.38,2.0,2.0,2.0,3.0,3.0,No
E-1161,Nadia Kaur,Engineering,Software Engineer,2022-09-18,,6753.0,41,Male,4.02,3.0,3.0,3.0,3.0,3.0,No
E-2268,David Chen,Sales,Account Executive,2024-06-29,,6294.0,34,Male,2.24,3.0,3.0,2.0,3.0,3.0,No
E-2051,Wei Weber,Sales,Account Executive,2026-05-24,2026-09-25,5351.0,29,Female,0.34,2.0,3.0,2.0,3.0,,Yes
E-2039,Lara Smith,Sales,Account Executive,2022-05-06,2026-09-25,5544.0,20,Male,4.39,3.0,3.0,3.0,,,Yes
E-1610,Kenji Andersson,Engineering,Data Engineer,2022-04-14,,8284.0,52,Female,4.45,3.0,3.0,2.0,3.0,3.0,No
E-2035,David Novak,Sales,Account Executive,2026-06-04,2026-09-25,5793.0,29,Female,0.31,3.0,3.0,3.0,3.0,3.0,Yes
E-1703,Igor Farah,Engineering,Data Engineer,2020-09-17,,7647.0,36,Male,6.02,3.0,3.0,3.0,,3.0,No
E-2150,Wei Osei,Sales,Account Executive,2021-12-25,,6260.0,46,Female,4.75,2.0,3.0,2.0,2.0,3.0,No
E-1880,Tomas O'brien,Engineering,Engineering Lead,2022-05-31,,6723.0,39,Male,4.32,3.0,3.0,3.0,3.0,3.0,No
E-2020,Kenji Wei,Sales,Account Executive,2017-12-21,2026-09-25,7137.0,40,Male,8.76,2.0,,3.0,3.0,3.0,Yes
E-1261,Paul Osei,Engineering,Software Engineer,2017-03-12,,7951.0,41,Male,9.54,2.0,3.0,3.0,3.0,3.0,No
E-2010,Sven Novak,Engineering,Engineering Manager,2024-09-17,,7308.0,42,Male,2.02,3.0,3.0,2.0,2.0,3.0,No
E-2378,Okafor Santos,Sales,Sales Development Rep,2017-07-21,2026-09-25,5693.0,27,Female,9.18,3.0,3.0,3.0,3.0,2.0,Yes
E-1822,Yusuf Kowalski,Engineering,Support Engineer,2021-10-09,,6139.0,27,Female,4.96,,2.0,3.0,3.0,3.0,No
E-1848,Nadia Andersson,Engineering,Support Engineer,2026-09-10,,7086.0,39,Male,0.04,2.0,2.0,,3.0,2.0,No
E-1091,David Kaur,Engineering,Software Engineer,2024-02-22,2026-09-25,5760.0,33,Female,2.59,2.0,3.0,3.0,3.0,3.0,Yes
E-1557,Sven Kowalski,Engineering,QA Analyst,2023-10-24,,7160.0,48,Male,2.92,2.0,3.0,3.0,3.0,3.0,No
E-1363,Kenji Nair,Engineering,QA Analyst,2026-08-19,2026-09-25,6194.0,29,Male,0.1,3.0,3.0,3.0,3.0,3.0,Yes
E-1556,Lucas Novak,Engineering,QA Analyst,2022-09-03,,,40,Male,4.06,3.0,2.0,2.0,3.0,2.0,No
E-1044,Rosa Kowalski,Human Resources,HR Partner,2024-03-19,,4348.0,31,Male,2.52,3.0,2.0,2.0,3.0,3.0,No
E-2169,Fatima Kowalski,Sales,Account Executive,2021-12-10,,5902.0,22,Male,4.79,3.0,3.0,3.0,2.0,3.0,No
E-2449,Nadia Okafor,Sales,Sales Development Rep,2020-03-26,,6628.0,33,Male,6.5,3.0,2.0,3.0,2.0,3.0,No
E-1032,John Diallo,Human Resources,HR Partner,2022-01-12,,4524.0,27,Female,4.7,2.0,3.0,,2.0,3.0,No
E-2044,Ivan Novak,Sales,Account Executive,2024-01-20,2026-09-25,6000.0,33,Male,2.68,,3.0,3.0,3.0,3.0,Yes
E-1947,Talia Santos,Engineering,Engineering Lead,2022-01-23,,,45,Male,4.67,3.0,3.0,3.0,,2.0,No
E-2347,Li Duarte,Sales,Account Executive,2017-11-04,,,39,Female,8.89,3.0,3.0,2.0,2.0,3.0,No
E-1792,Anna Smith,Engineering,Support Engineer,2018-01-01,,6630.0,30,Male,8.73,3.0,2.0,2.0,2.0,,No
E-1308,Noah Novak,Engineering,Software Engineer,2018-02-14,,6872.0,54,Female,8.61,2.0,3.0,3.0,3.0,3.0,No
E-2269,Yusuf Kowalski,Sales,Account Executive,2021-12-10,,6153.0,48,Female,4.79,2.0,3.0,3.0,,3.0,No
E-1842,Sven Andersson,Engineering,Support Engineer,2017-07-28,,6835.0,33,Male,9.16,3.0,3.0,3.0,3.0,2.0,No
E-2423,Grace Kim,Sales,Sales Development Rep,2026-09-18,,6528.0,44,Female,0.02,3.0,3.0,,2.0,3.0,No
E-1877,Wei Smith,Engineering,Engineering Lead,2024-09-03,2026-09-25,6301.0,40,Male,2.06,3.0,3.0,2.0,3.0,3.0,Yes
E-1213,Priya Lindgren,Engineering,Software Engineer,2026-05-31,,6874.0,19,Male,0.32,2.0,3.0,3.0,3.0,2.0,No
E-2077,Emma Smith,Sales,Account Executive,2021-10-02,2026-09-25,,19,Female,4.98,2.0,3.0,3.0,2.0,3.0,Yes
E-2346,Anna Haddad,Sales,Account Executive,2020-04-02,,,39,Male,6.48,3.0,3.0,2.0,3.0,3.0,No
E-1809,Vera Okafor,Engineering,Support Engineer,2018-06-18,,7866.0,37,Male,8.27,3.0,3.0,3.0,3.0,3.0,No
E-1979,Aisha Osei,Engineering,Engineering Manager,2014-06-18,,7080.0,40,Male,12.27,3.0,,3.0,3.0,3.0,No
E-1243,Rosa Rossi,Engineering,Software Engineer,2005-05-16,,6926.0,38,Male,21.36,3.0,3.0,3.0,3.0,3.0,No
E-2402,Emma Diallo,Sales,Sales Development Rep,2022-02-03,,6255.0,26,Female,4.64,,,3.0,,,No
E-1794,Noah Diallo,Engineering,Support Engineer,2020-04-09,,7393.0,34,Female,6.46,3.0,3.0,3.0,3.0,3.0,No
E-2494,Miguel Diallo,Sales,Sales Manager,2017-09-03,,6015.0,62,Female,9.06,3.0,3.0,3.0,3.0,3.0,No
E-1669,Talia Weber,Engineering,Data Engineer,2026-02-22,,6876.0,27,Male,0.59,3.0,3.0,3.0,3.0,3.0,No
E-1910,Tomas Kim,Engineering,Engineering Lead,2024-09-21,,7241.0,54,Female,2.01,3.0,3.0,2.0,3.0,3.0,No
E-1526,Mei Osei,Engineering,QA Analyst,2024-05-23,,7440.0,48,Male,2.34,2.0,3.0,3.0,2.0,,No
E-2238,Miguel Lindgren,Sales,Account Executive,2019-10-03,,5660.0,38,Female,6.98,2.0,3.0,3.0,3.0,,No
E-2367,Aisha O'brien,Sales,Sales Development Rep,2026-04-17,2026-09-25,6260.0,29,Female,0.44,2.0,3.0,2.0,2.0,3.0,Yes
E-2075,Oscar Santos,Sales,Account Executive,2020-05-23,2026-09-25,,26,Male,6.34,3.0,2.0,3.0,3.0,3.0,Yes
E-1643,Julia Andersson,Engineering,Data Engineer,2022-03-30,,6551.0,33,Female,4.49,3.0,2.0,2.0,3.0,3.0,No
E-1932,Lara Osei,Engineering,Engineering Lead,2012-02-07,,7441.0,49,Male,14.63,3.0,3.0,3.0,3.0,3.0,No
E-1695,Miguel O'brien,Engineering,Data Engineer,2020-02-04,,6556.0,46,Female,6.64,3.0,,3.0,3.0,3.0,No
E-1138,Oscar Santos,Engineering,Software Engineer,2020-07-21,,6880.0,29,Male,6.18,3.0,3.0,3.0,3.0,3.0,No
E-1589,Ivan Duarte,Engineering,QA Analyst,2024-03-11,,7228.0,49,Female,2.54,3.0,3.0,2.0,3.0,3.0,No
E-1780,Omar O'brien,Engineering,Support Engineer,2009-04-06,,7342.0,40,Male,17.47,,2.0,,3.0,3.0,No
E-2102,Anna Okafor,Sales,Account Executive,2018-07-25,,6734.0,28,Male,8.17,2.0,3.0,3.0,,3.0,No
E-1377,Carlos Garcia,Engineering,QA Analyst,2017-05-05,2026-09-25,5425.0,52,Male,9.39,,3.0,2.0,3.0,2.0,Yes
E-1755,Miguel Rossi,Engineering,Support Engineer,2020-05-20,2026-09-25,6628.0,46,Female,6.35,3.0,2.0,2.0,3.0,3.0,Yes
E-1135,Aisha Silva,Engineering,Software Engineer,2018-09-07,,8014.0,32,Female,8.05,3.0,3.0,3.0,2.0,3.0,No
E-2219,Sofia Garcia,Sales,Account Executive,2024-09-10,,6766.0,40,Female,2.04,3.0,2.0,3.0,3.0,3.0,No
E-1466,Petra Chen,Engineering,QA Analyst,2005-02-10,,6363.0,38,Female,21.62,2.0,3.0,,2.0,2.0,No
E-1857,Carlos Chen,Engineering,Support Engineer,2020-04-17,,6201.0,35,Female,6.44,2.0,3.0,3.0,3.0,3.0,No
E-1926,Igor Chen,Engineering,Engineering Lead,2024-06-07,,6921.0,48,Male,2.3,2.0,2.0,3.0,3.0,3.0,No
E-2280,Hana Weber,Sales,Account Executive,2021-10-20,,5867.0,42,Male,4.93,3.0,3.0,2.0,3.0,3.0,No
E-2058,Quinn Rossi,Sales,Account Executive,2022-01-27,2026-09-25,5848.0,27,Female,4.66,3.0,3.0,3.0,2.0,2.0,Yes
E-1596,Aisha Ivanov,Engineering,Data Engineer,2026-05-24,2026-09-25,6082.0,61,Male,0.34,3.0,2.0,3.0,3.0,2.0,Yes
E-1817,Igor Popescu,Engineering,Support Engineer,2023-12-15,,7318.0,31,Male,2.78,2.0,3.0,2.0,3.0,2.0,No
E-1559,Sofia Duarte,Engineering,QA Analyst,2019-10-17,,6892.0,20,Male,6.94,2.0,3.0,3.0,3.0,3.0,No
E-1336,Lara Chen,Engineering,Software Engineer,2024-02-07,,6677.0,33,Female,2.63,2.0,3.0,3.0,3.0,3.0,No
E-1575,Hana Okafor,Engineering,QA Analyst,2022-03-30,,6420.0,28,Female,4.49,2.0,2.0,3.0,3.0,2.0,No
E-1783,Nina Haddad,Engineering,Support Engineer,2026-07-21,,7450.0,30,Male,0.18,2.0,3.0,3.0,3.0,3.0,No
E-2374,Maria Weber,Sales,Sales Development Rep,2017-08-01,2026-09-25,4935.0,46,Female,9.15,3.0,3.0,2.0,3.0,3.0,Yes
E-2147,Carlos Kaur,Sales,Account Executive,2020-08-19,,6055.0,28,Female,6.1,2.0,2.0,3.0,3.0,3.0,No
E-1968,John Duarte,Engineering,Engineering Manager,2025-12-21,,7663.0,46,Male,0.76,3.0,3.0,3.0,3.0,3.0,No
E-2339,Fatima Silva,Sales,Account Executive,2024-01-16,,5731.0,25,Female,2.69,2.0,2.0,2.0,3.0,3.0,No
E-1123,James O'brien,Engineering,Software Engineer,2015-09-18,,7227.0,35,Male,11.02,3.0,3.0,3.0,2.0,,No
E-1821,Vera Kaur,Engineering,Support Engineer,2022-03-15,,6168.0,20,Male,4.53,3.0,3.0,3.0,3.0,3.0,No
E-2209,Quinn Lindgren,Sales,Account Executive,2019-11-19,,,43,Male,6.85,3.0,3.0,2.0,2.0,3.0,No
E-2115,Carlos Lindgren,Sales,Account Executive,2023-11-15,,6727.0,28,Male,2.86,3.0,3.0,3.0,2.0,3.0,No
E-2343,Yusuf Farah,Sales,Account Executive,2015-02-22,,5938.0,27,Male,11.59,2.0,3.0,3.0,3.0,2.0,No
E-2178,Hana Diallo,Sales,Account Executive,2009-02-03,,7160.0,37,Male,17.64,3.0,3.0,,3.0,2.0,No
E-1448,Miguel Wei,Engineering,QA Analyst,2018-02-25,,7342.0,47,Female,8.58,2.0,3.0,2.0,3.0,2.0,No
E-1051,Julia Haddad,Human Resources,HR Manager,2026-03-04,,5322.0,49,Female,0.56,3.0,3.0,3.0,2.0,3.0,No
E-1778,Vera Wei,Engineering,Support Engineer,2018-08-05,,6864.0,51,Female,8.14,3.0,2.0,3.0,2.0,2.0,No
E-1714,Julia Silva,Engineering,Data Engineer,2014-06-18,,,56,Female,12.27,3.0,3.0,,2.0,2.0,No
E-2357,Emma Andersson,Sales,Sales Development Rep,2026-08-09,2026-09-25,5896.0,29,Female,0.13,3.0,3.0,3.0,2.0,3.0,Yes
E-1506,Quinn Kaur,Engineering,QA Analyst,2016-10-13,,7652.0,44,Female,9.95,3.0,2.0,3.0,2.0,2.0,No
E-2397,David Kaur,Sales,Sales Development Rep,2022-08-09,,7127.0,44,Female,4.13,3.0,3.0,2.0,3.0,3.0,No
E-1883,Okafor Osei,Engineering,Engineering Lead,2020-01-16,,6292.0,41,Female,6.69,3.0,3.0,2.0,2.0,3.0,No
E-2470,Fatima Andersson,Sales,Sales Manager,2024-03-15,,6388.0,34,Female,2.53,3.0,3.0,2.0,3.0,3.0,No
E-2454,Quinn Popescu,Sales,Sales Manager,2024-02-11,,6845.0,52,Female,2.62,2.0,3.0,3.0,3.0,2.0,No
E-1129,Carlos Rossi,Engineering,Software Engineer,2023-11-19,,6854.0,65,Male,2.85,3.0,3.0,3.0,3.0,,No
E-2396,Okafor Ivanov,Sales,Sales Development Rep,2022-06-15,,7159.0,45,Male,4.28,2.0,3.0,3.0,3.0,3.0,No
E-2294,Mei Haddad,Sales,Account Executive,2020-07-10,,6011.0,47,Female,6.21,2.0,2.0,2.0,3.0,3.0,No
E-2243,Lara Farah,Sales,Account Executive,2017-05-20,,5583.0,32,Male,9.35,3.0,3.0,3.0,2.0,2.0,No
E-1121,Anna Ivanov,Engineering,Software Engineer,2026-03-12,,6825.0,34,Female,0.54,2.0,2.0,3.0,3.0,,No
E-2483,Carlos Weber,Sales,Sales Manager,2010-09-21,,5348.0,48,Female,16.01,3.0,3.0,3.0,3.0,3.0,No
E-1089,Igor Nakamura,Engineering,Software Engineer,2017-01-01,2026-09-25,5578.0,36,Female,9.73,3.0,3.0,2.0,3.0,3.0,Yes
E-2415,Julia Kim,Sales,Sales Development Rep,2012-10-27,,6163.0,24,Female,13.91,3.0,2.0,3.0,3.0,3.0,No
E-1114,Mei Smith,Engineering,Software Engineer,2013-05-20,,6393.0,36,Male,13.35,2.0,3.0,2.0,2.0,2.0,No
E-1452,Li Osei,Engineering,QA Analyst,2020-08-26,,6568.0,40,Female,6.08,2.0,2.0,3.0,3.0,,No
E-2287,Oscar Duarte,Sales,Account Executive,2024-03-15,,6073.0,55,Female,2.53,3.0,3.0,2.0,3.0,3.0,No
E-1727,Vera Kowalski,Engineering,Data Engineer,2009-10-02,,6998.0,56,Male,16.98,3.0,2.0,2.0,2.0,2.0,No
E-1619,Wei Ivanov,Engineering,Data Engineer,2020-03-30,,6534.0,45,Male,6.49,3.0,3.0,3.0,3.0,3.0,No
E-1009,Igor Haddad,Human Resources,HR Partner,2026-02-14,2026-09-25,4681.0,31,Female,0.61,,3.0,3.0,3.0,2.0,Yes
E-1227,Nadia Santos,Engineering,Software Engineer,2020-02-22,,7529.0,50,Male,6.59,3.0,2.0,2.0,3.0,3.0,No
E-2101,Li Silva,Sales,Account Executive,2024-09-17,,6065.0,53,Female,2.02,3.0,3.0,3.0,3.0,3.0,No
E-2479,Fatima Okafor,Sales,Sales Manager,2024-02-26,,5587.0,33,Female,2.58,,3.0,3.0,3.0,2.0,No
E-1989,James Ivanov,Engineering,Engineering Manager,2024-06-07,,5941.0,41,Female,2.3,3.0,2.0,3.0,3.0,3.0,No
E-1633,Umar O'brien,Engineering,Data Engineer,2017-10-09,,6492.0,31,Male,8.96,3.0,3.0,,2.0,3.0,No
E-1874,Li Wei,Engineering,Engineering Lead,2025-12-25,2026-09-25,5976.0,45,Male,0.75,3.0,3.0,3.0,3.0,3.0,Yes
E-2126,Ivan Ivanov,Sales,Account Executive,2025-11-19,,6563.0,52,Male,0.85,3.0,2.0,3.0,3.0,3.0,No
E-2081,Okafor Wei,Sales,Account Executive,2024-09-06,2026-09-25,4913.0,44,Male,2.05,3.0,2.0,3.0,3.0,3.0,Yes
E-2429,Rosa Andersson,Sales,Sales Development Rep,2009-02-25,,7010.0,19,Female,17.58,2.0,,,2.0,3.0,No
E-2237,Paul Popescu,Sales,Account Executive,2012-04-06,,5461.0,22,Female,14.47,3.0,3.0,2.0,2.0,3.0,No
E-1182,Noah Lindgren,Engineering,Software Engineer,2022-01-20,,,28,Male,4.68,2.0,3.0,3.0,2.0,3.0,No
E-2156,David Popescu,Sales,Account Executive,2024-04-13,,7013.0,24,Female,2.45,2.0,2.0,3.0,3.0,3.0,No
E-2250,Talia Kim,Sales,Account Executive,2019-12-04,,6381.0,51,Male,6.81,3.0,3.0,3.0,3.0,3.0,No
E-1936,Ivan Osei,Engineering,Engineering Lead,2018-02-25,,6440.0,43,Male,8.58,3.0,3.0,2.0,3.0,,No
E-1784,James Novak,Engineering,Support Engineer,2006-12-18,,,41,Male,19.77,3.0,3.0,3.0,3.0,3.0,No
E-1729,Nina Nair,Engineering,Data Engineer,2019-12-11,,7085.0,39,Male,6.79,3.0,2.0,3.0,3.0,3.0,No
E-1838,Okafor Andersson,Engineering,Support Engineer,2026-08-01,,7051.0,49,Female,0.15,3.0,3.0,,2.0,3.0,No
E-2257,Yusuf Silva,Sales,Account Executive,2020-08-30,,5646.0,42,Male,6.07,3.0,3.0,3.0,2.0,3.0,No
E-2084,Omar Nakamura,Sales,Account Executive,2024-03-30,2026-09-25,,44,Male,2.49,2.0,3.0,3.0,3.0,,Yes
E-1099,Hana Santos,Engineering,Software Engineer,2026-01-16,2026-09-25,5089.0,25,Male,0.69,2.0,2.0,3.0,3.0,3.0,Yes
E-1236,Hana Diallo,Engineering,Software Engineer,2025-12-29,,7025.0,36,Female,0.74,3.0,3.0,2.0,3.0,3.0,No
E-2024,Tomas O'brien,Sales,Account Executive,2020-02-22,2026-09-25,4871.0,55,Female,6.59,3.0,2.0,2.0,2.0,3.0,Yes
E-1148,Sven Novak,Engineering,Software Engineer,2022-02-22,,7118.0,32,Female,4.59,3.0,3.0,3.0,3.0,2.0,No
E-1722,Julia Nair,Engineering,Data Engineer,2012-01-27,,6593.0,44,Male,14.66,2.0,3.0,3.0,3.0,2.0,No
E-1933,Noah Farah,Engineering,Engineering Lead,2024-01-16,,6984.0,44,Female,2.69,2.0,2.0,2.0,3.0,3.0,No
E-2298,David Garcia,Sales,Account Executive,2017-05-16,,6836.0,59,Male,9.36,2.0,2.0,3.0,3.0,2.0,No
E-2090,Nina Haddad,Sales,Account Executive,2021-12-14,,5874.0,33,Male,4.78,2.0,2.0,3.0,3.0,2.0,No
E-2162,Wei Rossi,Sales,Account Executive,2024-05-27,,6363.0,37,Female,2.33,3.0,2.0,3.0,3.0,3.0,No
E-2319,Hana Haddad,Sales,Account Executive,2020-08-04,,5633.0,28,Female,6.14,3.0,3.0,3.0,3.0,3.0,No
E-2252,Quinn Santos,Sales,Account Executive,2018-05-02,,,34,Male,8.4,3.0,3.0,3.0,3.0,3.0,No
E-1898,Julia Weber,Engineering,Engineering Lead,2020-09-03,,7105.0,59,Female,6.06,3.0,3.0,3.0,2.0,3.0,No
E-2412,Li Kowalski,Sales,Sales Development Rep,2020-07-17,,,38,Male,6.19,2.0,3.0,2.0,3.0,3.0,No
E-1110,Maria Silva,Engineering,Software Engineer,2013-07-14,,6256.0,34,Male,13.2,3.0,3.0,3.0,3.0,3.0,No
E-2121,Tomas Silva,Sales,Account Executive,2024-06-25,,5882.0,32,Female,2.25,3.0,2.0,3.0,2.0,2.0,No
E-1782,Carlos Ivanov,Engineering,Support Engineer,2017-01-23,,6458.0,35,Female,9.67,3.0,3.0,3.0,3.0,,No
E-1007,Sven Weber,Human Resources,HR Partner,2023-10-06,2026-09-25,4052.0,48,Male,2.97,3.0,3.0,3.0,3.0,3.0,Yes
E-2241,Igor Rossi,Sales,Account Executive,2005-07-10,,6295.0,55,Female,21.21,2.0,3.0,3.0,3.0,2.0,No
E-1288,Paul Ivanov,Engineering,Software Engineer,2025-10-09,,6531.0,28,Male,0.96,2.0,3.0,3.0,3.0,2.0,No
E-1265,Fatima Santos,Engineering,Software Engineer,2026-02-14,,7731.0,48,Male,0.61,3.0,2.0,3.0,2.0,3.0,No
E-1791,Priya Wei,Engineering,Support Engineer,2021-09-28,,6903.0,44,Female,4.99,3.0,3.0,3.0,3.0,3.0,No
E-2157,Miguel Rossi,Sales,Account Executive,2022-07-07,,,32,Male,4.22,2.0,2.0,,3.0,2.0,No
E-1342,Noah Farah,Engineering,QA Analyst,2022-01-16,2026-09-25,6155.0,54,Male,4.69,2.0,2.0,2.0,3.0,3.0,Yes
E-2327,Okafor Osei,Sales,Account Executive,2024-04-17,,6671.0,34,Female,2.44,3.0,2.0,2.0,3.0,2.0,No
E-1128,Rosa Weber,Engineering,Software Engineer,2022-04-06,,5601.0,48,Male,4.47,2.0,3.0,,3.0,3.0,No
E-1097,Julia Smith,Engineering,Software Engineer,2024-06-11,2026-09-25,6295.0,35,Female,2.29,3.0,2.0,3.0,3.0,2.0,Yes
E-2005,Okafor Haddad,Engineering,Engineering Manager,2022-04-06,,7566.0,29,Male,4.47,3.0,2.0,2.0,3.0,3.0,No
E-2136,Priya Farah,Sales,Account Executive,2020-09-10,,6516.0,35,Male,6.04,3.0,3.0,3.0,3.0,,No
E-1247,Grace Farah,Engineering,Software Engineer,2024-05-31,,5921.0,32,Male,2.32,3.0,3.0,3.0,3.0,3.0,No
E-1970,Fatima Haddad,Engineering,Engineering Manager,2025-10-20,,8111.0,41,Male,0.93,,3.0,3.0,3.0,3.0,No
E-1419,Carlos Nair,Engineering,QA Analyst,2026-07-03,,6899.0,33,Male,0.23,2.0,,2.0,3.0,3.0,No
E-1104,Carlos Kowalski,Engineering,Software Engineer,2022-03-08,,7403.0,38,Male,4.55,3.0,,3.0,,3.0,No
E-1195,Aisha Diallo,Engineering,Software Engineer,2023-11-08,,6506.0,41,Male,2.88,3.0,2.0,3.0,3.0,3.0,No
E-2038,Yusuf Weber,Sales,Account Executive,2023-10-03,2026-09-25,5297.0,36,Male,2.98,2.0,2.0,3.0,3.0,3.0,Yes
E-1748,James Rossi,Engineering,Support Engineer,2015-05-02,2026-09-25,5691.0,22,Female,11.4,3.0,3.0,3.0,,3.0,Yes
E-1638,Lara Okafor,Engineering,Data Engineer,2024-06-14,,6811.0,42,Male,2.28,3.0,3.0,3.0,3.0,2.0,No
E-2263,Julia Weber,Sales,Account Executive,2018-08-09,,6010.0,50,Male,8.13,3.0,,3.0,3.0,3.0,No
E-1942,Igor Haddad,Engineering,Engineering Lead,2012-05-16,,6424.0,60,Male,14.36,3.0,3.0,3.0,3.0,3.0,No
E-1957,Lara O'brien,Engineering,Engineering Manager,2026-09-10,2026-09-25,5649.0,41,Male,0.04,3.0,3.0,2.0,3.0,3.0,Yes
E-1925,Aisha Rossi,Engineering,Engineering Lead,2022-08-23,,6427.0,45,Male,4.09,3.0,3.0,3.0,3.0,2.0,No
E-1431,Rosa Ivanov,Engineering,QA Analyst,2020-03-30,,7516.0,55,Female,6.49,2.0,2.0,3.0,3.0,2.0,No
E-1647,Vera Nakamura,Engineering,Data Engineer,2024-04-09,,7323.0,42,Male,2.46,3.0,3.0,2.0,3.0,3.0,No
E-2022,Rosa Duarte,Sales,Account Executive,2023-10-21,2026-09-25,5784.0,32,Male,2.93,3.0,2.0,3.0,2.0,3.0,Yes
E-1113,Okafor Farah,Engineering,Software Engineer,2018-03-30,,7178.0,34,Male,8.49,3.0,2.0,2.0,3.0,3.0,No
E-1875,Anna Silva,Engineering,Engineering Lead,2022-06-04,2026-09-25,,32,Female,4.31,2.0,2.0,3.0,2.0,3.0,Yes
E-1003,Sven Lindgren,Human Resources,HR Partner,2022-09-07,2026-09-25,4255.0,41,Female,4.05,2.0,3.0,3.0,3.0,3.0,Yes
E-2315,Rosa Lindgren,Sales,Account Executive,2023-11-04,,5799.0,44,Female,2.89,3.0,3.0,3.0,,3.0,No
E-2313,Lara Silva,Sales,Account Executive,2024-06-29,,6320.0,32,Male,2.24,3.0,3.0,2.0,2.0,3.0,No
E-2446,John Novak,Sales,Sales Development Rep,2024-01-27,,5883.0,35,Male,2.66,3.0,2.0,2.0,2.0,3.0,No
E-1519,Sofia Novak,Engineering,QA Analyst,2022-06-29,,6773.0,33,Female,4.24,3.0,,2.0,3.0,3.0,No
E-1085,Anna Silva,Engineering,Software Engineer,2026-04-03,2026-09-25,,23,Male,0.48,3.0,,2.0,3.0,3.0,Yes
E-2274,David Silva,Sales,Account Executive,2023-12-07,,6385.0,54,Male,2.8,3.0,3.0,2.0,3.0,3.0,No
E-1678,Nadia Santos,Engineering,Data Engineer,2012-02-22,,5904.0,31,Male,14.59,3.0,2.0,2.0,3.0,3.0,No
E-1805,John Haddad,Engineering,Support Engineer,2018-02-25,,6588.0,32,Female,8.58,3.0,3.0,2.0,3.0,2.0,No
E-1954,Nina Kim,Engineering,Engineering Lead,2022-01-01,,6766.0,31,Female,4.73,3.0,3.0,3.0,3.0,3.0,No
E-1335,Paul Wei,Engineering,Software Engineer,2024-07-10,,6418.0,52,Male,2.21,3.0,3.0,3.0,2.0,3.0,No
E-1240,Zoe O'brien,Engineering,Software Engineer,2024-05-20,,6826.0,48,Female,2.35,3.0,2.0,2.0,3.0,2.0,No
E-2293,Zoe Silva,Sales,Account Executive,2020-06-29,,6740.0,45,Male,6.24,2.0,2.0,3.0,3.0,3.0,No
E-1673,Sofia Haddad,Engineering,Data Engineer,2020-07-06,,7186.0,31,Female,6.22,2.0,3.0,3.0,3.0,3.0,No
E-2225,Priya Nakamura,Sales,Account Executive,2022-02-03,,5950.0,37,Male,4.64,3.0,3.0,,2.0,3.0,No
E-1320,Wei Duarte,Engineering,Software Engineer,2026-04-28,,7009.0,26,Male,0.41,3.0,3.0,2.0,3.0,,No
E-2032,Vera Diallo,Sales,Account Executive,2026-02-25,2026-09-25,5565.0,22,Male,0.58,2.0,3.0,2.0,2.0,3.0,Yes
E-1158,Nina Diallo,Engineering,Software Engineer,2022-09-07,,7577.0,29,Female,4.05,2.0,3.0,2.0,3.0,3.0,No
E-1738,Petra Lindgren,Engineering,Data Engineer,2024-04-28,,,62,Male,2.41,3.0,3.0,3.0,2.0,3.0,No
E-2292,John Wei,Sales,Account Executive,2020-01-20,,6545.0,49,Male,6.68,2.0,3.0,3.0,3.0,3.0,No
E-2453,Omar Andersson,Sales,Sales Manager,2011-11-04,,5794.0,34,Female,14.89,2.0,2.0,3.0,3.0,3.0,No
E-1210,Petra Weber,Engineering,Software Engineer,2022-03-23,,7211.0,46,Male,4.51,3.0,3.0,3.0,3.0,3.0,No
E-2307,Hana Haddad,Sales,Account Executive,2020-02-15,,6579.0,46,Male,6.61,,3.0,3.0,3.0,3.0,No
E-1489,Ivan Smith,Engineering,QA Analyst,2022-03-01,,7056.0,33,Male,4.57,2.0,3.0,2.0,3.0,2.0,No
E-2295,Lucas Diallo,Sales,Account Executive,2026-03-19,,6900.0,34,Male,0.52,,2.0,2.0,2.0,3.0,No
E-1882,Li Okafor,Engineering,Engineering Lead,2022-06-29,,7193.0,34,Female,4.24,3.0,3.0,3.0,2.0,2.0,No
E-2436,Igor Farah,Sales,Sales Development Rep,2013-06-22,,7257.0,39,Male,13.26,3.0,2.0,2.0,2.0,2.0,No
E-1331,Wei Santos,Engineering,Software Engineer,2024-07-06,,7072.0,55,Male,2.22,2.0,3.0,2.0,3.0,3.0,No
E-1442,Aisha Lindgren,Engineering,QA Analyst,2022-01-16,,6273.0,38,Male,4.69,2.0,2.0,3.0,3.0,3.0,No
E-1197,Lucas Nair,Engineering,Software Engineer,2015-05-20,,6691.0,37,Female,11.35,,3.0,2.0,2.0,3.0,No
E-1565,David Nair,Engineering,QA Analyst,2023-12-18,,6846.0,58,Male,2.77,3.0,3.0,3.0,3.0,2.0,No
E-2071,Carlos Osei,Sales,Account Executive,2024-08-19,2026-09-25,5485.0,22,Female,2.1,3.0,3.0,,,3.0,Yes
E-2262,Lucas Weber,Sales,Account Executive,2018-01-16,,5299.0,57,Female,8.69,,2.0,3.0,2.0,3.0,No
E-2221,Rosa Novak,Sales,Account Executive,2020-01-20,,,25,Male,6.68,3.0,3.0,3.0,2.0,3.0,No
E-1627,David Ivanov,Engineering,Data Engineer,2022-04-06,,,37,Female,4.47,3.0,3.0,3.0,3.0,3.0,No
E-1058,Carlos Nakamura,Human Resources,HR Manager,2024-05-31,,4901.0,47,Female,2.32,3.0,2.0,3.0,2.0,3.0,No
E-1435,Rosa Kim,Engineering,QA Analyst,2022-01-09,,7131.0,41,Male,4.71,3.0,3.0,2.0,2.0,2.0,No
E-1200,Vera Kowalski,Engineering,Software Engineer,2022-04-25,,6738.0,34,Male,4.42,3.0,2.0,3.0,,,No
E-1764,Li Kaur,Engineering,Support Engineer,2026-04-14,,7066.0,46,Female,0.45,3.0,3.0,3.0,2.0,,No
E-2118,Noah Nakamura,Sales,Account Executive,2020-06-03,,5493.0,37,Female,6.31,2.0,3.0,3.0,2.0,3.0,No
E-1568,Julia Silva,Engineering,QA Analyst,2026-08-30,,7187.0,32,Male,0.07,3.0,3.0,3.0,2.0,3.0,No
E-1642,Priya Lindgren,Engineering,Data Engineer,2020-01-20,,6702.0,36,Male,6.68,3.0,,3.0,3.0,3.0,No
E-1584,Oscar Duarte,Engineering,QA Analyst,2021-12-18,,6256.0,46,Male,4.77,3.0,3.0,3.0,2.0,2.0,No
E-1367,Paul Okafor,Engineering,QA Analyst,2026-08-16,2026-09-25,6222.0,33,Male,0.11,3.0,2.0,2.0,2.0,2.0,Yes
E-1219,Sofia Ivanov,Engineering,Software Engineer,2025-09-28,,7194.0,38,Male,0.99,3.0,3.0,,2.0,3.0,No
E-2437,Wei O'brien,Sales,Sales Development Rep,2022-07-25,,5947.0,45,Male,4.17,3.0,3.0,2.0,3.0,3.0,No
E-1314,Priya O'brien,Engineering,Software Engineer,2022-02-18,,6409.0,61,Male,4.6,3.0,3.0,3.0,2.0,3.0,No
E-2403,Mei Duarte,Sales,Sales Development Rep,2022-08-27,,5917.0,24,Female,4.08,2.0,3.0,2.0,3.0,3.0,No
E-1468,Fatima Kim,Engineering,QA Analyst,2015-03-05,,8025.0,36,Male,11.56,,3.0,2.0,2.0,3.0,No
E-1730,Carlos Haddad,Engineering,Data Engineer,2022-09-21,,7186.0,29,Male,4.01,3.0,3.0,2.0,2.0,2.0,No
E-1030,Maria Silva,Human Resources,HR Partner,2024-04-20,,4831.0,48,Male,2.43,3.0,3.0,3.0,3.0,3.0,No
E-1399,Sofia Nair,Engineering,QA Analyst,2017-02-25,,6149.0,57,Female,9.58,3.0,3.0,2.0,3.0,3.0,No
E-1125,Kenji Silva,Engineering,Software Engineer,2010-06-26,,5892.0,34,Male,16.25,,3.0,2.0,3.0,,No
E-2056,Fatima Rossi,Sales,Account Executive,2026-05-20,2026-09-25,5786.0,28,Female,0.35,3.0,3.0,3.0,3.0,,Yes
E-1149,Lucas Popescu,Engineering,Software Engineer,2017-07-21,,,34,Female,9.18,2.0,2.0,3.0,2.0,3.0,No
E-2353,John Popescu,Sales,Sales Development Rep,2026-03-26,2026-09-25,5740.0,52,Male,0.5,3.0,3.0,2.0,3.0,3.0,Yes
E-2264,Kenji Popescu,Sales,Account Executive,2021-10-02,,6213.0,47,Female,4.98,3.0,2.0,2.0,2.0,3.0,No
E-1327,Nina Duarte,Engineering,Software Engineer,2023-11-15,,6771.0,37,Male,2.86,2.0,2.0,3.0,3.0,2.0,No
E-2386,Fatima Osei,Sales,Sales Development Rep,2013-06-25,,6965.0,36,Female,13.25,2.0,2.0,2.0,3.0,2.0,No
E-2172,Grace Andersson,Sales,Account Executive,2026-01-09,,6086.0,59,Female,0.71,3.0,3.0,3.0,3.0,3.0,No
E-1332,Talia Farah,Engineering,Software Engineer,2014-05-27,,,28,Female,12.33,3.0,3.0,2.0,3.0,3.0,No
E-1845,Miguel Kaur,Engineering,Support Engineer,2021-11-04,,,35,Female,4.89,3.0,3.0,3.0,3.0,2.0,No
E-1171,Igor Lindgren,Engineering,Software Engineer,2016-11-04,,7067.0,29,Female,9.89,3.0,3.0,3.0,3.0,3.0,No
E-1757,Oscar Novak,Engineering,Support Engineer,2026-08-16,2026-09-25,7256.0,26,Female,0.11,3.0,3.0,3.0,2.0,3.0,Yes
E-1444,Sven Andersson,Engineering,QA Analyst,2022-03-01,,6641.0,34,Female,4.57,3.0,3.0,3.0,,3.0,No
E-2198,David Kim,Sales,Account Executive,2024-08-08,,5885.0,44,Male,2.13,3.0,2.0,3.0,2.0,2.0,No
E-2073,Okafor Novak,Sales,Account Executive,2024-07-17,2026-09-25,6205.0,62,Female,2.19,3.0,3.0,3.0,3.0,3.0,Yes
E-1831,Julia Diallo,Engineering,Support Engineer,2017-02-03,,8011.0,39,Male,9.64,2.0,2.0,2.0,3.0,2.0,No
E-2193,Paul Chen,Sales,Account Executive,2017-01-08,,6831.0,33,Female,9.71,3.0,2.0,3.0,3.0,3.0,No
E-1660,Fatima Kaur,Engineering,Data Engineer,2024-06-03,,6866.0,36,Female,2.31,3.0,3.0,3.0,2.0,3.0,No
E-1553,Lara Smith,Engineering,QA Analyst,2010-05-02,,5705.0,50,Female,16.4,3.0,3.0,2.0,3.0,2.0,No
E-1291,Emma Ivanov,Engineering,Software Engineer,2007-08-27,,6708.0,38,Male,19.08,3.0,3.0,,3.0,2.0,No
E-1077,Julia Kowalski,Engineering,Software Engineer,2024-07-13,2026-09-25,5789.0,41,Male,2.2,,3.0,3.0,2.0,3.0,Yes
E-2394,Rosa Kaur,Sales,Sales Development Rep,2025-09-28,,5864.0,44,Male,0.99,2.0,2.0,2.0,2.0,3.0,No
E-1657,Okafor Nair,Engineering,Data Engineer,2017-09-06,,6863.0,29,Female,9.05,3.0,3.0,3.0,2.0,3.0,No
E-1098,Noah Smith,Engineering,Software Engineer,2022-03-30,2026-09-25,6144.0,50,Female,4.49,3.0,3.0,3.0,,2.0,Yes
E-1715,Umar Weber,Engineering,Data Engineer,2020-07-21,,8055.0,27,Female,6.18,3.0,3.0,3.0,3.0,3.0,No
E-2085,Julia Santos,Sales,Account Executive,2026-01-09,2026-09-25,5821.0,18,Female,0.71,3.0,3.0,2.0,3.0,3.0,Yes
E-2301,Tomas Lindgren,Sales,Account Executive,2016-12-25,,5980.0,65,Female,9.75,2.0,,3.0,3.0,3.0,No
E-1088,Mei Lindgren,Engineering,Software Engineer,2022-03-30,2026-09-25,,19,Male,4.49,3.0,3.0,3.0,3.0,,Yes
E-2391,Priya Smith,Sales,Sales Development Rep,2024-05-20,,5764.0,31,Male,2.35,2.0,2.0,2.0,2.0,3.0,No
E-2191,Priya Garcia,Sales,Account Executive,2016-12-10,,5838.0,43,Male,9.79,2.0,2.0,2.0,3.0,3.0,No
E-1401,Lara Kowalski,Engineering,QA Analyst,2007-07-22,,6327.0,25,Female,19.18,2.0,3.0,3.0,3.0,3.0,No
E-1371,Talia Okafor,Engineering,QA Analyst,2024-02-18,2026-09-25,6729.0,40,Female,2.6,2.0,3.0,2.0,3.0,3.0,Yes
E-2080,Aisha Garcia,Sales,Account Executive,2026-07-21,2026-09-25,5764.0,27,Male,0.18,,3.0,3.0,2.0,2.0,Yes
E-2498,Miguel Okafor,Sales,Sales Manager,2020-03-15,,6457.0,37,Female,6.53,3.0,3.0,3.0,3.0,3.0,No
E-1649,Hana Andersson,Engineering,Data Engineer,2013-12-14,,6691.0,48,Female,12.78,,3.0,3.0,3.0,3.0,No
E-1353,Paul Kowalski,Engineering,QA Analyst,2023-12-18,2026-09-25,,33,Male,2.77,3.0,2.0,2.0,3.0,2.0,Yes
E-1988,Quinn Andersson,Engineering,Engineering Manager,2007-03-30,,7358.0,27,Female,19.49,2.0,3.0,3.0,,3.0,No
E-1166,Priya Wei,Engineering,Software Engineer,2020-08-12,,,38,Female,6.12,3.0,3.0,3.0,2.0,3.0,No
E-2395,Lara Nakamura,Sales,Sales Development Rep,2020-05-27,,5713.0,33,Female,6.33,3.0,3.0,2.0,2.0,3.0,No
E-1176,Rosa Novak,Engineering,Software Engineer,2016-11-04,,6459.0,40,Female,9.89,3.0,3.0,3.0,3.0,2.0,No
E-2490,Anna Rossi,Sales,Sales Manager,2023-10-06,,6492.0,42,Male,2.97,3.0,3.0,3.0,3.0,,No
E-1434,Noah Rossi,Engineering,QA Analyst,2017-10-06,,7295.0,33,Male,8.97,3.0,3.0,3.0,3.0,3.0,No
E-2213,Lara Smith,Sales,Account Executive,2024-07-13,,5829.0,44,Female,2.2,2.0,3.0,2.0,3.0,3.0,No
E-2299,Sven Duarte,Sales,Account Executive,2013-01-23,,6596.0,43,Female,13.67,2.0,3.0,,3.0,3.0,No
E-2229,Sofia Andersson,Sales,Account Executive,2025-10-20,,6498.0,54,Male,0.93,3.0,3.0,3.0,3.0,3.0,No
E-2019,Zoe Popescu,Engineering,Engineering Manager,2020-04-24,,6255.0,35,Male,6.42,3.0,3.0,3.0,3.0,3.0,No
E-1275,Sven Kim,Engineering,Software Engineer,2025-12-14,,,62,Female,0.78,3.0,3.0,3.0,3.0,3.0,No
E-2055,Nina Chen,Sales,Account Executive,2020-06-07,2026-09-25,5016.0,19,Male,6.3,2.0,2.0,2.0,,2.0,Yes
E-1006,Tomas Haddad,Human Resources,HR Partner,2026-08-01,2026-09-25,4278.0,34,Female,0.15,3.0,3.0,3.0,3.0,3.0,Yes
E-2389,Oscar Farah,Sales,Sales Development Rep,2017-08-01,,6224.0,18,Male,9.15,3.0,2.0,2.0,,2.0,No
E-2418,Talia Ivanov,Sales,Sales Development Rep,2017-10-17,,6180.0,42,Female,8.94,3.0,2.0,3.0,3.0,2.0,No
E-2303,Maria Santos,Sales,Account Executive,2022-09-10,,6307.0,28,Female,4.04,2.0,2.0,3.0,3.0,3.0,No
E-1002,Yusuf Chen,Human Resources,HR Partner,2024-02-11,2026-09-25,4296.0,47,Female,2.62,3.0,2.0,2.0,3.0,3.0,Yes
E-1858,Quinn Garcia,Engineering,Support Engineer,2022-02-03,,7277.0,28,Male,4.64,2.0,3.0,3.0,3.0,3.0,No
E-1800,Talia Kaur,Engineering,Support Engineer,2022-05-24,,5860.0,49,Male,4.34,2.0,,3.0,3.0,3.0,No
E-2087,Rosa Okafor,Sales,Account Executive,2025-11-04,2026-09-25,,53,Male,0.89,2.0,,,3.0,2.0,Yes
E-1836,Fatima Smith,Engineering,Support Engineer,2014-07-03,,8274.0,34,Male,12.23,3.0,2.0,3.0,3.0,2.0,No
E-2001,Zoe Farah,Engineering,Engineering Manager,2010-03-01,,6931.0,33,Male,16.57,,,3.0,3.0,3.0,No
E-1094,Mei Okafor,Engineering,Software Engineer,2023-09-29,2026-09-25,6102.0,18,Male,2.99,3.0,3.0,3.0,3.0,3.0,Yes
E-2129,Sven Duarte,Sales,Account Executive,2020-05-27,,6693.0,34,Female,6.33,3.0,3.0,3.0,,3.0,No
E-1617,Okafor Rossi,Engineering,Data Engineer,2024-01-02,,6331.0,47,Male,2.73,3.0,,3.0,2.0,3.0,No
E-1115,Hana Diallo,Engineering,Software Engineer,2022-05-09,,7204.0,50,Female,4.38,,2.0,2.0,3.0,2.0,No
E-1218,John O'brien,Engineering,Software Engineer,2025-12-21,,6981.0,43,Male,0.76,3.0,3.0,3.0,3.0,3.0,No
E-1760,James O'brien,Engineering,Support Engineer,2020-07-13,,7183.0,33,Male,6.2,2.0,2.0,2.0,3.0,3.0,No
E-1378,Miguel Osei,Engineering,QA Analyst,2024-05-09,2026-09-25,5170.0,31,Female,2.38,3.0,3.0,3.0,,3.0,Yes
E-1073,Nadia Weber,Engineering,Software Engineer,2026-05-13,2026-09-25,6216.0,19,Female,0.37,3.0,3.0,3.0,2.0,3.0,Yes
E-2173,Maria Kowalski,Sales,Account Executive,2026-03-01,,5361.0,44,Female,0.57,3.0,2.0,3.0,3.0,3.0,No
E-1025,Paul Smith,Human Resources,HR Partner,2013-01-16,,5668.0,24,Male,13.69,3.0,3.0,2.0,3.0,3.0,No
E-2254,Kenji Novak,Sales,Account Executive,2022-02-18,,5689.0,36,Female,4.6,3.0,2.0,3.0,3.0,3.0,No
E-2025,Lucas Lindgren,Sales,Account Executive,2024-01-02,2026-09-25,6024.0,18,Male,2.73,3.0,2.0,3.0,2.0,2.0,Yes
E-1460,Grace Novak,Engineering,QA Analyst,2026-03-15,,6843.0,46,Female,0.53,3.0,2.0,3.0,3.0,2.0,No
E-1732,Okafor Silva,Engineering,Data Engineer,2026-01-16,,6686.0,37,Male,0.69,3.0,3.0,3.0,3.0,3.0,No
E-1484,Lucas Osei,Engineering,QA Analyst,2026-03-23,,7374.0,37,Male,0.51,2.0,2.0,3.0,3.0,3.0,No
E-1341,Carlos Lindgren,Engineering,QA Analyst,2026-05-09,2026-09-25,5725.0,51,Male,0.38,2.0,3.0,3.0,2.0,2.0,Yes
E-2242,Emma Duarte,Sales,Account Executive,2020-04-09,,6146.0,38,Female,6.46,3.0,3.0,3.0,3.0,3.0,No
E-1766,Tomas Farah,Engineering,Support Engineer,2019-11-04,,,27,Female,6.89,3.0,3.0,2.0,3.0,3.0,No
E-1841,Quinn Okafor,Engineering,Support Engineer,2021-11-08,,6722.0,54,Male,4.88,3.0,2.0,3.0,2.0,2.0,No
E-1422,Lara Nair,Engineering,QA Analyst,2022-05-20,,6567.0,48,Female,4.35,2.0,2.0,2.0,3.0,3.0,No
E-1802,Priya Weber,Engineering,Support Engineer,2025-10-06,,6642.0,61,Male,0.97,3.0,3.0,3.0,3.0,3.0,No
E-1854,Carlos Smith,Engineering,Support Engineer,2022-09-14,,7026.0,33,Male,4.03,2.0,3.0,2.0,2.0,3.0,No
E-1427,Carlos Silva,Engineering,QA Analyst,2020-06-22,,6463.0,45,Female,6.26,3.0,3.0,,3.0,2.0,No
E-1912,Nina Okafor,Engineering,Engineering Lead,2022-03-26,,7523.0,23,Male,4.5,3.0,3.0,3.0,3.0,3.0,No
E-1607,Igor Andersson,Engineering,Data Engineer,2025-12-18,,6664.0,29,Female,0.77,3.0,3.0,3.0,3.0,2.0,No
E-1160,Rosa Nair,Engineering,Software Engineer,2024-08-12,,6891.0,32,Female,2.12,2.0,2.0,3.0,3.0,3.0,No
E-1655,Priya Kaur,Engineering,Data Engineer,2019-10-14,,6096.0,40,Female,6.95,3.0,3.0,2.0,3.0,,No
E-2261,Aisha Duarte,Sales,Account Executive,2024-04-09,,6481.0,36,Male,2.46,3.0,2.0,3.0,3.0,3.0,No
E-1119,Mei Santos,Engineering,Software Engineer,2021-11-22,,7025.0,20,Female,4.84,,,2.0,3.0,3.0,No
E-2349,Okafor Novak,Sales,Account Executive,2013-09-25,,,47,Female,13.0,3.0,2.0,3.0,3.0,3.0,No
E-2139,Petra O'brien,Sales,Account Executive,2020-07-17,,6151.0,42,Female,6.19,2.0,3.0,3.0,,3.0,No
E-2068,Emma Nair,Sales,Account Executive,2022-03-30,2026-09-25,5594.0,32,Male,4.49,3.0,3.0,3.0,3.0,3.0,Yes
E-1980,Julia O'brien,Engineering,Engineering Manager,2024-06-03,,7169.0,54,Male,2.31,2.0,2.0,3.0,3.0,3.0,No
E-1664,Miguel Nakamura,Engineering,Data Engineer,2024-02-29,,7213.0,52,Male,2.57,3.0,3.0,3.0,3.0,3.0,No
E-2119,Priya Lindgren,Sales,Account Executive,2022-08-16,,6413.0,29,Female,4.11,3.0,3.0,3.0,3.0,,No
E-1060,Ivan O'brien,Engineering,Software Engineer,2022-05-24,2026-09-25,5038.0,32,Male,4.34,3.0,3.0,3.0,3.0,,Yes
E-2078,Umar Kowalski,Sales,Account Executive,2025-10-28,2026-09-25,6345.0,42,Female,0.91,2.0,3.0,3.0,2.0,2.0,Yes
E-1473,Wei Nakamura,Engineering,QA Analyst,2020-04-17,,6955.0,31,Male,6.44,3.0,3.0,3.0,3.0,3.0,No
E-1253,Sven Kaur,Engineering,Software Engineer,2013-12-18,,6969.0,49,Male,12.77,2.0,2.0,2.0,3.0,3.0,No
E-2457,Noah Kowalski,Sales,Sales Manager,2020-05-09,,6500.0,43,Female,6.38,2.0,3.0,3.0,2.0,3.0,No
E-1998,Lara Popescu,Engineering,Engineering Manager,2017-06-29,,7399.0,64,Female,9.24,3.0,3.0,,3.0,3.0,No
E-1310,Miguel Popescu,Engineering,Software Engineer,2024-01-24,,8006.0,33,Female,2.67,3.0,3.0,3.0,2.0,3.0,No
E-1724,Grace Lindgren,Engineering,Data Engineer,2015-08-23,,6372.0,55,Female,11.09,3.0,3.0,3.0,2.0,3.0,No
E-1819,Carlos Garcia,Engineering,Support Engineer,2020-07-06,,7367.0,33,Male,6.22,2.0,3.0,3.0,3.0,3.0,No
E-1409,Ivan Weber,Engineering,QA Analyst,2024-05-23,,6501.0,27,Female,2.34,2.0,3.0,2.0,2.0,3.0,No
E-1306,Umar Santos,Engineering,Software Engineer,2024-02-18,,7567.0,28,Male,2.6,3.0,3.0,3.0,2.0,2.0,No
E-1520,Yusuf Farah,Engineering,QA Analyst,2023-11-23,,6356.0,36,Female,2.84,3.0,2.0,2.0,2.0,,No
E-2149,Mei Diallo,Sales,Account Executive,2026-06-07,,6145.0,47,Female,0.3,3.0,3.0,3.0,3.0,3.0,No
E-1909,Tomas Weber,Engineering,Engineering Lead,2021-12-10,,7533.0,46,Female,4.79,3.0,3.0,2.0,3.0,3.0,No
E-2340,Grace Smith,Sales,Account Executive,2020-08-01,,6420.0,31,Male,6.15,3.0,3.0,,3.0,3.0,No
E-2133,Kenji Andersson,Sales,Account Executive,2022-02-22,,6417.0,55,Male,4.59,3.0,2.0,3.0,3.0,3.0,No
E-2348,Ivan Popescu,Sales,Account Executive,2026-03-12,,7067.0,38,Female,0.54,3.0,3.0,3.0,3.0,3.0,No
E-2489,Hana Kaur,Sales,Sales Manager,2018-08-09,,5304.0,38,Male,8.13,2.0,3.0,3.0,3.0,3.0,No
E-2441,Emma Nair,Sales,Sales Development Rep,2015-02-25,,6139.0,35,Male,11.58,3.0,2.0,2.0,3.0,3.0,No
E-1500,Igor Duarte,Engineering,QA Analyst,2022-01-09,,7756.0,23,Female,4.71,3.0,3.0,2.0,3.0,2.0,No
E-2406,Mei Wei,Sales,Sales Development Rep,2006-10-24,,5686.0,59,Male,19.92,2.0,2.0,2.0,2.0,3.0,No
E-2333,Quinn Popescu,Sales,Account Executive,2006-07-25,,,41,Female,20.17,2.0,,2.0,3.0,3.0,No
E-1621,Li Nakamura,Engineering,Data Engineer,2019-12-07,,6509.0,51,Male,6.8,3.0,2.0,3.0,3.0,3.0,No
E-1010,Ivan Garcia,Human Resources,HR Partner,2026-07-07,2026-09-25,,43,Female,0.22,2.0,3.0,3.0,3.0,3.0,Yes
E-1362,Umar Novak,Engineering,QA Analyst,2025-12-10,2026-09-25,,33,Female,0.79,3.0,3.0,,2.0,3.0,Yes
E-1045,Lucas Novak,Human Resources,HR Partner,2021-10-09,,5732.0,47,Female,4.96,2.0,2.0,3.0,3.0,3.0,No
E-1424,Carlos Rossi,Engineering,QA Analyst,2025-11-04,,,47,Female,0.89,,2.0,2.0,3.0,,No
E-1234,Ivan Chen,Engineering,Software Engineer,2005-09-21,,7344.0,33,Male,21.01,3.0,3.0,3.0,3.0,3.0,No
E-1264,James O'brien,Engineering,Software Engineer,2022-08-01,,8225.0,35,Male,4.15,3.0,3.0,3.0,,2.0,No
E-1616,Miguel Wei,Engineering,Data Engineer,2024-08-01,,7981.0,40,Female,2.15,3.0,3.0,3.0,2.0,2.0,No
E-1054,Sven Andersson,Human Resources,HR Manager,2020-07-24,,5451.0,30,Male,6.17,4.0,3.0,3.0,2.0,3.0,No
E-1339,Emma Ivanov,Engineering,Software Engineer,2026-09-07,,7835.0,40,Male,0.05,3.0,3.0,2.0,3.0,3.0,No
E-1296,Carlos Rossi,Engineering,Software Engineer,2020-01-13,,,39,Male,6.7,3.0,3.0,3.0,3.0,2.0,No
E-1014,Nina Okafor,Human Resources,HR Partner,2011-10-24,,5053.0,29,Female,14.92,3.0,3.0,3.0,3.0,2.0,No
E-2072,Vera Farah,Sales,Account Executive,2026-01-23,2026-09-25,5947.0,33,Male,0.67,3.0,,3.0,3.0,3.0,Yes
E-1894,Miguel Okafor,Engineering,Engineering Lead,2022-04-06,,7618.0,40,Female,4.47,2.0,3.0,3.0,3.0,3.0,No
E-2030,Oscar Diallo,Sales,Account Executive,2026-03-12,2026-09-25,6645.0,27,Male,0.54,3.0,,3.0,3.0,3.0,Yes
E-2323,Miguel Kowalski,Sales,Account Executive,2019-11-01,,5876.0,25,Male,6.9,3.0,2.0,3.0,3.0,3.0,No
E-2170,Anna Kowalski,Sales,Account Executive,2022-04-21,,6688.0,47,Female,4.43,2.0,2.0,3.0,2.0,2.0,No
E-1436,Yusuf Andersson,Engineering,QA Analyst,2022-04-10,,7350.0,23,Male,4.46,2.0,3.0,3.0,,2.0,No
E-1907,Ivan Kim,Engineering,Engineering Lead,2026-03-01,,6353.0,24,Male,0.57,3.0,3.0,3.0,3.0,3.0,No
E-1027,Vera Duarte,Human Resources,HR Partner,2026-08-05,,5312.0,35,Female,0.14,3.0,3.0,2.0,3.0,3.0,No
E-1131,Zoe Rossi,Engineering,Software Engineer,2021-11-11,,6489.0,34,Female,4.87,,2.0,3.0,3.0,2.0,No
E-1259,Kenji Haddad,Engineering,Software Engineer,2024-04-24,,6387.0,28,Female,2.42,3.0,3.0,2.0,3.0,3.0,No
E-2248,Rosa Garcia,Sales,Account Executive,2017-03-30,,6322.0,31,Male,9.49,3.0,3.0,3.0,3.0,3.0,No
E-1646,Talia Smith,Engineering,Data Engineer,2020-01-27,,7058.0,31,Female,6.66,3.0,3.0,3.0,3.0,3.0,No
E-2023,Fatima Garcia,Sales,Account Executive,2023-10-03,2026-09-25,6206.0,40,Female,2.98,3.0,2.0,3.0,3.0,3.0,Yes
E-1555,Anna Kaur,Engineering,QA Analyst,2018-01-16,,,39,Female,8.69,2.0,3.0,2.0,3.0,2.0,No
E-1309,Umar Rossi,Engineering,Software Engineer,2024-09-14,,7387.0,34,Male,2.03,3.0,2.0,3.0,2.0,3.0,No
E-1036,Talia Okafor,Human Resources,HR Partner,2020-08-04,,5343.0,37,Female,6.14,3.0,3.0,2.0,3.0,3.0,No
E-2271,Lucas Rossi,Sales,Account Executive,2022-02-03,,6637.0,56,Female,4.64,2.0,3.0,3.0,2.0,3.0,No
E-1525,John Wei,Engineering,QA Analyst,2021-10-20,,6461.0,64,Male,4.93,2.0,2.0,3.0,2.0,2.0,No
E-1095,Anna Kowalski,Engineering,Software Engineer,2026-01-01,2026-09-25,5738.0,38,Female,0.73,3.0,3.0,2.0,2.0,3.0,Yes
E-1386,Lucas Weber,Engineering,QA Analyst,2025-12-21,2026-09-25,6086.0,30,Female,0.76,2.0,3.0,2.0,3.0,2.0,Yes
E-2259,Umar Duarte,Sales,Account Executive,2022-09-18,,6165.0,27,Female,4.02,3.0,2.0,2.0,2.0,2.0,No
E-1019,Aisha Novak,Human Resources,HR Partner,2022-08-01,,4657.0,53,Female,4.15,3.0,2.0,2.0,3.0,3.0,No
E-1020,Kenji Kaur,Human Resources,HR Partner,2025-12-07,,4740.0,32,Female,0.8,2.0,3.0,2.0,3.0,3.0,No
E-2461,Hana Haddad,Sales,Sales Manager,2026-06-18,,6440.0,50,Female,0.27,3.0,3.0,,3.0,3.0,No
E-1458,Carlos Novak,Engineering,QA Analyst,2024-05-27,,6803.0,19,Male,2.33,3.0,,3.0,3.0,3.0,No
E-1405,Anna Okafor,Engineering,QA Analyst,2020-08-19,,7375.0,29,Male,6.1,3.0,3.0,3.0,3.0,3.0,No
E-2165,Sofia Chen,Sales,Account Executive,2017-06-11,,6446.0,43,Female,9.29,3.0,,3.0,,,No
E-1735,Julia Novak,Engineering,Data Engineer,2022-03-15,,6967.0,47,Male,4.53,3.0,2.0,3.0,3.0,3.0,No
E-2476,Li Popescu,Sales,Sales Manager,2024-05-31,,6299.0,39,Male,2.32,3.0,2.0,3.0,3.0,3.0,No
E-1853,Fatima Chen,Engineering,Support Engineer,2026-07-03,,7649.0,42,Male,0.23,3.0,2.0,3.0,2.0,3.0,No
E-1043,Rosa Novak,Human Resources,HR Partner,2016-10-31,,5681.0,43,Male,9.9,2.0,3.0,3.0,3.0,3.0,No
E-2398,Sofia Smith,Sales,Sales Development Rep,2022-04-03,,6454.0,41,Male,4.48,3.0,2.0,3.0,2.0,3.0,No
E-1843,James Garcia,Engineering,Support Engineer,2019-12-29,,,29,Male,6.74,3.0,3.0,2.0,3.0,3.0,No
E-1228,Mei Kim,Engineering,Software Engineer,2024-06-14,,7171.0,39,Female,2.28,2.0,3.0,3.0,3.0,3.0,No
E-2455,Omar Osei,Sales,Sales Manager,2014-11-26,,6063.0,30,Male,11.83,2.0,3.0,3.0,,3.0,No
E-2451,Umar Nakamura,Sales,Sales Manager,2025-11-26,2026-09-25,5414.0,37,Male,0.83,2.0,3.0,3.0,3.0,3.0,Yes
E-1096,Noah Garcia,Engineering,Software Engineer,2020-09-17,2026-09-25,5194.0,25,Female,6.02,3.0,3.0,2.0,3.0,2.0,Yes
E-1483,Sven Nakamura,Engineering,QA Analyst,2026-01-05,,7081.0,48,Male,0.72,2.0,2.0,,3.0,3.0,No
E-1198,John Haddad,Engineering,Software Engineer,2022-08-30,,7635.0,36,Female,4.07,3.0,3.0,2.0,3.0,2.0,No
E-1101,Fatima Okafor,Engineering,Software Engineer,2020-07-21,,6869.0,50,Female,6.18,3.0,3.0,3.0,3.0,3.0,No
E-2314,Lucas Garcia,Sales,Account Executive,2024-01-16,,5846.0,27,Male,2.69,3.0,3.0,3.0,3.0,3.0,No
E-1178,Vera Weber,Engineering,Software Engineer,2019-11-30,,6566.0,43,Female,6.82,3.0,3.0,3.0,2.0,3.0,No
E-2153,Noah Kowalski,Sales,Account Executive,2024-01-16,,6265.0,45,Female,2.69,3.0,3.0,3.0,3.0,2.0,No
E-2244,Yusuf Nair,Sales,Account Executive,2024-09-14,,5900.0,62,Male,2.03,2.0,3.0,3.0,3.0,3.0,No
E-1876,Paul Silva,Engineering,Engineering Lead,2026-08-27,2026-09-25,5301.0,42,Male,0.08,3.0,3.0,3.0,3.0,3.0,Yes
E-2361,Mei O'brien,Sales,Sales Development Rep,2020-01-31,2026-09-25,6058.0,20,Male,6.65,3.0,3.0,3.0,2.0,,Yes
E-2335,Vera Farah,Sales,Account Executive,2022-05-06,,6133.0,21,Male,4.39,3.0,3.0,3.0,3.0,3.0,No
E-2174,Talia Kim,Sales,Account Executive,2026-08-16,,5639.0,47,Female,0.11,,3.0,2.0,3.0,3.0,No
E-2463,Noah Nakamura,Sales,Sales Manager,2022-04-21,,5875.0,34,Male,4.43,2.0,3.0,3.0,2.0,2.0,No
E-1662,Aisha Nair,Engineering,Data Engineer,2020-03-15,,,55,Male,6.53,3.0,3.0,3.0,3.0,2.0,No
E-1790,Lucas Osei,Engineering,Support Engineer,2018-01-23,,7056.0,57,Male,8.67,2.0,3.0,2.0,3.0,3.0,No
E-2004,Carlos Popescu,Engineering,Engineering Manager,2026-08-23,,,30,Female,0.09,3.0,3.0,2.0,3.0,2.0,No
E-1395,Anna Haddad,Engineering,QA Analyst,2024-06-18,2026-09-25,5935.0,63,Female,2.27,2.0,2.0,3.0,2.0,2.0,Yes
E-2433,Rosa Kim,Sales,Sales Development Rep,2022-03-15,,6518.0,37,Female,4.53,2.0,,3.0,3.0,3.0,No
E-2108,Fatima Kim,Sales,Account Executive,2021-11-15,,5874.0,28,Male,4.86,3.0,,3.0,3.0,2.0,No
E-1381,Noah Kaur,Engineering,QA Analyst,2016-10-05,2026-09-25,,56,Male,9.97,2.0,3.0,2.0,,3.0,Yes
E-2215,Rosa O'brien,Sales,Account Executive,2014-09-10,,6527.0,28,Female,12.04,3.0,3.0,3.0,3.0,2.0,No
E-2393,Priya Okafor,Sales,Sales Development Rep,2026-03-19,,6105.0,45,Male,0.52,2.0,,2.0,3.0,3.0,No
E-2120,Carlos Kowalski,Sales,Account Executive,2024-04-02,,5622.0,20,Male,2.48,3.0,2.0,3.0,3.0,3.0,No
E-1416,Quinn Lindgren,Engineering,QA Analyst,2023-11-30,,5461.0,40,Male,2.82,2.0,2.0,3.0,3.0,3.0,No
E-1698,Talia Duarte,Engineering,Data Engineer,2023-10-06,,,33,Female,2.97,3.0,3.0,3.0,3.0,2.0,No
E-1667,Hana Chen,Engineering,Data Engineer,2024-09-17,,7150.0,56,Female,2.02,,3.0,3.0,3.0,3.0,No
E-1753,John Kowalski,Engineering,Support Engineer,2022-05-20,2026-09-25,,34,Male,4.35,3.0,2.0,3.0,3.0,3.0,Yes
E-1039,Miguel Silva,Human Resources,HR Partner,2016-10-09,,5445.0,32,Female,9.96,2.0,2.0,2.0,3.0,,No
E-1651,John Wei,Engineering,Data Engineer,2021-11-15,,6347.0,22,Male,4.86,3.0,3.0,3.0,2.0,2.0,No
E-2212,Petra Ivanov,Sales,Account Executive,2022-08-01,,5547.0,49,Male,4.15,2.0,3.0,3.0,,3.0,No
E-1969,Rosa Andersson,Engineering,Engineering Manager,2017-10-24,,7394.0,45,Male,8.92,2.0,3.0,2.0,3.0,3.0,No
E-1533,Lara Nakamura,Engineering,QA Analyst,2024-09-06,,7186.0,26,Male,2.05,2.0,,3.0,2.0,3.0,No
E-2459,Li Kaur,Sales,Sales Manager,2020-05-23,,,33,Female,6.34,3.0,2.0,2.0,,3.0,No
E-1974,Rosa O'brien,Engineering,Engineering Manager,2017-10-31,,6477.0,37,Female,8.9,3.0,2.0,2.0,3.0,2.0,No
E-1923,Miguel Wei,Engineering,Engineering Lead,2022-05-24,,6713.0,35,Male,4.34,3.0,2.0,2.0,3.0,3.0,No
E-1978,Vera Chen,Engineering,Engineering Manager,2022-05-31,,,49,Female,4.32,3.0,3.0,3.0,3.0,3.0,No
E-2131,Paul Osei,Sales,Account Executive,2020-07-06,,5956.0,43,Female,6.22,3.0,3.0,3.0,3.0,3.0,No
E-1203,Ivan Nakamura,Engineering,Software Engineer,2017-10-24,,7719.0,38,Male,8.92,3.0,3.0,3.0,3.0,3.0,No
E-1298,Wei Chen,Engineering,Software Engineer,2022-08-30,,7033.0,40,Male,4.07,3.0,2.0,3.0,3.0,2.0,No
E-1946,Umar Kowalski,Engineering,Engineering Lead,2016-09-28,,6642.0,25,Male,9.99,3.0,3.0,3.0,3.0,3.0,No
E-1849,Tomas Ivanov,Engineering,Support Engineer,2013-05-27,,,39,Female,13.33,3.0,,3.0,3.0,3.0,No
E-1453,Grace Santos,Engineering,QA Analyst,2024-07-13,,7914.0,63,Male,2.2,2.0,2.0,2.0,3.0,3.0,No
E-1357,Carlos Diallo,Engineering,QA Analyst,2018-03-15,2026-09-25,5543.0,41,Male,8.53,2.0,3.0,3.0,2.0,3.0,Yes
E-1743,Miguel Kowalski,Engineering,Support Engineer,2023-12-18,2026-09-25,6526.0,25,Female,2.77,2.0,2.0,3.0,3.0,3.0,Yes
E-1659,Tomas Farah,Engineering,Data Engineer,2026-02-14,,6540.0,36,Male,0.61,3.0,2.0,3.0,3.0,3.0,No
E-1495,James Weber,Engineering,QA Analyst,2026-02-22,,6183.0,53,Male,0.59,3.0,3.0,3.0,2.0,3.0,No
E-1136,Oscar Weber,Engineering,Software Engineer,2026-08-16,,5938.0,41,Male,0.11,3.0,2.0,3.0,2.0,3.0,No
E-2110,Petra O'brien,Sales,Account Executive,2023-11-23,,6569.0,32,Female,2.84,2.0,2.0,3.0,2.0,2.0,No
E-1325,Lara Haddad,Engineering,Software Engineer,2022-06-15,,6832.0,46,Female,4.28,3.0,2.0,,3.0,2.0,No
E-1508,Tomas Novak,Engineering,QA Analyst,2017-02-25,,6277.0,39,Female,9.58,2.0,3.0,3.0,2.0,3.0,No
E-1870,Rosa Nakamura,Engineering,Engineering Lead,2022-04-21,2026-09-25,6533.0,19,Male,4.43,2.0,3.0,2.0,3.0,2.0,Yes
E-2385,Miguel Weber,Sales,Sales Development Rep,2026-08-05,,6494.0,32,Male,0.14,3.0,3.0,3.0,3.0,3.0,No
E-1417,Ivan Duarte,Engineering,QA Analyst,2008-06-11,,7134.0,33,Female,18.29,2.0,3.0,2.0,3.0,3.0,No
E-1364,Sven Lindgren,Engineering,QA Analyst,2026-08-27,2026-09-25,5531.0,45,Male,0.08,2.0,3.0,,3.0,3.0,Yes
E-1177,Oscar Smith,Engineering,Software Engineer,2011-11-08,,6438.0,35,Male,14.88,3.0,3.0,2.0,,2.0,No
E-2485,John Kaur,Sales,Sales Manager,2024-09-25,,6045.0,47,Male,2.0,2.0,3.0,3.0,3.0,3.0,No
E-2097,Lara Chen,Sales,Account Executive,2022-07-10,,5549.0,58,Female,4.21,2.0,3.0,,3.0,2.0,No
E-1231,Lucas Nair,Engineering,Software Engineer,2016-12-14,,7216.0,42,Male,9.78,3.0,3.0,3.0,3.0,2.0,No
E-1285,Lucas O'brien,Engineering,Software Engineer,2019-10-10,,6917.0,46,Male,6.96,3.0,3.0,3.0,2.0,,No
E-2116,Zoe Nair,Sales,Account Executive,2012-02-18,,5777.0,65,Female,14.6,,,3.0,3.0,3.0,No
E-1382,Julia Santos,Engineering,QA Analyst,2023-09-25,2026-09-25,5532.0,42,Male,3.0,2.0,,3.0,3.0,2.0,Yes
E-1254,Tomas Haddad,Engineering,Software Engineer,2020-04-06,,6729.0,51,Male,6.47,3.0,3.0,2.0,2.0,3.0,No
E-1625,Nina Garcia,Engineering,Data Engineer,2026-05-17,,6774.0,32,Male,0.36,3.0,2.0,3.0,3.0,2.0,No
E-1712,Sven Rossi,Engineering,Data Engineer,2024-04-17,,,32,Male,2.44,3.0,3.0,2.0,3.0,3.0,No
E-1181,Lara Okafor,Engineering,Software Engineer,2025-12-21,,7749.0,43,Male,0.76,2.0,3.0,,3.0,2.0,No
E-1111,Sofia Popescu,Engineering,Software Engineer,2012-03-26,,7547.0,30,Female,14.5,3.0,2.0,3.0,2.0,3.0,No
E-1153,Julia Nair,Engineering,Software Engineer,2026-04-14,,6179.0,45,Male,0.45,3.0,3.0,3.0,3.0,3.0,No
E-1768,Li Popescu,Engineering,Support Engineer,2017-12-18,,7325.0,48,Female,8.77,3.0,3.0,3.0,2.0,3.0,No
E-1278,Talia Smith,Engineering,Software Engineer,2021-11-29,,,25,Male,4.82,3.0,3.0,3.0,3.0,2.0,No
E-2365,Umar Okafor,Sales,Sales Development Rep,2024-01-09,2026-09-25,6109.0,37,Female,2.71,2.0,3.0,3.0,2.0,,Yes
E-1528,Igor Wei,Engineering,QA Analyst,2024-02-15,,6384.0,50,Male,2.61,2.0,2.0,2.0,2.0,2.0,No
E-2227,Talia Novak,Sales,Account Executive,2022-07-25,,5302.0,35,Female,4.17,,2.0,2.0,2.0,3.0,No
E-1641,Igor Garcia,Engineering,Data Engineer,2023-11-30,,6774.0,48,Male,2.82,3.0,3.0,3.0,3.0,2.0,No
E-1987,Vera Okafor,Engineering,Engineering Manager,2022-03-08,,6521.0,48,Male,4.55,3.0,3.0,2.0,3.0,3.0,No
E-1523,David Duarte,Engineering,QA Analyst,2020-04-09,,7890.0,60,Male,6.46,3.0,3.0,3.0,3.0,2.0,No
E-1691,Miguel Haddad,Engineering,Data Engineer,2020-03-11,,6939.0,43,Female,6.54,3.0,2.0,2.0,3.0,3.0,No
E-1586,Emma Osei,Engineering,QA Analyst,2019-12-15,,7662.0,26,Female,6.78,2.0,2.0,2.0,2.0,,No
E-2083,Zoe Haddad,Sales,Account Executive,2008-07-21,2026-09-25,,37,Female,18.18,3.0,3.0,,2.0,3.0,Yes
E-2487,Oscar Kowalski,Sales,Sales Manager,2012-07-06,,,28,Female,14.22,3.0,3.0,3.0,3.0,2.0,No
E-1459,Okafor Nakamura,Engineering,QA Analyst,2020-02-22,,6133.0,27,Male,6.59,2.0,3.0,3.0,2.0,3.0,No
E-1370,James Nakamura,Engineering,QA Analyst,2019-11-23,2026-09-25,5668.0,31,Male,6.84,2.0,2.0,3.0,3.0,2.0,Yes
E-1083,James Nair,Engineering,Software Engineer,2022-01-27,2026-09-25,,40,Male,4.66,3.0,3.0,3.0,3.0,2.0,Yes
E-1731,Igor O'brien,Engineering,Data Engineer,2024-02-15,,6812.0,50,Female,2.61,3.0,3.0,3.0,3.0,3.0,No
E-1235,David Rossi,Engineering,Software Engineer,2009-11-29,,6453.0,39,Male,16.82,3.0,3.0,3.0,3.0,3.0,No
E-1866,Lara Nakamura,Engineering,Support Engineer,2026-04-28,,7009.0,34,Male,0.41,3.0,3.0,3.0,2.0,3.0,No
E-1404,Paul Ivanov,Engineering,QA Analyst,2024-01-06,,6985.0,46,Female,2.72,,,3.0,2.0,3.0,No
E-2220,Quinn Kowalski,Sales,Account Executive,2018-06-26,,6266.0,38,Female,8.25,2.0,3.0,2.0,3.0,3.0,No
E-2255,Mei Popescu,Sales,Account Executive,2024-09-21,,6610.0,55,Female,2.01,3.0,3.0,3.0,3.0,3.0,No
E-1033,Fatima Silva,Human Resources,HR Partner,2019-12-15,,5824.0,40,Male,6.78,3.0,3.0,3.0,2.0,3.0,No
E-2161,Nadia Lindgren,Sales,Account Executive,2024-01-06,,6224.0,38,Male,2.72,3.0,3.0,3.0,3.0,3.0,No
E-2371,Priya Novak,Sales,Sales Development Rep,2020-05-27,2026-09-25,5789.0,56,Female,6.33,,2.0,2.0,2.0,3.0,Yes
E-2419,Mei Farah,Sales,Sales Development Rep,2022-04-25,,6969.0,44,Female,4.42,3.0,3.0,3.0,3.0,3.0,No
E-1685,Sofia Lindgren,Engineering,Data Engineer,2020-06-11,,6846.0,46,Female,6.29,,3.0,3.0,3.0,2.0,No
E-1499,Okafor Santos,Engineering,QA Analyst,2022-01-01,,5852.0,46,Male,4.73,2.0,,3.0,3.0,3.0,No
E-1830,Quinn Okafor,Engineering,Support Engineer,2019-12-18,,7097.0,32,Male,6.77,2.0,2.0,3.0,3.0,3.0,No
E-1693,Omar Farah,Engineering,Data Engineer,2020-07-21,,6244.0,20,Male,6.18,3.0,2.0,3.0,3.0,3.0,No
E-2443,Julia Silva,Sales,Sales Development Rep,2026-08-01,,5911.0,24,Male,0.15,2.0,,2.0,3.0,3.0,No
E-2104,Emma Wei,Sales,Account Executive,2024-07-21,,6274.0,28,Male,2.18,3.0,3.0,3.0,2.0,3.0,No
E-1447,Omar Duarte,Engineering,QA Analyst,2026-08-12,,7683.0,44,Male,0.12,3.0,3.0,2.0,3.0,2.0,No
E-2387,Yusuf Kim,Sales,Sales Development Rep,2024-07-21,,6429.0,49,Male,2.18,3.0,,2.0,2.0,3.0,No
E-1238,Mei Weber,Engineering,Software Engineer,2022-08-12,,,26,Male,4.12,3.0,,3.0,2.0,3.0,No
E-1516,Ivan Kowalski,Engineering,QA Analyst,2024-02-22,,6636.0,41,Female,2.59,3.0,2.0,2.0,2.0,2.0,No
E-1967,Omar Rossi,Engineering,Engineering Manager,2022-01-27,,6680.0,43,Male,4.66,3.0,3.0,2.0,2.0,,No
E-1624,James Kaur,Engineering,Data Engineer,2019-11-23,,6875.0,48,Female,6.84,3.0,2.0,3.0,3.0,3.0,No
E-1351,Mei Kaur,Engineering,QA Analyst,2026-07-21,2026-09-25,6349.0,23,Female,0.18,,,2.0,2.0,,Yes
E-1752,Igor Andersson,Engineering,Support Engineer,2026-08-16,2026-09-25,6584.0,25,Female,0.11,2.0,3.0,2.0,3.0,,Yes
E-1133,Rosa Nakamura,Engineering,Software Engineer,2024-01-13,,7628.0,34,Male,2.7,2.0,2.0,3.0,3.0,3.0,No
E-1747,Paul Kowalski,Engineering,Support Engineer,2026-07-18,2026-09-25,6413.0,33,Male,0.19,3.0,3.0,3.0,3.0,2.0,Yes
E-2003,David Diallo,Engineering,Engineering Manager,2020-09-10,,6508.0,36,Male,6.04,3.0,3.0,3.0,3.0,3.0,No
E-1569,Sofia Okafor,Engineering,QA Analyst,2024-07-10,,7336.0,49,Male,2.21,3.0,2.0,2.0,3.0,2.0,No
E-2202,David Novak,Sales,Account Executive,2024-01-06,,5514.0,50,Female,2.72,3.0,3.0,3.0,3.0,3.0,No
E-2308,Li Wei,Sales,Account Executive,2025-10-13,,5125.0,26,Female,0.95,3.0,3.0,3.0,2.0,3.0,No
E-2113,Hana Silva,Sales,Account Executive,2018-04-25,,6324.0,26,Female,8.42,3.0,3.0,,,3.0,No
E-2070,Julia O'brien,Sales,Account Executive,2026-08-23,2026-09-25,5120.0,63,Male,0.09,3.0,3.0,,3.0,3.0,Yes
E-1252,Zoe Lindgren,Engineering,Software Engineer,2022-01-20,,6769.0,31,Male,4.68,3.0,3.0,3.0,3.0,3.0,No
